# T80U — parametric 8x8 APC
# Authored by tools/build_btr_model.py — a parametric solid.
# Metres; +x forward, +y up, +z right; origin on the ground.
v -3.5000 0.4500 -1.3536
v -3.5000 0.6950 -1.3874
v -3.1500 0.6950 -1.4760
v -3.1500 0.4500 -1.4400
v -3.5000 0.6950 -1.3874
v -3.5000 1.0100 -1.2521
v -3.1500 1.0100 -1.3320
v -3.1500 0.6950 -1.4760
v -3.5000 1.0100 -1.2521
v -3.5000 1.1500 -1.2521
v -3.1500 1.1500 -1.3320
v -3.1500 1.0100 -1.3320
v -3.5000 1.1500 -1.2521
v -3.5000 1.1500 1.2521
v -3.1500 1.1500 1.3320
v -3.1500 1.1500 -1.3320
v -3.5000 1.1500 1.2521
v -3.5000 1.0100 1.2521
v -3.1500 1.0100 1.3320
v -3.1500 1.1500 1.3320
v -3.5000 1.0100 1.2521
v -3.5000 0.6950 1.3874
v -3.1500 0.6950 1.4760
v -3.1500 1.0100 1.3320
v -3.5000 0.6950 1.3874
v -3.5000 0.4500 1.3536
v -3.1500 0.4500 1.4400
v -3.1500 0.6950 1.4760
v -3.5000 0.4500 1.3536
v -3.5000 0.4500 -1.3536
v -3.1500 0.4500 -1.4400
v -3.1500 0.4500 1.4400
v -3.1500 0.4500 -1.4400
v -3.1500 0.6950 -1.4760
v 2.1700 0.6950 -1.4760
v 2.1700 0.4500 -1.4400
v -3.1500 0.6950 -1.4760
v -3.1500 1.0100 -1.3320
v 2.1700 1.0100 -1.3320
v 2.1700 0.6950 -1.4760
v -3.1500 1.0100 -1.3320
v -3.1500 1.1500 -1.3320
v 2.1700 1.1500 -1.3320
v 2.1700 1.0100 -1.3320
v -3.1500 1.1500 -1.3320
v -3.1500 1.1500 1.3320
v 2.1700 1.1500 1.3320
v 2.1700 1.1500 -1.3320
v -3.1500 1.1500 1.3320
v -3.1500 1.0100 1.3320
v 2.1700 1.0100 1.3320
v 2.1700 1.1500 1.3320
v -3.1500 1.0100 1.3320
v -3.1500 0.6950 1.4760
v 2.1700 0.6950 1.4760
v 2.1700 1.0100 1.3320
v -3.1500 0.6950 1.4760
v -3.1500 0.4500 1.4400
v 2.1700 0.4500 1.4400
v 2.1700 0.6950 1.4760
v -3.1500 0.4500 1.4400
v -3.1500 0.4500 -1.4400
v 2.1700 0.4500 -1.4400
v 2.1700 0.4500 1.4400
v 2.1700 0.4500 -1.4400
v 2.1700 0.6950 -1.4760
v 2.9400 0.6950 -1.4465
v 2.9400 0.6100 -1.4112
v 2.1700 0.6950 -1.4760
v 2.1700 1.0100 -1.3320
v 2.9400 1.0100 -1.3054
v 2.9400 0.6950 -1.4465
v 2.1700 1.0100 -1.3320
v 2.1700 1.1500 -1.3320
v 2.9400 1.1500 -1.3054
v 2.9400 1.0100 -1.3054
v 2.1700 1.1500 -1.3320
v 2.1700 1.1500 1.3320
v 2.9400 1.1500 1.3054
v 2.9400 1.1500 -1.3054
v 2.1700 1.1500 1.3320
v 2.1700 1.0100 1.3320
v 2.9400 1.0100 1.3054
v 2.9400 1.1500 1.3054
v 2.1700 1.0100 1.3320
v 2.1700 0.6950 1.4760
v 2.9400 0.6950 1.4465
v 2.9400 1.0100 1.3054
v 2.1700 0.6950 1.4760
v 2.1700 0.4500 1.4400
v 2.9400 0.6100 1.4112
v 2.9400 0.6950 1.4465
v 2.1700 0.4500 1.4400
v 2.1700 0.4500 -1.4400
v 2.9400 0.6100 -1.4112
v 2.9400 0.6100 1.4112
v 2.9400 0.6100 -1.4112
v 2.9400 0.6950 -1.4465
v 3.5000 0.6950 -1.2694
v 3.5000 1.0000 -1.2384
v 2.9400 0.6950 -1.4465
v 2.9400 1.0100 -1.3054
v 3.5000 1.0100 -1.1455
v 3.5000 0.6950 -1.2694
v 2.9400 1.0100 -1.3054
v 2.9400 1.1500 -1.3054
v 3.5000 1.0500 -1.1455
v 3.5000 1.0100 -1.1455
v 2.9400 1.1500 -1.3054
v 2.9400 1.1500 1.3054
v 3.5000 1.0500 1.1455
v 3.5000 1.0500 -1.1455
v 2.9400 1.1500 1.3054
v 2.9400 1.0100 1.3054
v 3.5000 1.0100 1.1455
v 3.5000 1.0500 1.1455
v 2.9400 1.0100 1.3054
v 2.9400 0.6950 1.4465
v 3.5000 0.6950 1.2694
v 3.5000 1.0100 1.1455
v 2.9400 0.6950 1.4465
v 2.9400 0.6100 1.4112
v 3.5000 1.0000 1.2384
v 3.5000 0.6950 1.2694
v 2.9400 0.6100 1.4112
v 2.9400 0.6100 -1.4112
v 3.5000 1.0000 -1.2384
v 3.5000 1.0000 1.2384
v -3.5000 0.8262 0.0000
v -3.5000 0.6950 -1.3874
v -3.5000 0.4500 -1.3536
v -3.5000 0.8262 0.0000
v -3.5000 1.0100 -1.2521
v -3.5000 0.6950 -1.3874
v -3.5000 0.8262 0.0000
v -3.5000 1.1500 -1.2521
v -3.5000 1.0100 -1.2521
v -3.5000 0.8262 0.0000
v -3.5000 1.1500 1.2521
v -3.5000 1.1500 -1.2521
v -3.5000 0.8262 0.0000
v -3.5000 1.0100 1.2521
v -3.5000 1.1500 1.2521
v -3.5000 0.8262 0.0000
v -3.5000 0.6950 1.3874
v -3.5000 1.0100 1.2521
v -3.5000 0.8262 0.0000
v -3.5000 0.4500 1.3536
v -3.5000 0.6950 1.3874
v -3.5000 0.8262 0.0000
v -3.5000 0.4500 -1.3536
v -3.5000 0.4500 1.3536
v 3.5000 0.9387 0.0000
v 3.5000 1.0000 -1.2384
v 3.5000 0.6950 -1.2694
v 3.5000 0.9387 0.0000
v 3.5000 0.6950 -1.2694
v 3.5000 1.0100 -1.1455
v 3.5000 0.9387 0.0000
v 3.5000 1.0100 -1.1455
v 3.5000 1.0500 -1.1455
v 3.5000 0.9387 0.0000
v 3.5000 1.0500 -1.1455
v 3.5000 1.0500 1.1455
v 3.5000 0.9387 0.0000
v 3.5000 1.0500 1.1455
v 3.5000 1.0100 1.1455
v 3.5000 0.9387 0.0000
v 3.5000 1.0100 1.1455
v 3.5000 0.6950 1.2694
v 3.5000 0.9387 0.0000
v 3.5000 0.6950 1.2694
v 3.5000 1.0000 1.2384
v 3.5000 0.9387 0.0000
v 3.5000 1.0000 1.2384
v 3.5000 1.0000 -1.2384
v -2.4000 0.3300 1.2000
v -2.4251 0.4563 1.2000
v -2.4251 0.4563 1.8000
v -2.4000 0.3300 1.8000
v -2.4251 0.4563 1.2000
v -2.4967 0.5633 1.2000
v -2.4967 0.5633 1.8000
v -2.4251 0.4563 1.8000
v -2.4967 0.5633 1.2000
v -2.6037 0.6349 1.2000
v -2.6037 0.6349 1.8000
v -2.4967 0.5633 1.8000
v -2.6037 0.6349 1.2000
v -2.7300 0.6600 1.2000
v -2.7300 0.6600 1.8000
v -2.6037 0.6349 1.8000
v -2.7300 0.6600 1.2000
v -2.8563 0.6349 1.2000
v -2.8563 0.6349 1.8000
v -2.7300 0.6600 1.8000
v -2.8563 0.6349 1.2000
v -2.9633 0.5633 1.2000
v -2.9633 0.5633 1.8000
v -2.8563 0.6349 1.8000
v -2.9633 0.5633 1.2000
v -3.0349 0.4563 1.2000
v -3.0349 0.4563 1.8000
v -2.9633 0.5633 1.8000
v -3.0349 0.4563 1.2000
v -3.0600 0.3300 1.2000
v -3.0600 0.3300 1.8000
v -3.0349 0.4563 1.8000
v -3.0600 0.3300 1.2000
v -3.0349 0.2037 1.2000
v -3.0349 0.2037 1.8000
v -3.0600 0.3300 1.8000
v -3.0349 0.2037 1.2000
v -2.9633 0.0967 1.2000
v -2.9633 0.0967 1.8000
v -3.0349 0.2037 1.8000
v -2.9633 0.0967 1.2000
v -2.8563 0.0251 1.2000
v -2.8563 0.0251 1.8000
v -2.9633 0.0967 1.8000
v -2.8563 0.0251 1.2000
v -2.7300 0.0000 1.2000
v -2.7300 0.0000 1.8000
v -2.8563 0.0251 1.8000
v -2.7300 0.0000 1.2000
v -2.6037 0.0251 1.2000
v -2.6037 0.0251 1.8000
v -2.7300 0.0000 1.8000
v -2.6037 0.0251 1.2000
v -2.4967 0.0967 1.2000
v -2.4967 0.0967 1.8000
v -2.6037 0.0251 1.8000
v -2.4967 0.0967 1.2000
v -2.4251 0.2037 1.2000
v -2.4251 0.2037 1.8000
v -2.4967 0.0967 1.8000
v -2.4251 0.2037 1.2000
v -2.4000 0.3300 1.2000
v -2.4000 0.3300 1.8000
v -2.4251 0.2037 1.8000
v -2.7300 0.3300 1.2000
v -2.4251 0.4563 1.2000
v -2.4000 0.3300 1.2000
v -2.7300 0.3300 1.8000
v -2.4000 0.3300 1.8000
v -2.4251 0.4563 1.8000
v -2.7300 0.3300 1.2000
v -2.4967 0.5633 1.2000
v -2.4251 0.4563 1.2000
v -2.7300 0.3300 1.8000
v -2.4251 0.4563 1.8000
v -2.4967 0.5633 1.8000
v -2.7300 0.3300 1.2000
v -2.6037 0.6349 1.2000
v -2.4967 0.5633 1.2000
v -2.7300 0.3300 1.8000
v -2.4967 0.5633 1.8000
v -2.6037 0.6349 1.8000
v -2.7300 0.3300 1.2000
v -2.7300 0.6600 1.2000
v -2.6037 0.6349 1.2000
v -2.7300 0.3300 1.8000
v -2.6037 0.6349 1.8000
v -2.7300 0.6600 1.8000
v -2.7300 0.3300 1.2000
v -2.8563 0.6349 1.2000
v -2.7300 0.6600 1.2000
v -2.7300 0.3300 1.8000
v -2.7300 0.6600 1.8000
v -2.8563 0.6349 1.8000
v -2.7300 0.3300 1.2000
v -2.9633 0.5633 1.2000
v -2.8563 0.6349 1.2000
v -2.7300 0.3300 1.8000
v -2.8563 0.6349 1.8000
v -2.9633 0.5633 1.8000
v -2.7300 0.3300 1.2000
v -3.0349 0.4563 1.2000
v -2.9633 0.5633 1.2000
v -2.7300 0.3300 1.8000
v -2.9633 0.5633 1.8000
v -3.0349 0.4563 1.8000
v -2.7300 0.3300 1.2000
v -3.0600 0.3300 1.2000
v -3.0349 0.4563 1.2000
v -2.7300 0.3300 1.8000
v -3.0349 0.4563 1.8000
v -3.0600 0.3300 1.8000
v -2.7300 0.3300 1.2000
v -3.0349 0.2037 1.2000
v -3.0600 0.3300 1.2000
v -2.7300 0.3300 1.8000
v -3.0600 0.3300 1.8000
v -3.0349 0.2037 1.8000
v -2.7300 0.3300 1.2000
v -2.9633 0.0967 1.2000
v -3.0349 0.2037 1.2000
v -2.7300 0.3300 1.8000
v -3.0349 0.2037 1.8000
v -2.9633 0.0967 1.8000
v -2.7300 0.3300 1.2000
v -2.8563 0.0251 1.2000
v -2.9633 0.0967 1.2000
v -2.7300 0.3300 1.8000
v -2.9633 0.0967 1.8000
v -2.8563 0.0251 1.8000
v -2.7300 0.3300 1.2000
v -2.7300 0.0000 1.2000
v -2.8563 0.0251 1.2000
v -2.7300 0.3300 1.8000
v -2.8563 0.0251 1.8000
v -2.7300 0.0000 1.8000
v -2.7300 0.3300 1.2000
v -2.6037 0.0251 1.2000
v -2.7300 0.0000 1.2000
v -2.7300 0.3300 1.8000
v -2.7300 0.0000 1.8000
v -2.6037 0.0251 1.8000
v -2.7300 0.3300 1.2000
v -2.4967 0.0967 1.2000
v -2.6037 0.0251 1.2000
v -2.7300 0.3300 1.8000
v -2.6037 0.0251 1.8000
v -2.4967 0.0967 1.8000
v -2.7300 0.3300 1.2000
v -2.4251 0.2037 1.2000
v -2.4967 0.0967 1.2000
v -2.7300 0.3300 1.8000
v -2.4967 0.0967 1.8000
v -2.4251 0.2037 1.8000
v -2.7300 0.3300 1.2000
v -2.4000 0.3300 1.2000
v -2.4251 0.2037 1.2000
v -2.7300 0.3300 1.8000
v -2.4251 0.2037 1.8000
v -2.4000 0.3300 1.8000
v -1.3080 0.3300 1.2000
v -1.3331 0.4563 1.2000
v -1.3331 0.4563 1.8000
v -1.3080 0.3300 1.8000
v -1.3331 0.4563 1.2000
v -1.4047 0.5633 1.2000
v -1.4047 0.5633 1.8000
v -1.3331 0.4563 1.8000
v -1.4047 0.5633 1.2000
v -1.5117 0.6349 1.2000
v -1.5117 0.6349 1.8000
v -1.4047 0.5633 1.8000
v -1.5117 0.6349 1.2000
v -1.6380 0.6600 1.2000
v -1.6380 0.6600 1.8000
v -1.5117 0.6349 1.8000
v -1.6380 0.6600 1.2000
v -1.7643 0.6349 1.2000
v -1.7643 0.6349 1.8000
v -1.6380 0.6600 1.8000
v -1.7643 0.6349 1.2000
v -1.8713 0.5633 1.2000
v -1.8713 0.5633 1.8000
v -1.7643 0.6349 1.8000
v -1.8713 0.5633 1.2000
v -1.9429 0.4563 1.2000
v -1.9429 0.4563 1.8000
v -1.8713 0.5633 1.8000
v -1.9429 0.4563 1.2000
v -1.9680 0.3300 1.2000
v -1.9680 0.3300 1.8000
v -1.9429 0.4563 1.8000
v -1.9680 0.3300 1.2000
v -1.9429 0.2037 1.2000
v -1.9429 0.2037 1.8000
v -1.9680 0.3300 1.8000
v -1.9429 0.2037 1.2000
v -1.8713 0.0967 1.2000
v -1.8713 0.0967 1.8000
v -1.9429 0.2037 1.8000
v -1.8713 0.0967 1.2000
v -1.7643 0.0251 1.2000
v -1.7643 0.0251 1.8000
v -1.8713 0.0967 1.8000
v -1.7643 0.0251 1.2000
v -1.6380 0.0000 1.2000
v -1.6380 0.0000 1.8000
v -1.7643 0.0251 1.8000
v -1.6380 0.0000 1.2000
v -1.5117 0.0251 1.2000
v -1.5117 0.0251 1.8000
v -1.6380 0.0000 1.8000
v -1.5117 0.0251 1.2000
v -1.4047 0.0967 1.2000
v -1.4047 0.0967 1.8000
v -1.5117 0.0251 1.8000
v -1.4047 0.0967 1.2000
v -1.3331 0.2037 1.2000
v -1.3331 0.2037 1.8000
v -1.4047 0.0967 1.8000
v -1.3331 0.2037 1.2000
v -1.3080 0.3300 1.2000
v -1.3080 0.3300 1.8000
v -1.3331 0.2037 1.8000
v -1.6380 0.3300 1.2000
v -1.3331 0.4563 1.2000
v -1.3080 0.3300 1.2000
v -1.6380 0.3300 1.8000
v -1.3080 0.3300 1.8000
v -1.3331 0.4563 1.8000
v -1.6380 0.3300 1.2000
v -1.4047 0.5633 1.2000
v -1.3331 0.4563 1.2000
v -1.6380 0.3300 1.8000
v -1.3331 0.4563 1.8000
v -1.4047 0.5633 1.8000
v -1.6380 0.3300 1.2000
v -1.5117 0.6349 1.2000
v -1.4047 0.5633 1.2000
v -1.6380 0.3300 1.8000
v -1.4047 0.5633 1.8000
v -1.5117 0.6349 1.8000
v -1.6380 0.3300 1.2000
v -1.6380 0.6600 1.2000
v -1.5117 0.6349 1.2000
v -1.6380 0.3300 1.8000
v -1.5117 0.6349 1.8000
v -1.6380 0.6600 1.8000
v -1.6380 0.3300 1.2000
v -1.7643 0.6349 1.2000
v -1.6380 0.6600 1.2000
v -1.6380 0.3300 1.8000
v -1.6380 0.6600 1.8000
v -1.7643 0.6349 1.8000
v -1.6380 0.3300 1.2000
v -1.8713 0.5633 1.2000
v -1.7643 0.6349 1.2000
v -1.6380 0.3300 1.8000
v -1.7643 0.6349 1.8000
v -1.8713 0.5633 1.8000
v -1.6380 0.3300 1.2000
v -1.9429 0.4563 1.2000
v -1.8713 0.5633 1.2000
v -1.6380 0.3300 1.8000
v -1.8713 0.5633 1.8000
v -1.9429 0.4563 1.8000
v -1.6380 0.3300 1.2000
v -1.9680 0.3300 1.2000
v -1.9429 0.4563 1.2000
v -1.6380 0.3300 1.8000
v -1.9429 0.4563 1.8000
v -1.9680 0.3300 1.8000
v -1.6380 0.3300 1.2000
v -1.9429 0.2037 1.2000
v -1.9680 0.3300 1.2000
v -1.6380 0.3300 1.8000
v -1.9680 0.3300 1.8000
v -1.9429 0.2037 1.8000
v -1.6380 0.3300 1.2000
v -1.8713 0.0967 1.2000
v -1.9429 0.2037 1.2000
v -1.6380 0.3300 1.8000
v -1.9429 0.2037 1.8000
v -1.8713 0.0967 1.8000
v -1.6380 0.3300 1.2000
v -1.7643 0.0251 1.2000
v -1.8713 0.0967 1.2000
v -1.6380 0.3300 1.8000
v -1.8713 0.0967 1.8000
v -1.7643 0.0251 1.8000
v -1.6380 0.3300 1.2000
v -1.6380 0.0000 1.2000
v -1.7643 0.0251 1.2000
v -1.6380 0.3300 1.8000
v -1.7643 0.0251 1.8000
v -1.6380 0.0000 1.8000
v -1.6380 0.3300 1.2000
v -1.5117 0.0251 1.2000
v -1.6380 0.0000 1.2000
v -1.6380 0.3300 1.8000
v -1.6380 0.0000 1.8000
v -1.5117 0.0251 1.8000
v -1.6380 0.3300 1.2000
v -1.4047 0.0967 1.2000
v -1.5117 0.0251 1.2000
v -1.6380 0.3300 1.8000
v -1.5117 0.0251 1.8000
v -1.4047 0.0967 1.8000
v -1.6380 0.3300 1.2000
v -1.3331 0.2037 1.2000
v -1.4047 0.0967 1.2000
v -1.6380 0.3300 1.8000
v -1.4047 0.0967 1.8000
v -1.3331 0.2037 1.8000
v -1.6380 0.3300 1.2000
v -1.3080 0.3300 1.2000
v -1.3331 0.2037 1.2000
v -1.6380 0.3300 1.8000
v -1.3331 0.2037 1.8000
v -1.3080 0.3300 1.8000
v -0.2160 0.3300 1.2000
v -0.2411 0.4563 1.2000
v -0.2411 0.4563 1.8000
v -0.2160 0.3300 1.8000
v -0.2411 0.4563 1.2000
v -0.3127 0.5633 1.2000
v -0.3127 0.5633 1.8000
v -0.2411 0.4563 1.8000
v -0.3127 0.5633 1.2000
v -0.4197 0.6349 1.2000
v -0.4197 0.6349 1.8000
v -0.3127 0.5633 1.8000
v -0.4197 0.6349 1.2000
v -0.5460 0.6600 1.2000
v -0.5460 0.6600 1.8000
v -0.4197 0.6349 1.8000
v -0.5460 0.6600 1.2000
v -0.6723 0.6349 1.2000
v -0.6723 0.6349 1.8000
v -0.5460 0.6600 1.8000
v -0.6723 0.6349 1.2000
v -0.7793 0.5633 1.2000
v -0.7793 0.5633 1.8000
v -0.6723 0.6349 1.8000
v -0.7793 0.5633 1.2000
v -0.8509 0.4563 1.2000
v -0.8509 0.4563 1.8000
v -0.7793 0.5633 1.8000
v -0.8509 0.4563 1.2000
v -0.8760 0.3300 1.2000
v -0.8760 0.3300 1.8000
v -0.8509 0.4563 1.8000
v -0.8760 0.3300 1.2000
v -0.8509 0.2037 1.2000
v -0.8509 0.2037 1.8000
v -0.8760 0.3300 1.8000
v -0.8509 0.2037 1.2000
v -0.7793 0.0967 1.2000
v -0.7793 0.0967 1.8000
v -0.8509 0.2037 1.8000
v -0.7793 0.0967 1.2000
v -0.6723 0.0251 1.2000
v -0.6723 0.0251 1.8000
v -0.7793 0.0967 1.8000
v -0.6723 0.0251 1.2000
v -0.5460 0.0000 1.2000
v -0.5460 0.0000 1.8000
v -0.6723 0.0251 1.8000
v -0.5460 0.0000 1.2000
v -0.4197 0.0251 1.2000
v -0.4197 0.0251 1.8000
v -0.5460 0.0000 1.8000
v -0.4197 0.0251 1.2000
v -0.3127 0.0967 1.2000
v -0.3127 0.0967 1.8000
v -0.4197 0.0251 1.8000
v -0.3127 0.0967 1.2000
v -0.2411 0.2037 1.2000
v -0.2411 0.2037 1.8000
v -0.3127 0.0967 1.8000
v -0.2411 0.2037 1.2000
v -0.2160 0.3300 1.2000
v -0.2160 0.3300 1.8000
v -0.2411 0.2037 1.8000
v -0.5460 0.3300 1.2000
v -0.2411 0.4563 1.2000
v -0.2160 0.3300 1.2000
v -0.5460 0.3300 1.8000
v -0.2160 0.3300 1.8000
v -0.2411 0.4563 1.8000
v -0.5460 0.3300 1.2000
v -0.3127 0.5633 1.2000
v -0.2411 0.4563 1.2000
v -0.5460 0.3300 1.8000
v -0.2411 0.4563 1.8000
v -0.3127 0.5633 1.8000
v -0.5460 0.3300 1.2000
v -0.4197 0.6349 1.2000
v -0.3127 0.5633 1.2000
v -0.5460 0.3300 1.8000
v -0.3127 0.5633 1.8000
v -0.4197 0.6349 1.8000
v -0.5460 0.3300 1.2000
v -0.5460 0.6600 1.2000
v -0.4197 0.6349 1.2000
v -0.5460 0.3300 1.8000
v -0.4197 0.6349 1.8000
v -0.5460 0.6600 1.8000
v -0.5460 0.3300 1.2000
v -0.6723 0.6349 1.2000
v -0.5460 0.6600 1.2000
v -0.5460 0.3300 1.8000
v -0.5460 0.6600 1.8000
v -0.6723 0.6349 1.8000
v -0.5460 0.3300 1.2000
v -0.7793 0.5633 1.2000
v -0.6723 0.6349 1.2000
v -0.5460 0.3300 1.8000
v -0.6723 0.6349 1.8000
v -0.7793 0.5633 1.8000
v -0.5460 0.3300 1.2000
v -0.8509 0.4563 1.2000
v -0.7793 0.5633 1.2000
v -0.5460 0.3300 1.8000
v -0.7793 0.5633 1.8000
v -0.8509 0.4563 1.8000
v -0.5460 0.3300 1.2000
v -0.8760 0.3300 1.2000
v -0.8509 0.4563 1.2000
v -0.5460 0.3300 1.8000
v -0.8509 0.4563 1.8000
v -0.8760 0.3300 1.8000
v -0.5460 0.3300 1.2000
v -0.8509 0.2037 1.2000
v -0.8760 0.3300 1.2000
v -0.5460 0.3300 1.8000
v -0.8760 0.3300 1.8000
v -0.8509 0.2037 1.8000
v -0.5460 0.3300 1.2000
v -0.7793 0.0967 1.2000
v -0.8509 0.2037 1.2000
v -0.5460 0.3300 1.8000
v -0.8509 0.2037 1.8000
v -0.7793 0.0967 1.8000
v -0.5460 0.3300 1.2000
v -0.6723 0.0251 1.2000
v -0.7793 0.0967 1.2000
v -0.5460 0.3300 1.8000
v -0.7793 0.0967 1.8000
v -0.6723 0.0251 1.8000
v -0.5460 0.3300 1.2000
v -0.5460 0.0000 1.2000
v -0.6723 0.0251 1.2000
v -0.5460 0.3300 1.8000
v -0.6723 0.0251 1.8000
v -0.5460 0.0000 1.8000
v -0.5460 0.3300 1.2000
v -0.4197 0.0251 1.2000
v -0.5460 0.0000 1.2000
v -0.5460 0.3300 1.8000
v -0.5460 0.0000 1.8000
v -0.4197 0.0251 1.8000
v -0.5460 0.3300 1.2000
v -0.3127 0.0967 1.2000
v -0.4197 0.0251 1.2000
v -0.5460 0.3300 1.8000
v -0.4197 0.0251 1.8000
v -0.3127 0.0967 1.8000
v -0.5460 0.3300 1.2000
v -0.2411 0.2037 1.2000
v -0.3127 0.0967 1.2000
v -0.5460 0.3300 1.8000
v -0.3127 0.0967 1.8000
v -0.2411 0.2037 1.8000
v -0.5460 0.3300 1.2000
v -0.2160 0.3300 1.2000
v -0.2411 0.2037 1.2000
v -0.5460 0.3300 1.8000
v -0.2411 0.2037 1.8000
v -0.2160 0.3300 1.8000
v 0.8760 0.3300 1.2000
v 0.8509 0.4563 1.2000
v 0.8509 0.4563 1.8000
v 0.8760 0.3300 1.8000
v 0.8509 0.4563 1.2000
v 0.7793 0.5633 1.2000
v 0.7793 0.5633 1.8000
v 0.8509 0.4563 1.8000
v 0.7793 0.5633 1.2000
v 0.6723 0.6349 1.2000
v 0.6723 0.6349 1.8000
v 0.7793 0.5633 1.8000
v 0.6723 0.6349 1.2000
v 0.5460 0.6600 1.2000
v 0.5460 0.6600 1.8000
v 0.6723 0.6349 1.8000
v 0.5460 0.6600 1.2000
v 0.4197 0.6349 1.2000
v 0.4197 0.6349 1.8000
v 0.5460 0.6600 1.8000
v 0.4197 0.6349 1.2000
v 0.3127 0.5633 1.2000
v 0.3127 0.5633 1.8000
v 0.4197 0.6349 1.8000
v 0.3127 0.5633 1.2000
v 0.2411 0.4563 1.2000
v 0.2411 0.4563 1.8000
v 0.3127 0.5633 1.8000
v 0.2411 0.4563 1.2000
v 0.2160 0.3300 1.2000
v 0.2160 0.3300 1.8000
v 0.2411 0.4563 1.8000
v 0.2160 0.3300 1.2000
v 0.2411 0.2037 1.2000
v 0.2411 0.2037 1.8000
v 0.2160 0.3300 1.8000
v 0.2411 0.2037 1.2000
v 0.3127 0.0967 1.2000
v 0.3127 0.0967 1.8000
v 0.2411 0.2037 1.8000
v 0.3127 0.0967 1.2000
v 0.4197 0.0251 1.2000
v 0.4197 0.0251 1.8000
v 0.3127 0.0967 1.8000
v 0.4197 0.0251 1.2000
v 0.5460 0.0000 1.2000
v 0.5460 0.0000 1.8000
v 0.4197 0.0251 1.8000
v 0.5460 0.0000 1.2000
v 0.6723 0.0251 1.2000
v 0.6723 0.0251 1.8000
v 0.5460 0.0000 1.8000
v 0.6723 0.0251 1.2000
v 0.7793 0.0967 1.2000
v 0.7793 0.0967 1.8000
v 0.6723 0.0251 1.8000
v 0.7793 0.0967 1.2000
v 0.8509 0.2037 1.2000
v 0.8509 0.2037 1.8000
v 0.7793 0.0967 1.8000
v 0.8509 0.2037 1.2000
v 0.8760 0.3300 1.2000
v 0.8760 0.3300 1.8000
v 0.8509 0.2037 1.8000
v 0.5460 0.3300 1.2000
v 0.8509 0.4563 1.2000
v 0.8760 0.3300 1.2000
v 0.5460 0.3300 1.8000
v 0.8760 0.3300 1.8000
v 0.8509 0.4563 1.8000
v 0.5460 0.3300 1.2000
v 0.7793 0.5633 1.2000
v 0.8509 0.4563 1.2000
v 0.5460 0.3300 1.8000
v 0.8509 0.4563 1.8000
v 0.7793 0.5633 1.8000
v 0.5460 0.3300 1.2000
v 0.6723 0.6349 1.2000
v 0.7793 0.5633 1.2000
v 0.5460 0.3300 1.8000
v 0.7793 0.5633 1.8000
v 0.6723 0.6349 1.8000
v 0.5460 0.3300 1.2000
v 0.5460 0.6600 1.2000
v 0.6723 0.6349 1.2000
v 0.5460 0.3300 1.8000
v 0.6723 0.6349 1.8000
v 0.5460 0.6600 1.8000
v 0.5460 0.3300 1.2000
v 0.4197 0.6349 1.2000
v 0.5460 0.6600 1.2000
v 0.5460 0.3300 1.8000
v 0.5460 0.6600 1.8000
v 0.4197 0.6349 1.8000
v 0.5460 0.3300 1.2000
v 0.3127 0.5633 1.2000
v 0.4197 0.6349 1.2000
v 0.5460 0.3300 1.8000
v 0.4197 0.6349 1.8000
v 0.3127 0.5633 1.8000
v 0.5460 0.3300 1.2000
v 0.2411 0.4563 1.2000
v 0.3127 0.5633 1.2000
v 0.5460 0.3300 1.8000
v 0.3127 0.5633 1.8000
v 0.2411 0.4563 1.8000
v 0.5460 0.3300 1.2000
v 0.2160 0.3300 1.2000
v 0.2411 0.4563 1.2000
v 0.5460 0.3300 1.8000
v 0.2411 0.4563 1.8000
v 0.2160 0.3300 1.8000
v 0.5460 0.3300 1.2000
v 0.2411 0.2037 1.2000
v 0.2160 0.3300 1.2000
v 0.5460 0.3300 1.8000
v 0.2160 0.3300 1.8000
v 0.2411 0.2037 1.8000
v 0.5460 0.3300 1.2000
v 0.3127 0.0967 1.2000
v 0.2411 0.2037 1.2000
v 0.5460 0.3300 1.8000
v 0.2411 0.2037 1.8000
v 0.3127 0.0967 1.8000
v 0.5460 0.3300 1.2000
v 0.4197 0.0251 1.2000
v 0.3127 0.0967 1.2000
v 0.5460 0.3300 1.8000
v 0.3127 0.0967 1.8000
v 0.4197 0.0251 1.8000
v 0.5460 0.3300 1.2000
v 0.5460 0.0000 1.2000
v 0.4197 0.0251 1.2000
v 0.5460 0.3300 1.8000
v 0.4197 0.0251 1.8000
v 0.5460 0.0000 1.8000
v 0.5460 0.3300 1.2000
v 0.6723 0.0251 1.2000
v 0.5460 0.0000 1.2000
v 0.5460 0.3300 1.8000
v 0.5460 0.0000 1.8000
v 0.6723 0.0251 1.8000
v 0.5460 0.3300 1.2000
v 0.7793 0.0967 1.2000
v 0.6723 0.0251 1.2000
v 0.5460 0.3300 1.8000
v 0.6723 0.0251 1.8000
v 0.7793 0.0967 1.8000
v 0.5460 0.3300 1.2000
v 0.8509 0.2037 1.2000
v 0.7793 0.0967 1.2000
v 0.5460 0.3300 1.8000
v 0.7793 0.0967 1.8000
v 0.8509 0.2037 1.8000
v 0.5460 0.3300 1.2000
v 0.8760 0.3300 1.2000
v 0.8509 0.2037 1.2000
v 0.5460 0.3300 1.8000
v 0.8509 0.2037 1.8000
v 0.8760 0.3300 1.8000
v 1.9680 0.3300 1.2000
v 1.9429 0.4563 1.2000
v 1.9429 0.4563 1.8000
v 1.9680 0.3300 1.8000
v 1.9429 0.4563 1.2000
v 1.8713 0.5633 1.2000
v 1.8713 0.5633 1.8000
v 1.9429 0.4563 1.8000
v 1.8713 0.5633 1.2000
v 1.7643 0.6349 1.2000
v 1.7643 0.6349 1.8000
v 1.8713 0.5633 1.8000
v 1.7643 0.6349 1.2000
v 1.6380 0.6600 1.2000
v 1.6380 0.6600 1.8000
v 1.7643 0.6349 1.8000
v 1.6380 0.6600 1.2000
v 1.5117 0.6349 1.2000
v 1.5117 0.6349 1.8000
v 1.6380 0.6600 1.8000
v 1.5117 0.6349 1.2000
v 1.4047 0.5633 1.2000
v 1.4047 0.5633 1.8000
v 1.5117 0.6349 1.8000
v 1.4047 0.5633 1.2000
v 1.3331 0.4563 1.2000
v 1.3331 0.4563 1.8000
v 1.4047 0.5633 1.8000
v 1.3331 0.4563 1.2000
v 1.3080 0.3300 1.2000
v 1.3080 0.3300 1.8000
v 1.3331 0.4563 1.8000
v 1.3080 0.3300 1.2000
v 1.3331 0.2037 1.2000
v 1.3331 0.2037 1.8000
v 1.3080 0.3300 1.8000
v 1.3331 0.2037 1.2000
v 1.4047 0.0967 1.2000
v 1.4047 0.0967 1.8000
v 1.3331 0.2037 1.8000
v 1.4047 0.0967 1.2000
v 1.5117 0.0251 1.2000
v 1.5117 0.0251 1.8000
v 1.4047 0.0967 1.8000
v 1.5117 0.0251 1.2000
v 1.6380 0.0000 1.2000
v 1.6380 0.0000 1.8000
v 1.5117 0.0251 1.8000
v 1.6380 0.0000 1.2000
v 1.7643 0.0251 1.2000
v 1.7643 0.0251 1.8000
v 1.6380 0.0000 1.8000
v 1.7643 0.0251 1.2000
v 1.8713 0.0967 1.2000
v 1.8713 0.0967 1.8000
v 1.7643 0.0251 1.8000
v 1.8713 0.0967 1.2000
v 1.9429 0.2037 1.2000
v 1.9429 0.2037 1.8000
v 1.8713 0.0967 1.8000
v 1.9429 0.2037 1.2000
v 1.9680 0.3300 1.2000
v 1.9680 0.3300 1.8000
v 1.9429 0.2037 1.8000
v 1.6380 0.3300 1.2000
v 1.9429 0.4563 1.2000
v 1.9680 0.3300 1.2000
v 1.6380 0.3300 1.8000
v 1.9680 0.3300 1.8000
v 1.9429 0.4563 1.8000
v 1.6380 0.3300 1.2000
v 1.8713 0.5633 1.2000
v 1.9429 0.4563 1.2000
v 1.6380 0.3300 1.8000
v 1.9429 0.4563 1.8000
v 1.8713 0.5633 1.8000
v 1.6380 0.3300 1.2000
v 1.7643 0.6349 1.2000
v 1.8713 0.5633 1.2000
v 1.6380 0.3300 1.8000
v 1.8713 0.5633 1.8000
v 1.7643 0.6349 1.8000
v 1.6380 0.3300 1.2000
v 1.6380 0.6600 1.2000
v 1.7643 0.6349 1.2000
v 1.6380 0.3300 1.8000
v 1.7643 0.6349 1.8000
v 1.6380 0.6600 1.8000
v 1.6380 0.3300 1.2000
v 1.5117 0.6349 1.2000
v 1.6380 0.6600 1.2000
v 1.6380 0.3300 1.8000
v 1.6380 0.6600 1.8000
v 1.5117 0.6349 1.8000
v 1.6380 0.3300 1.2000
v 1.4047 0.5633 1.2000
v 1.5117 0.6349 1.2000
v 1.6380 0.3300 1.8000
v 1.5117 0.6349 1.8000
v 1.4047 0.5633 1.8000
v 1.6380 0.3300 1.2000
v 1.3331 0.4563 1.2000
v 1.4047 0.5633 1.2000
v 1.6380 0.3300 1.8000
v 1.4047 0.5633 1.8000
v 1.3331 0.4563 1.8000
v 1.6380 0.3300 1.2000
v 1.3080 0.3300 1.2000
v 1.3331 0.4563 1.2000
v 1.6380 0.3300 1.8000
v 1.3331 0.4563 1.8000
v 1.3080 0.3300 1.8000
v 1.6380 0.3300 1.2000
v 1.3331 0.2037 1.2000
v 1.3080 0.3300 1.2000
v 1.6380 0.3300 1.8000
v 1.3080 0.3300 1.8000
v 1.3331 0.2037 1.8000
v 1.6380 0.3300 1.2000
v 1.4047 0.0967 1.2000
v 1.3331 0.2037 1.2000
v 1.6380 0.3300 1.8000
v 1.3331 0.2037 1.8000
v 1.4047 0.0967 1.8000
v 1.6380 0.3300 1.2000
v 1.5117 0.0251 1.2000
v 1.4047 0.0967 1.2000
v 1.6380 0.3300 1.8000
v 1.4047 0.0967 1.8000
v 1.5117 0.0251 1.8000
v 1.6380 0.3300 1.2000
v 1.6380 0.0000 1.2000
v 1.5117 0.0251 1.2000
v 1.6380 0.3300 1.8000
v 1.5117 0.0251 1.8000
v 1.6380 0.0000 1.8000
v 1.6380 0.3300 1.2000
v 1.7643 0.0251 1.2000
v 1.6380 0.0000 1.2000
v 1.6380 0.3300 1.8000
v 1.6380 0.0000 1.8000
v 1.7643 0.0251 1.8000
v 1.6380 0.3300 1.2000
v 1.8713 0.0967 1.2000
v 1.7643 0.0251 1.2000
v 1.6380 0.3300 1.8000
v 1.7643 0.0251 1.8000
v 1.8713 0.0967 1.8000
v 1.6380 0.3300 1.2000
v 1.9429 0.2037 1.2000
v 1.8713 0.0967 1.2000
v 1.6380 0.3300 1.8000
v 1.8713 0.0967 1.8000
v 1.9429 0.2037 1.8000
v 1.6380 0.3300 1.2000
v 1.9680 0.3300 1.2000
v 1.9429 0.2037 1.2000
v 1.6380 0.3300 1.8000
v 1.9429 0.2037 1.8000
v 1.9680 0.3300 1.8000
v 3.0600 0.3300 1.2000
v 3.0349 0.4563 1.2000
v 3.0349 0.4563 1.8000
v 3.0600 0.3300 1.8000
v 3.0349 0.4563 1.2000
v 2.9633 0.5633 1.2000
v 2.9633 0.5633 1.8000
v 3.0349 0.4563 1.8000
v 2.9633 0.5633 1.2000
v 2.8563 0.6349 1.2000
v 2.8563 0.6349 1.8000
v 2.9633 0.5633 1.8000
v 2.8563 0.6349 1.2000
v 2.7300 0.6600 1.2000
v 2.7300 0.6600 1.8000
v 2.8563 0.6349 1.8000
v 2.7300 0.6600 1.2000
v 2.6037 0.6349 1.2000
v 2.6037 0.6349 1.8000
v 2.7300 0.6600 1.8000
v 2.6037 0.6349 1.2000
v 2.4967 0.5633 1.2000
v 2.4967 0.5633 1.8000
v 2.6037 0.6349 1.8000
v 2.4967 0.5633 1.2000
v 2.4251 0.4563 1.2000
v 2.4251 0.4563 1.8000
v 2.4967 0.5633 1.8000
v 2.4251 0.4563 1.2000
v 2.4000 0.3300 1.2000
v 2.4000 0.3300 1.8000
v 2.4251 0.4563 1.8000
v 2.4000 0.3300 1.2000
v 2.4251 0.2037 1.2000
v 2.4251 0.2037 1.8000
v 2.4000 0.3300 1.8000
v 2.4251 0.2037 1.2000
v 2.4967 0.0967 1.2000
v 2.4967 0.0967 1.8000
v 2.4251 0.2037 1.8000
v 2.4967 0.0967 1.2000
v 2.6037 0.0251 1.2000
v 2.6037 0.0251 1.8000
v 2.4967 0.0967 1.8000
v 2.6037 0.0251 1.2000
v 2.7300 0.0000 1.2000
v 2.7300 0.0000 1.8000
v 2.6037 0.0251 1.8000
v 2.7300 0.0000 1.2000
v 2.8563 0.0251 1.2000
v 2.8563 0.0251 1.8000
v 2.7300 0.0000 1.8000
v 2.8563 0.0251 1.2000
v 2.9633 0.0967 1.2000
v 2.9633 0.0967 1.8000
v 2.8563 0.0251 1.8000
v 2.9633 0.0967 1.2000
v 3.0349 0.2037 1.2000
v 3.0349 0.2037 1.8000
v 2.9633 0.0967 1.8000
v 3.0349 0.2037 1.2000
v 3.0600 0.3300 1.2000
v 3.0600 0.3300 1.8000
v 3.0349 0.2037 1.8000
v 2.7300 0.3300 1.2000
v 3.0349 0.4563 1.2000
v 3.0600 0.3300 1.2000
v 2.7300 0.3300 1.8000
v 3.0600 0.3300 1.8000
v 3.0349 0.4563 1.8000
v 2.7300 0.3300 1.2000
v 2.9633 0.5633 1.2000
v 3.0349 0.4563 1.2000
v 2.7300 0.3300 1.8000
v 3.0349 0.4563 1.8000
v 2.9633 0.5633 1.8000
v 2.7300 0.3300 1.2000
v 2.8563 0.6349 1.2000
v 2.9633 0.5633 1.2000
v 2.7300 0.3300 1.8000
v 2.9633 0.5633 1.8000
v 2.8563 0.6349 1.8000
v 2.7300 0.3300 1.2000
v 2.7300 0.6600 1.2000
v 2.8563 0.6349 1.2000
v 2.7300 0.3300 1.8000
v 2.8563 0.6349 1.8000
v 2.7300 0.6600 1.8000
v 2.7300 0.3300 1.2000
v 2.6037 0.6349 1.2000
v 2.7300 0.6600 1.2000
v 2.7300 0.3300 1.8000
v 2.7300 0.6600 1.8000
v 2.6037 0.6349 1.8000
v 2.7300 0.3300 1.2000
v 2.4967 0.5633 1.2000
v 2.6037 0.6349 1.2000
v 2.7300 0.3300 1.8000
v 2.6037 0.6349 1.8000
v 2.4967 0.5633 1.8000
v 2.7300 0.3300 1.2000
v 2.4251 0.4563 1.2000
v 2.4967 0.5633 1.2000
v 2.7300 0.3300 1.8000
v 2.4967 0.5633 1.8000
v 2.4251 0.4563 1.8000
v 2.7300 0.3300 1.2000
v 2.4000 0.3300 1.2000
v 2.4251 0.4563 1.2000
v 2.7300 0.3300 1.8000
v 2.4251 0.4563 1.8000
v 2.4000 0.3300 1.8000
v 2.7300 0.3300 1.2000
v 2.4251 0.2037 1.2000
v 2.4000 0.3300 1.2000
v 2.7300 0.3300 1.8000
v 2.4000 0.3300 1.8000
v 2.4251 0.2037 1.8000
v 2.7300 0.3300 1.2000
v 2.4967 0.0967 1.2000
v 2.4251 0.2037 1.2000
v 2.7300 0.3300 1.8000
v 2.4251 0.2037 1.8000
v 2.4967 0.0967 1.8000
v 2.7300 0.3300 1.2000
v 2.6037 0.0251 1.2000
v 2.4967 0.0967 1.2000
v 2.7300 0.3300 1.8000
v 2.4967 0.0967 1.8000
v 2.6037 0.0251 1.8000
v 2.7300 0.3300 1.2000
v 2.7300 0.0000 1.2000
v 2.6037 0.0251 1.2000
v 2.7300 0.3300 1.8000
v 2.6037 0.0251 1.8000
v 2.7300 0.0000 1.8000
v 2.7300 0.3300 1.2000
v 2.8563 0.0251 1.2000
v 2.7300 0.0000 1.2000
v 2.7300 0.3300 1.8000
v 2.7300 0.0000 1.8000
v 2.8563 0.0251 1.8000
v 2.7300 0.3300 1.2000
v 2.9633 0.0967 1.2000
v 2.8563 0.0251 1.2000
v 2.7300 0.3300 1.8000
v 2.8563 0.0251 1.8000
v 2.9633 0.0967 1.8000
v 2.7300 0.3300 1.2000
v 3.0349 0.2037 1.2000
v 2.9633 0.0967 1.2000
v 2.7300 0.3300 1.8000
v 2.9633 0.0967 1.8000
v 3.0349 0.2037 1.8000
v 2.7300 0.3300 1.2000
v 3.0600 0.3300 1.2000
v 3.0349 0.2037 1.2000
v 2.7300 0.3300 1.8000
v 3.0349 0.2037 1.8000
v 3.0600 0.3300 1.8000
v -2.4000 0.3300 -1.8000
v -2.4251 0.4563 -1.8000
v -2.4251 0.4563 -1.2000
v -2.4000 0.3300 -1.2000
v -2.4251 0.4563 -1.8000
v -2.4967 0.5633 -1.8000
v -2.4967 0.5633 -1.2000
v -2.4251 0.4563 -1.2000
v -2.4967 0.5633 -1.8000
v -2.6037 0.6349 -1.8000
v -2.6037 0.6349 -1.2000
v -2.4967 0.5633 -1.2000
v -2.6037 0.6349 -1.8000
v -2.7300 0.6600 -1.8000
v -2.7300 0.6600 -1.2000
v -2.6037 0.6349 -1.2000
v -2.7300 0.6600 -1.8000
v -2.8563 0.6349 -1.8000
v -2.8563 0.6349 -1.2000
v -2.7300 0.6600 -1.2000
v -2.8563 0.6349 -1.8000
v -2.9633 0.5633 -1.8000
v -2.9633 0.5633 -1.2000
v -2.8563 0.6349 -1.2000
v -2.9633 0.5633 -1.8000
v -3.0349 0.4563 -1.8000
v -3.0349 0.4563 -1.2000
v -2.9633 0.5633 -1.2000
v -3.0349 0.4563 -1.8000
v -3.0600 0.3300 -1.8000
v -3.0600 0.3300 -1.2000
v -3.0349 0.4563 -1.2000
v -3.0600 0.3300 -1.8000
v -3.0349 0.2037 -1.8000
v -3.0349 0.2037 -1.2000
v -3.0600 0.3300 -1.2000
v -3.0349 0.2037 -1.8000
v -2.9633 0.0967 -1.8000
v -2.9633 0.0967 -1.2000
v -3.0349 0.2037 -1.2000
v -2.9633 0.0967 -1.8000
v -2.8563 0.0251 -1.8000
v -2.8563 0.0251 -1.2000
v -2.9633 0.0967 -1.2000
v -2.8563 0.0251 -1.8000
v -2.7300 0.0000 -1.8000
v -2.7300 0.0000 -1.2000
v -2.8563 0.0251 -1.2000
v -2.7300 0.0000 -1.8000
v -2.6037 0.0251 -1.8000
v -2.6037 0.0251 -1.2000
v -2.7300 0.0000 -1.2000
v -2.6037 0.0251 -1.8000
v -2.4967 0.0967 -1.8000
v -2.4967 0.0967 -1.2000
v -2.6037 0.0251 -1.2000
v -2.4967 0.0967 -1.8000
v -2.4251 0.2037 -1.8000
v -2.4251 0.2037 -1.2000
v -2.4967 0.0967 -1.2000
v -2.4251 0.2037 -1.8000
v -2.4000 0.3300 -1.8000
v -2.4000 0.3300 -1.2000
v -2.4251 0.2037 -1.2000
v -2.7300 0.3300 -1.8000
v -2.4251 0.4563 -1.8000
v -2.4000 0.3300 -1.8000
v -2.7300 0.3300 -1.2000
v -2.4000 0.3300 -1.2000
v -2.4251 0.4563 -1.2000
v -2.7300 0.3300 -1.8000
v -2.4967 0.5633 -1.8000
v -2.4251 0.4563 -1.8000
v -2.7300 0.3300 -1.2000
v -2.4251 0.4563 -1.2000
v -2.4967 0.5633 -1.2000
v -2.7300 0.3300 -1.8000
v -2.6037 0.6349 -1.8000
v -2.4967 0.5633 -1.8000
v -2.7300 0.3300 -1.2000
v -2.4967 0.5633 -1.2000
v -2.6037 0.6349 -1.2000
v -2.7300 0.3300 -1.8000
v -2.7300 0.6600 -1.8000
v -2.6037 0.6349 -1.8000
v -2.7300 0.3300 -1.2000
v -2.6037 0.6349 -1.2000
v -2.7300 0.6600 -1.2000
v -2.7300 0.3300 -1.8000
v -2.8563 0.6349 -1.8000
v -2.7300 0.6600 -1.8000
v -2.7300 0.3300 -1.2000
v -2.7300 0.6600 -1.2000
v -2.8563 0.6349 -1.2000
v -2.7300 0.3300 -1.8000
v -2.9633 0.5633 -1.8000
v -2.8563 0.6349 -1.8000
v -2.7300 0.3300 -1.2000
v -2.8563 0.6349 -1.2000
v -2.9633 0.5633 -1.2000
v -2.7300 0.3300 -1.8000
v -3.0349 0.4563 -1.8000
v -2.9633 0.5633 -1.8000
v -2.7300 0.3300 -1.2000
v -2.9633 0.5633 -1.2000
v -3.0349 0.4563 -1.2000
v -2.7300 0.3300 -1.8000
v -3.0600 0.3300 -1.8000
v -3.0349 0.4563 -1.8000
v -2.7300 0.3300 -1.2000
v -3.0349 0.4563 -1.2000
v -3.0600 0.3300 -1.2000
v -2.7300 0.3300 -1.8000
v -3.0349 0.2037 -1.8000
v -3.0600 0.3300 -1.8000
v -2.7300 0.3300 -1.2000
v -3.0600 0.3300 -1.2000
v -3.0349 0.2037 -1.2000
v -2.7300 0.3300 -1.8000
v -2.9633 0.0967 -1.8000
v -3.0349 0.2037 -1.8000
v -2.7300 0.3300 -1.2000
v -3.0349 0.2037 -1.2000
v -2.9633 0.0967 -1.2000
v -2.7300 0.3300 -1.8000
v -2.8563 0.0251 -1.8000
v -2.9633 0.0967 -1.8000
v -2.7300 0.3300 -1.2000
v -2.9633 0.0967 -1.2000
v -2.8563 0.0251 -1.2000
v -2.7300 0.3300 -1.8000
v -2.7300 0.0000 -1.8000
v -2.8563 0.0251 -1.8000
v -2.7300 0.3300 -1.2000
v -2.8563 0.0251 -1.2000
v -2.7300 0.0000 -1.2000
v -2.7300 0.3300 -1.8000
v -2.6037 0.0251 -1.8000
v -2.7300 0.0000 -1.8000
v -2.7300 0.3300 -1.2000
v -2.7300 0.0000 -1.2000
v -2.6037 0.0251 -1.2000
v -2.7300 0.3300 -1.8000
v -2.4967 0.0967 -1.8000
v -2.6037 0.0251 -1.8000
v -2.7300 0.3300 -1.2000
v -2.6037 0.0251 -1.2000
v -2.4967 0.0967 -1.2000
v -2.7300 0.3300 -1.8000
v -2.4251 0.2037 -1.8000
v -2.4967 0.0967 -1.8000
v -2.7300 0.3300 -1.2000
v -2.4967 0.0967 -1.2000
v -2.4251 0.2037 -1.2000
v -2.7300 0.3300 -1.8000
v -2.4000 0.3300 -1.8000
v -2.4251 0.2037 -1.8000
v -2.7300 0.3300 -1.2000
v -2.4251 0.2037 -1.2000
v -2.4000 0.3300 -1.2000
v -1.3080 0.3300 -1.8000
v -1.3331 0.4563 -1.8000
v -1.3331 0.4563 -1.2000
v -1.3080 0.3300 -1.2000
v -1.3331 0.4563 -1.8000
v -1.4047 0.5633 -1.8000
v -1.4047 0.5633 -1.2000
v -1.3331 0.4563 -1.2000
v -1.4047 0.5633 -1.8000
v -1.5117 0.6349 -1.8000
v -1.5117 0.6349 -1.2000
v -1.4047 0.5633 -1.2000
v -1.5117 0.6349 -1.8000
v -1.6380 0.6600 -1.8000
v -1.6380 0.6600 -1.2000
v -1.5117 0.6349 -1.2000
v -1.6380 0.6600 -1.8000
v -1.7643 0.6349 -1.8000
v -1.7643 0.6349 -1.2000
v -1.6380 0.6600 -1.2000
v -1.7643 0.6349 -1.8000
v -1.8713 0.5633 -1.8000
v -1.8713 0.5633 -1.2000
v -1.7643 0.6349 -1.2000
v -1.8713 0.5633 -1.8000
v -1.9429 0.4563 -1.8000
v -1.9429 0.4563 -1.2000
v -1.8713 0.5633 -1.2000
v -1.9429 0.4563 -1.8000
v -1.9680 0.3300 -1.8000
v -1.9680 0.3300 -1.2000
v -1.9429 0.4563 -1.2000
v -1.9680 0.3300 -1.8000
v -1.9429 0.2037 -1.8000
v -1.9429 0.2037 -1.2000
v -1.9680 0.3300 -1.2000
v -1.9429 0.2037 -1.8000
v -1.8713 0.0967 -1.8000
v -1.8713 0.0967 -1.2000
v -1.9429 0.2037 -1.2000
v -1.8713 0.0967 -1.8000
v -1.7643 0.0251 -1.8000
v -1.7643 0.0251 -1.2000
v -1.8713 0.0967 -1.2000
v -1.7643 0.0251 -1.8000
v -1.6380 0.0000 -1.8000
v -1.6380 0.0000 -1.2000
v -1.7643 0.0251 -1.2000
v -1.6380 0.0000 -1.8000
v -1.5117 0.0251 -1.8000
v -1.5117 0.0251 -1.2000
v -1.6380 0.0000 -1.2000
v -1.5117 0.0251 -1.8000
v -1.4047 0.0967 -1.8000
v -1.4047 0.0967 -1.2000
v -1.5117 0.0251 -1.2000
v -1.4047 0.0967 -1.8000
v -1.3331 0.2037 -1.8000
v -1.3331 0.2037 -1.2000
v -1.4047 0.0967 -1.2000
v -1.3331 0.2037 -1.8000
v -1.3080 0.3300 -1.8000
v -1.3080 0.3300 -1.2000
v -1.3331 0.2037 -1.2000
v -1.6380 0.3300 -1.8000
v -1.3331 0.4563 -1.8000
v -1.3080 0.3300 -1.8000
v -1.6380 0.3300 -1.2000
v -1.3080 0.3300 -1.2000
v -1.3331 0.4563 -1.2000
v -1.6380 0.3300 -1.8000
v -1.4047 0.5633 -1.8000
v -1.3331 0.4563 -1.8000
v -1.6380 0.3300 -1.2000
v -1.3331 0.4563 -1.2000
v -1.4047 0.5633 -1.2000
v -1.6380 0.3300 -1.8000
v -1.5117 0.6349 -1.8000
v -1.4047 0.5633 -1.8000
v -1.6380 0.3300 -1.2000
v -1.4047 0.5633 -1.2000
v -1.5117 0.6349 -1.2000
v -1.6380 0.3300 -1.8000
v -1.6380 0.6600 -1.8000
v -1.5117 0.6349 -1.8000
v -1.6380 0.3300 -1.2000
v -1.5117 0.6349 -1.2000
v -1.6380 0.6600 -1.2000
v -1.6380 0.3300 -1.8000
v -1.7643 0.6349 -1.8000
v -1.6380 0.6600 -1.8000
v -1.6380 0.3300 -1.2000
v -1.6380 0.6600 -1.2000
v -1.7643 0.6349 -1.2000
v -1.6380 0.3300 -1.8000
v -1.8713 0.5633 -1.8000
v -1.7643 0.6349 -1.8000
v -1.6380 0.3300 -1.2000
v -1.7643 0.6349 -1.2000
v -1.8713 0.5633 -1.2000
v -1.6380 0.3300 -1.8000
v -1.9429 0.4563 -1.8000
v -1.8713 0.5633 -1.8000
v -1.6380 0.3300 -1.2000
v -1.8713 0.5633 -1.2000
v -1.9429 0.4563 -1.2000
v -1.6380 0.3300 -1.8000
v -1.9680 0.3300 -1.8000
v -1.9429 0.4563 -1.8000
v -1.6380 0.3300 -1.2000
v -1.9429 0.4563 -1.2000
v -1.9680 0.3300 -1.2000
v -1.6380 0.3300 -1.8000
v -1.9429 0.2037 -1.8000
v -1.9680 0.3300 -1.8000
v -1.6380 0.3300 -1.2000
v -1.9680 0.3300 -1.2000
v -1.9429 0.2037 -1.2000
v -1.6380 0.3300 -1.8000
v -1.8713 0.0967 -1.8000
v -1.9429 0.2037 -1.8000
v -1.6380 0.3300 -1.2000
v -1.9429 0.2037 -1.2000
v -1.8713 0.0967 -1.2000
v -1.6380 0.3300 -1.8000
v -1.7643 0.0251 -1.8000
v -1.8713 0.0967 -1.8000
v -1.6380 0.3300 -1.2000
v -1.8713 0.0967 -1.2000
v -1.7643 0.0251 -1.2000
v -1.6380 0.3300 -1.8000
v -1.6380 0.0000 -1.8000
v -1.7643 0.0251 -1.8000
v -1.6380 0.3300 -1.2000
v -1.7643 0.0251 -1.2000
v -1.6380 0.0000 -1.2000
v -1.6380 0.3300 -1.8000
v -1.5117 0.0251 -1.8000
v -1.6380 0.0000 -1.8000
v -1.6380 0.3300 -1.2000
v -1.6380 0.0000 -1.2000
v -1.5117 0.0251 -1.2000
v -1.6380 0.3300 -1.8000
v -1.4047 0.0967 -1.8000
v -1.5117 0.0251 -1.8000
v -1.6380 0.3300 -1.2000
v -1.5117 0.0251 -1.2000
v -1.4047 0.0967 -1.2000
v -1.6380 0.3300 -1.8000
v -1.3331 0.2037 -1.8000
v -1.4047 0.0967 -1.8000
v -1.6380 0.3300 -1.2000
v -1.4047 0.0967 -1.2000
v -1.3331 0.2037 -1.2000
v -1.6380 0.3300 -1.8000
v -1.3080 0.3300 -1.8000
v -1.3331 0.2037 -1.8000
v -1.6380 0.3300 -1.2000
v -1.3331 0.2037 -1.2000
v -1.3080 0.3300 -1.2000
v -0.2160 0.3300 -1.8000
v -0.2411 0.4563 -1.8000
v -0.2411 0.4563 -1.2000
v -0.2160 0.3300 -1.2000
v -0.2411 0.4563 -1.8000
v -0.3127 0.5633 -1.8000
v -0.3127 0.5633 -1.2000
v -0.2411 0.4563 -1.2000
v -0.3127 0.5633 -1.8000
v -0.4197 0.6349 -1.8000
v -0.4197 0.6349 -1.2000
v -0.3127 0.5633 -1.2000
v -0.4197 0.6349 -1.8000
v -0.5460 0.6600 -1.8000
v -0.5460 0.6600 -1.2000
v -0.4197 0.6349 -1.2000
v -0.5460 0.6600 -1.8000
v -0.6723 0.6349 -1.8000
v -0.6723 0.6349 -1.2000
v -0.5460 0.6600 -1.2000
v -0.6723 0.6349 -1.8000
v -0.7793 0.5633 -1.8000
v -0.7793 0.5633 -1.2000
v -0.6723 0.6349 -1.2000
v -0.7793 0.5633 -1.8000
v -0.8509 0.4563 -1.8000
v -0.8509 0.4563 -1.2000
v -0.7793 0.5633 -1.2000
v -0.8509 0.4563 -1.8000
v -0.8760 0.3300 -1.8000
v -0.8760 0.3300 -1.2000
v -0.8509 0.4563 -1.2000
v -0.8760 0.3300 -1.8000
v -0.8509 0.2037 -1.8000
v -0.8509 0.2037 -1.2000
v -0.8760 0.3300 -1.2000
v -0.8509 0.2037 -1.8000
v -0.7793 0.0967 -1.8000
v -0.7793 0.0967 -1.2000
v -0.8509 0.2037 -1.2000
v -0.7793 0.0967 -1.8000
v -0.6723 0.0251 -1.8000
v -0.6723 0.0251 -1.2000
v -0.7793 0.0967 -1.2000
v -0.6723 0.0251 -1.8000
v -0.5460 0.0000 -1.8000
v -0.5460 0.0000 -1.2000
v -0.6723 0.0251 -1.2000
v -0.5460 0.0000 -1.8000
v -0.4197 0.0251 -1.8000
v -0.4197 0.0251 -1.2000
v -0.5460 0.0000 -1.2000
v -0.4197 0.0251 -1.8000
v -0.3127 0.0967 -1.8000
v -0.3127 0.0967 -1.2000
v -0.4197 0.0251 -1.2000
v -0.3127 0.0967 -1.8000
v -0.2411 0.2037 -1.8000
v -0.2411 0.2037 -1.2000
v -0.3127 0.0967 -1.2000
v -0.2411 0.2037 -1.8000
v -0.2160 0.3300 -1.8000
v -0.2160 0.3300 -1.2000
v -0.2411 0.2037 -1.2000
v -0.5460 0.3300 -1.8000
v -0.2411 0.4563 -1.8000
v -0.2160 0.3300 -1.8000
v -0.5460 0.3300 -1.2000
v -0.2160 0.3300 -1.2000
v -0.2411 0.4563 -1.2000
v -0.5460 0.3300 -1.8000
v -0.3127 0.5633 -1.8000
v -0.2411 0.4563 -1.8000
v -0.5460 0.3300 -1.2000
v -0.2411 0.4563 -1.2000
v -0.3127 0.5633 -1.2000
v -0.5460 0.3300 -1.8000
v -0.4197 0.6349 -1.8000
v -0.3127 0.5633 -1.8000
v -0.5460 0.3300 -1.2000
v -0.3127 0.5633 -1.2000
v -0.4197 0.6349 -1.2000
v -0.5460 0.3300 -1.8000
v -0.5460 0.6600 -1.8000
v -0.4197 0.6349 -1.8000
v -0.5460 0.3300 -1.2000
v -0.4197 0.6349 -1.2000
v -0.5460 0.6600 -1.2000
v -0.5460 0.3300 -1.8000
v -0.6723 0.6349 -1.8000
v -0.5460 0.6600 -1.8000
v -0.5460 0.3300 -1.2000
v -0.5460 0.6600 -1.2000
v -0.6723 0.6349 -1.2000
v -0.5460 0.3300 -1.8000
v -0.7793 0.5633 -1.8000
v -0.6723 0.6349 -1.8000
v -0.5460 0.3300 -1.2000
v -0.6723 0.6349 -1.2000
v -0.7793 0.5633 -1.2000
v -0.5460 0.3300 -1.8000
v -0.8509 0.4563 -1.8000
v -0.7793 0.5633 -1.8000
v -0.5460 0.3300 -1.2000
v -0.7793 0.5633 -1.2000
v -0.8509 0.4563 -1.2000
v -0.5460 0.3300 -1.8000
v -0.8760 0.3300 -1.8000
v -0.8509 0.4563 -1.8000
v -0.5460 0.3300 -1.2000
v -0.8509 0.4563 -1.2000
v -0.8760 0.3300 -1.2000
v -0.5460 0.3300 -1.8000
v -0.8509 0.2037 -1.8000
v -0.8760 0.3300 -1.8000
v -0.5460 0.3300 -1.2000
v -0.8760 0.3300 -1.2000
v -0.8509 0.2037 -1.2000
v -0.5460 0.3300 -1.8000
v -0.7793 0.0967 -1.8000
v -0.8509 0.2037 -1.8000
v -0.5460 0.3300 -1.2000
v -0.8509 0.2037 -1.2000
v -0.7793 0.0967 -1.2000
v -0.5460 0.3300 -1.8000
v -0.6723 0.0251 -1.8000
v -0.7793 0.0967 -1.8000
v -0.5460 0.3300 -1.2000
v -0.7793 0.0967 -1.2000
v -0.6723 0.0251 -1.2000
v -0.5460 0.3300 -1.8000
v -0.5460 0.0000 -1.8000
v -0.6723 0.0251 -1.8000
v -0.5460 0.3300 -1.2000
v -0.6723 0.0251 -1.2000
v -0.5460 0.0000 -1.2000
v -0.5460 0.3300 -1.8000
v -0.4197 0.0251 -1.8000
v -0.5460 0.0000 -1.8000
v -0.5460 0.3300 -1.2000
v -0.5460 0.0000 -1.2000
v -0.4197 0.0251 -1.2000
v -0.5460 0.3300 -1.8000
v -0.3127 0.0967 -1.8000
v -0.4197 0.0251 -1.8000
v -0.5460 0.3300 -1.2000
v -0.4197 0.0251 -1.2000
v -0.3127 0.0967 -1.2000
v -0.5460 0.3300 -1.8000
v -0.2411 0.2037 -1.8000
v -0.3127 0.0967 -1.8000
v -0.5460 0.3300 -1.2000
v -0.3127 0.0967 -1.2000
v -0.2411 0.2037 -1.2000
v -0.5460 0.3300 -1.8000
v -0.2160 0.3300 -1.8000
v -0.2411 0.2037 -1.8000
v -0.5460 0.3300 -1.2000
v -0.2411 0.2037 -1.2000
v -0.2160 0.3300 -1.2000
v 0.8760 0.3300 -1.8000
v 0.8509 0.4563 -1.8000
v 0.8509 0.4563 -1.2000
v 0.8760 0.3300 -1.2000
v 0.8509 0.4563 -1.8000
v 0.7793 0.5633 -1.8000
v 0.7793 0.5633 -1.2000
v 0.8509 0.4563 -1.2000
v 0.7793 0.5633 -1.8000
v 0.6723 0.6349 -1.8000
v 0.6723 0.6349 -1.2000
v 0.7793 0.5633 -1.2000
v 0.6723 0.6349 -1.8000
v 0.5460 0.6600 -1.8000
v 0.5460 0.6600 -1.2000
v 0.6723 0.6349 -1.2000
v 0.5460 0.6600 -1.8000
v 0.4197 0.6349 -1.8000
v 0.4197 0.6349 -1.2000
v 0.5460 0.6600 -1.2000
v 0.4197 0.6349 -1.8000
v 0.3127 0.5633 -1.8000
v 0.3127 0.5633 -1.2000
v 0.4197 0.6349 -1.2000
v 0.3127 0.5633 -1.8000
v 0.2411 0.4563 -1.8000
v 0.2411 0.4563 -1.2000
v 0.3127 0.5633 -1.2000
v 0.2411 0.4563 -1.8000
v 0.2160 0.3300 -1.8000
v 0.2160 0.3300 -1.2000
v 0.2411 0.4563 -1.2000
v 0.2160 0.3300 -1.8000
v 0.2411 0.2037 -1.8000
v 0.2411 0.2037 -1.2000
v 0.2160 0.3300 -1.2000
v 0.2411 0.2037 -1.8000
v 0.3127 0.0967 -1.8000
v 0.3127 0.0967 -1.2000
v 0.2411 0.2037 -1.2000
v 0.3127 0.0967 -1.8000
v 0.4197 0.0251 -1.8000
v 0.4197 0.0251 -1.2000
v 0.3127 0.0967 -1.2000
v 0.4197 0.0251 -1.8000
v 0.5460 0.0000 -1.8000
v 0.5460 0.0000 -1.2000
v 0.4197 0.0251 -1.2000
v 0.5460 0.0000 -1.8000
v 0.6723 0.0251 -1.8000
v 0.6723 0.0251 -1.2000
v 0.5460 0.0000 -1.2000
v 0.6723 0.0251 -1.8000
v 0.7793 0.0967 -1.8000
v 0.7793 0.0967 -1.2000
v 0.6723 0.0251 -1.2000
v 0.7793 0.0967 -1.8000
v 0.8509 0.2037 -1.8000
v 0.8509 0.2037 -1.2000
v 0.7793 0.0967 -1.2000
v 0.8509 0.2037 -1.8000
v 0.8760 0.3300 -1.8000
v 0.8760 0.3300 -1.2000
v 0.8509 0.2037 -1.2000
v 0.5460 0.3300 -1.8000
v 0.8509 0.4563 -1.8000
v 0.8760 0.3300 -1.8000
v 0.5460 0.3300 -1.2000
v 0.8760 0.3300 -1.2000
v 0.8509 0.4563 -1.2000
v 0.5460 0.3300 -1.8000
v 0.7793 0.5633 -1.8000
v 0.8509 0.4563 -1.8000
v 0.5460 0.3300 -1.2000
v 0.8509 0.4563 -1.2000
v 0.7793 0.5633 -1.2000
v 0.5460 0.3300 -1.8000
v 0.6723 0.6349 -1.8000
v 0.7793 0.5633 -1.8000
v 0.5460 0.3300 -1.2000
v 0.7793 0.5633 -1.2000
v 0.6723 0.6349 -1.2000
v 0.5460 0.3300 -1.8000
v 0.5460 0.6600 -1.8000
v 0.6723 0.6349 -1.8000
v 0.5460 0.3300 -1.2000
v 0.6723 0.6349 -1.2000
v 0.5460 0.6600 -1.2000
v 0.5460 0.3300 -1.8000
v 0.4197 0.6349 -1.8000
v 0.5460 0.6600 -1.8000
v 0.5460 0.3300 -1.2000
v 0.5460 0.6600 -1.2000
v 0.4197 0.6349 -1.2000
v 0.5460 0.3300 -1.8000
v 0.3127 0.5633 -1.8000
v 0.4197 0.6349 -1.8000
v 0.5460 0.3300 -1.2000
v 0.4197 0.6349 -1.2000
v 0.3127 0.5633 -1.2000
v 0.5460 0.3300 -1.8000
v 0.2411 0.4563 -1.8000
v 0.3127 0.5633 -1.8000
v 0.5460 0.3300 -1.2000
v 0.3127 0.5633 -1.2000
v 0.2411 0.4563 -1.2000
v 0.5460 0.3300 -1.8000
v 0.2160 0.3300 -1.8000
v 0.2411 0.4563 -1.8000
v 0.5460 0.3300 -1.2000
v 0.2411 0.4563 -1.2000
v 0.2160 0.3300 -1.2000
v 0.5460 0.3300 -1.8000
v 0.2411 0.2037 -1.8000
v 0.2160 0.3300 -1.8000
v 0.5460 0.3300 -1.2000
v 0.2160 0.3300 -1.2000
v 0.2411 0.2037 -1.2000
v 0.5460 0.3300 -1.8000
v 0.3127 0.0967 -1.8000
v 0.2411 0.2037 -1.8000
v 0.5460 0.3300 -1.2000
v 0.2411 0.2037 -1.2000
v 0.3127 0.0967 -1.2000
v 0.5460 0.3300 -1.8000
v 0.4197 0.0251 -1.8000
v 0.3127 0.0967 -1.8000
v 0.5460 0.3300 -1.2000
v 0.3127 0.0967 -1.2000
v 0.4197 0.0251 -1.2000
v 0.5460 0.3300 -1.8000
v 0.5460 0.0000 -1.8000
v 0.4197 0.0251 -1.8000
v 0.5460 0.3300 -1.2000
v 0.4197 0.0251 -1.2000
v 0.5460 0.0000 -1.2000
v 0.5460 0.3300 -1.8000
v 0.6723 0.0251 -1.8000
v 0.5460 0.0000 -1.8000
v 0.5460 0.3300 -1.2000
v 0.5460 0.0000 -1.2000
v 0.6723 0.0251 -1.2000
v 0.5460 0.3300 -1.8000
v 0.7793 0.0967 -1.8000
v 0.6723 0.0251 -1.8000
v 0.5460 0.3300 -1.2000
v 0.6723 0.0251 -1.2000
v 0.7793 0.0967 -1.2000
v 0.5460 0.3300 -1.8000
v 0.8509 0.2037 -1.8000
v 0.7793 0.0967 -1.8000
v 0.5460 0.3300 -1.2000
v 0.7793 0.0967 -1.2000
v 0.8509 0.2037 -1.2000
v 0.5460 0.3300 -1.8000
v 0.8760 0.3300 -1.8000
v 0.8509 0.2037 -1.8000
v 0.5460 0.3300 -1.2000
v 0.8509 0.2037 -1.2000
v 0.8760 0.3300 -1.2000
v 1.9680 0.3300 -1.8000
v 1.9429 0.4563 -1.8000
v 1.9429 0.4563 -1.2000
v 1.9680 0.3300 -1.2000
v 1.9429 0.4563 -1.8000
v 1.8713 0.5633 -1.8000
v 1.8713 0.5633 -1.2000
v 1.9429 0.4563 -1.2000
v 1.8713 0.5633 -1.8000
v 1.7643 0.6349 -1.8000
v 1.7643 0.6349 -1.2000
v 1.8713 0.5633 -1.2000
v 1.7643 0.6349 -1.8000
v 1.6380 0.6600 -1.8000
v 1.6380 0.6600 -1.2000
v 1.7643 0.6349 -1.2000
v 1.6380 0.6600 -1.8000
v 1.5117 0.6349 -1.8000
v 1.5117 0.6349 -1.2000
v 1.6380 0.6600 -1.2000
v 1.5117 0.6349 -1.8000
v 1.4047 0.5633 -1.8000
v 1.4047 0.5633 -1.2000
v 1.5117 0.6349 -1.2000
v 1.4047 0.5633 -1.8000
v 1.3331 0.4563 -1.8000
v 1.3331 0.4563 -1.2000
v 1.4047 0.5633 -1.2000
v 1.3331 0.4563 -1.8000
v 1.3080 0.3300 -1.8000
v 1.3080 0.3300 -1.2000
v 1.3331 0.4563 -1.2000
v 1.3080 0.3300 -1.8000
v 1.3331 0.2037 -1.8000
v 1.3331 0.2037 -1.2000
v 1.3080 0.3300 -1.2000
v 1.3331 0.2037 -1.8000
v 1.4047 0.0967 -1.8000
v 1.4047 0.0967 -1.2000
v 1.3331 0.2037 -1.2000
v 1.4047 0.0967 -1.8000
v 1.5117 0.0251 -1.8000
v 1.5117 0.0251 -1.2000
v 1.4047 0.0967 -1.2000
v 1.5117 0.0251 -1.8000
v 1.6380 0.0000 -1.8000
v 1.6380 0.0000 -1.2000
v 1.5117 0.0251 -1.2000
v 1.6380 0.0000 -1.8000
v 1.7643 0.0251 -1.8000
v 1.7643 0.0251 -1.2000
v 1.6380 0.0000 -1.2000
v 1.7643 0.0251 -1.8000
v 1.8713 0.0967 -1.8000
v 1.8713 0.0967 -1.2000
v 1.7643 0.0251 -1.2000
v 1.8713 0.0967 -1.8000
v 1.9429 0.2037 -1.8000
v 1.9429 0.2037 -1.2000
v 1.8713 0.0967 -1.2000
v 1.9429 0.2037 -1.8000
v 1.9680 0.3300 -1.8000
v 1.9680 0.3300 -1.2000
v 1.9429 0.2037 -1.2000
v 1.6380 0.3300 -1.8000
v 1.9429 0.4563 -1.8000
v 1.9680 0.3300 -1.8000
v 1.6380 0.3300 -1.2000
v 1.9680 0.3300 -1.2000
v 1.9429 0.4563 -1.2000
v 1.6380 0.3300 -1.8000
v 1.8713 0.5633 -1.8000
v 1.9429 0.4563 -1.8000
v 1.6380 0.3300 -1.2000
v 1.9429 0.4563 -1.2000
v 1.8713 0.5633 -1.2000
v 1.6380 0.3300 -1.8000
v 1.7643 0.6349 -1.8000
v 1.8713 0.5633 -1.8000
v 1.6380 0.3300 -1.2000
v 1.8713 0.5633 -1.2000
v 1.7643 0.6349 -1.2000
v 1.6380 0.3300 -1.8000
v 1.6380 0.6600 -1.8000
v 1.7643 0.6349 -1.8000
v 1.6380 0.3300 -1.2000
v 1.7643 0.6349 -1.2000
v 1.6380 0.6600 -1.2000
v 1.6380 0.3300 -1.8000
v 1.5117 0.6349 -1.8000
v 1.6380 0.6600 -1.8000
v 1.6380 0.3300 -1.2000
v 1.6380 0.6600 -1.2000
v 1.5117 0.6349 -1.2000
v 1.6380 0.3300 -1.8000
v 1.4047 0.5633 -1.8000
v 1.5117 0.6349 -1.8000
v 1.6380 0.3300 -1.2000
v 1.5117 0.6349 -1.2000
v 1.4047 0.5633 -1.2000
v 1.6380 0.3300 -1.8000
v 1.3331 0.4563 -1.8000
v 1.4047 0.5633 -1.8000
v 1.6380 0.3300 -1.2000
v 1.4047 0.5633 -1.2000
v 1.3331 0.4563 -1.2000
v 1.6380 0.3300 -1.8000
v 1.3080 0.3300 -1.8000
v 1.3331 0.4563 -1.8000
v 1.6380 0.3300 -1.2000
v 1.3331 0.4563 -1.2000
v 1.3080 0.3300 -1.2000
v 1.6380 0.3300 -1.8000
v 1.3331 0.2037 -1.8000
v 1.3080 0.3300 -1.8000
v 1.6380 0.3300 -1.2000
v 1.3080 0.3300 -1.2000
v 1.3331 0.2037 -1.2000
v 1.6380 0.3300 -1.8000
v 1.4047 0.0967 -1.8000
v 1.3331 0.2037 -1.8000
v 1.6380 0.3300 -1.2000
v 1.3331 0.2037 -1.2000
v 1.4047 0.0967 -1.2000
v 1.6380 0.3300 -1.8000
v 1.5117 0.0251 -1.8000
v 1.4047 0.0967 -1.8000
v 1.6380 0.3300 -1.2000
v 1.4047 0.0967 -1.2000
v 1.5117 0.0251 -1.2000
v 1.6380 0.3300 -1.8000
v 1.6380 0.0000 -1.8000
v 1.5117 0.0251 -1.8000
v 1.6380 0.3300 -1.2000
v 1.5117 0.0251 -1.2000
v 1.6380 0.0000 -1.2000
v 1.6380 0.3300 -1.8000
v 1.7643 0.0251 -1.8000
v 1.6380 0.0000 -1.8000
v 1.6380 0.3300 -1.2000
v 1.6380 0.0000 -1.2000
v 1.7643 0.0251 -1.2000
v 1.6380 0.3300 -1.8000
v 1.8713 0.0967 -1.8000
v 1.7643 0.0251 -1.8000
v 1.6380 0.3300 -1.2000
v 1.7643 0.0251 -1.2000
v 1.8713 0.0967 -1.2000
v 1.6380 0.3300 -1.8000
v 1.9429 0.2037 -1.8000
v 1.8713 0.0967 -1.8000
v 1.6380 0.3300 -1.2000
v 1.8713 0.0967 -1.2000
v 1.9429 0.2037 -1.2000
v 1.6380 0.3300 -1.8000
v 1.9680 0.3300 -1.8000
v 1.9429 0.2037 -1.8000
v 1.6380 0.3300 -1.2000
v 1.9429 0.2037 -1.2000
v 1.9680 0.3300 -1.2000
v 3.0600 0.3300 -1.8000
v 3.0349 0.4563 -1.8000
v 3.0349 0.4563 -1.2000
v 3.0600 0.3300 -1.2000
v 3.0349 0.4563 -1.8000
v 2.9633 0.5633 -1.8000
v 2.9633 0.5633 -1.2000
v 3.0349 0.4563 -1.2000
v 2.9633 0.5633 -1.8000
v 2.8563 0.6349 -1.8000
v 2.8563 0.6349 -1.2000
v 2.9633 0.5633 -1.2000
v 2.8563 0.6349 -1.8000
v 2.7300 0.6600 -1.8000
v 2.7300 0.6600 -1.2000
v 2.8563 0.6349 -1.2000
v 2.7300 0.6600 -1.8000
v 2.6037 0.6349 -1.8000
v 2.6037 0.6349 -1.2000
v 2.7300 0.6600 -1.2000
v 2.6037 0.6349 -1.8000
v 2.4967 0.5633 -1.8000
v 2.4967 0.5633 -1.2000
v 2.6037 0.6349 -1.2000
v 2.4967 0.5633 -1.8000
v 2.4251 0.4563 -1.8000
v 2.4251 0.4563 -1.2000
v 2.4967 0.5633 -1.2000
v 2.4251 0.4563 -1.8000
v 2.4000 0.3300 -1.8000
v 2.4000 0.3300 -1.2000
v 2.4251 0.4563 -1.2000
v 2.4000 0.3300 -1.8000
v 2.4251 0.2037 -1.8000
v 2.4251 0.2037 -1.2000
v 2.4000 0.3300 -1.2000
v 2.4251 0.2037 -1.8000
v 2.4967 0.0967 -1.8000
v 2.4967 0.0967 -1.2000
v 2.4251 0.2037 -1.2000
v 2.4967 0.0967 -1.8000
v 2.6037 0.0251 -1.8000
v 2.6037 0.0251 -1.2000
v 2.4967 0.0967 -1.2000
v 2.6037 0.0251 -1.8000
v 2.7300 0.0000 -1.8000
v 2.7300 0.0000 -1.2000
v 2.6037 0.0251 -1.2000
v 2.7300 0.0000 -1.8000
v 2.8563 0.0251 -1.8000
v 2.8563 0.0251 -1.2000
v 2.7300 0.0000 -1.2000
v 2.8563 0.0251 -1.8000
v 2.9633 0.0967 -1.8000
v 2.9633 0.0967 -1.2000
v 2.8563 0.0251 -1.2000
v 2.9633 0.0967 -1.8000
v 3.0349 0.2037 -1.8000
v 3.0349 0.2037 -1.2000
v 2.9633 0.0967 -1.2000
v 3.0349 0.2037 -1.8000
v 3.0600 0.3300 -1.8000
v 3.0600 0.3300 -1.2000
v 3.0349 0.2037 -1.2000
v 2.7300 0.3300 -1.8000
v 3.0349 0.4563 -1.8000
v 3.0600 0.3300 -1.8000
v 2.7300 0.3300 -1.2000
v 3.0600 0.3300 -1.2000
v 3.0349 0.4563 -1.2000
v 2.7300 0.3300 -1.8000
v 2.9633 0.5633 -1.8000
v 3.0349 0.4563 -1.8000
v 2.7300 0.3300 -1.2000
v 3.0349 0.4563 -1.2000
v 2.9633 0.5633 -1.2000
v 2.7300 0.3300 -1.8000
v 2.8563 0.6349 -1.8000
v 2.9633 0.5633 -1.8000
v 2.7300 0.3300 -1.2000
v 2.9633 0.5633 -1.2000
v 2.8563 0.6349 -1.2000
v 2.7300 0.3300 -1.8000
v 2.7300 0.6600 -1.8000
v 2.8563 0.6349 -1.8000
v 2.7300 0.3300 -1.2000
v 2.8563 0.6349 -1.2000
v 2.7300 0.6600 -1.2000
v 2.7300 0.3300 -1.8000
v 2.6037 0.6349 -1.8000
v 2.7300 0.6600 -1.8000
v 2.7300 0.3300 -1.2000
v 2.7300 0.6600 -1.2000
v 2.6037 0.6349 -1.2000
v 2.7300 0.3300 -1.8000
v 2.4967 0.5633 -1.8000
v 2.6037 0.6349 -1.8000
v 2.7300 0.3300 -1.2000
v 2.6037 0.6349 -1.2000
v 2.4967 0.5633 -1.2000
v 2.7300 0.3300 -1.8000
v 2.4251 0.4563 -1.8000
v 2.4967 0.5633 -1.8000
v 2.7300 0.3300 -1.2000
v 2.4967 0.5633 -1.2000
v 2.4251 0.4563 -1.2000
v 2.7300 0.3300 -1.8000
v 2.4000 0.3300 -1.8000
v 2.4251 0.4563 -1.8000
v 2.7300 0.3300 -1.2000
v 2.4251 0.4563 -1.2000
v 2.4000 0.3300 -1.2000
v 2.7300 0.3300 -1.8000
v 2.4251 0.2037 -1.8000
v 2.4000 0.3300 -1.8000
v 2.7300 0.3300 -1.2000
v 2.4000 0.3300 -1.2000
v 2.4251 0.2037 -1.2000
v 2.7300 0.3300 -1.8000
v 2.4967 0.0967 -1.8000
v 2.4251 0.2037 -1.8000
v 2.7300 0.3300 -1.2000
v 2.4251 0.2037 -1.2000
v 2.4967 0.0967 -1.2000
v 2.7300 0.3300 -1.8000
v 2.6037 0.0251 -1.8000
v 2.4967 0.0967 -1.8000
v 2.7300 0.3300 -1.2000
v 2.4967 0.0967 -1.2000
v 2.6037 0.0251 -1.2000
v 2.7300 0.3300 -1.8000
v 2.7300 0.0000 -1.8000
v 2.6037 0.0251 -1.8000
v 2.7300 0.3300 -1.2000
v 2.6037 0.0251 -1.2000
v 2.7300 0.0000 -1.2000
v 2.7300 0.3300 -1.8000
v 2.8563 0.0251 -1.8000
v 2.7300 0.0000 -1.8000
v 2.7300 0.3300 -1.2000
v 2.7300 0.0000 -1.2000
v 2.8563 0.0251 -1.2000
v 2.7300 0.3300 -1.8000
v 2.9633 0.0967 -1.8000
v 2.8563 0.0251 -1.8000
v 2.7300 0.3300 -1.2000
v 2.8563 0.0251 -1.2000
v 2.9633 0.0967 -1.2000
v 2.7300 0.3300 -1.8000
v 3.0349 0.2037 -1.8000
v 2.9633 0.0967 -1.8000
v 2.7300 0.3300 -1.2000
v 2.9633 0.0967 -1.2000
v 3.0349 0.2037 -1.2000
v 2.7300 0.3300 -1.8000
v 3.0600 0.3300 -1.8000
v 3.0349 0.2037 -1.8000
v 2.7300 0.3300 -1.2000
v 3.0349 0.2037 -1.2000
v 3.0600 0.3300 -1.2000
v 3.5196 0.3696 1.2000
v 3.4915 0.5110 1.2000
v 3.4915 0.5110 1.8000
v 3.5196 0.3696 1.8000
v 3.4915 0.5110 1.2000
v 3.4113 0.6309 1.2000
v 3.4113 0.6309 1.8000
v 3.4915 0.5110 1.8000
v 3.4113 0.6309 1.2000
v 3.2914 0.7111 1.2000
v 3.2914 0.7111 1.8000
v 3.4113 0.6309 1.8000
v 3.2914 0.7111 1.2000
v 3.1500 0.7392 1.2000
v 3.1500 0.7392 1.8000
v 3.2914 0.7111 1.8000
v 3.1500 0.7392 1.2000
v 3.0086 0.7111 1.2000
v 3.0086 0.7111 1.8000
v 3.1500 0.7392 1.8000
v 3.0086 0.7111 1.2000
v 2.8887 0.6309 1.2000
v 2.8887 0.6309 1.8000
v 3.0086 0.7111 1.8000
v 2.8887 0.6309 1.2000
v 2.8085 0.5110 1.2000
v 2.8085 0.5110 1.8000
v 2.8887 0.6309 1.8000
v 2.8085 0.5110 1.2000
v 2.7804 0.3696 1.2000
v 2.7804 0.3696 1.8000
v 2.8085 0.5110 1.8000
v 2.7804 0.3696 1.2000
v 2.8085 0.2282 1.2000
v 2.8085 0.2282 1.8000
v 2.7804 0.3696 1.8000
v 2.8085 0.2282 1.2000
v 2.8887 0.1083 1.2000
v 2.8887 0.1083 1.8000
v 2.8085 0.2282 1.8000
v 2.8887 0.1083 1.2000
v 3.0086 0.0281 1.2000
v 3.0086 0.0281 1.8000
v 2.8887 0.1083 1.8000
v 3.0086 0.0281 1.2000
v 3.1500 0.0000 1.2000
v 3.1500 0.0000 1.8000
v 3.0086 0.0281 1.8000
v 3.1500 0.0000 1.2000
v 3.2914 0.0281 1.2000
v 3.2914 0.0281 1.8000
v 3.1500 0.0000 1.8000
v 3.2914 0.0281 1.2000
v 3.4113 0.1083 1.2000
v 3.4113 0.1083 1.8000
v 3.2914 0.0281 1.8000
v 3.4113 0.1083 1.2000
v 3.4915 0.2282 1.2000
v 3.4915 0.2282 1.8000
v 3.4113 0.1083 1.8000
v 3.4915 0.2282 1.2000
v 3.5196 0.3696 1.2000
v 3.5196 0.3696 1.8000
v 3.4915 0.2282 1.8000
v 3.1500 0.3696 1.2000
v 3.4915 0.5110 1.2000
v 3.5196 0.3696 1.2000
v 3.1500 0.3696 1.8000
v 3.5196 0.3696 1.8000
v 3.4915 0.5110 1.8000
v 3.1500 0.3696 1.2000
v 3.4113 0.6309 1.2000
v 3.4915 0.5110 1.2000
v 3.1500 0.3696 1.8000
v 3.4915 0.5110 1.8000
v 3.4113 0.6309 1.8000
v 3.1500 0.3696 1.2000
v 3.2914 0.7111 1.2000
v 3.4113 0.6309 1.2000
v 3.1500 0.3696 1.8000
v 3.4113 0.6309 1.8000
v 3.2914 0.7111 1.8000
v 3.1500 0.3696 1.2000
v 3.1500 0.7392 1.2000
v 3.2914 0.7111 1.2000
v 3.1500 0.3696 1.8000
v 3.2914 0.7111 1.8000
v 3.1500 0.7392 1.8000
v 3.1500 0.3696 1.2000
v 3.0086 0.7111 1.2000
v 3.1500 0.7392 1.2000
v 3.1500 0.3696 1.8000
v 3.1500 0.7392 1.8000
v 3.0086 0.7111 1.8000
v 3.1500 0.3696 1.2000
v 2.8887 0.6309 1.2000
v 3.0086 0.7111 1.2000
v 3.1500 0.3696 1.8000
v 3.0086 0.7111 1.8000
v 2.8887 0.6309 1.8000
v 3.1500 0.3696 1.2000
v 2.8085 0.5110 1.2000
v 2.8887 0.6309 1.2000
v 3.1500 0.3696 1.8000
v 2.8887 0.6309 1.8000
v 2.8085 0.5110 1.8000
v 3.1500 0.3696 1.2000
v 2.7804 0.3696 1.2000
v 2.8085 0.5110 1.2000
v 3.1500 0.3696 1.8000
v 2.8085 0.5110 1.8000
v 2.7804 0.3696 1.8000
v 3.1500 0.3696 1.2000
v 2.8085 0.2282 1.2000
v 2.7804 0.3696 1.2000
v 3.1500 0.3696 1.8000
v 2.7804 0.3696 1.8000
v 2.8085 0.2282 1.8000
v 3.1500 0.3696 1.2000
v 2.8887 0.1083 1.2000
v 2.8085 0.2282 1.2000
v 3.1500 0.3696 1.8000
v 2.8085 0.2282 1.8000
v 2.8887 0.1083 1.8000
v 3.1500 0.3696 1.2000
v 3.0086 0.0281 1.2000
v 2.8887 0.1083 1.2000
v 3.1500 0.3696 1.8000
v 2.8887 0.1083 1.8000
v 3.0086 0.0281 1.8000
v 3.1500 0.3696 1.2000
v 3.1500 0.0000 1.2000
v 3.0086 0.0281 1.2000
v 3.1500 0.3696 1.8000
v 3.0086 0.0281 1.8000
v 3.1500 0.0000 1.8000
v 3.1500 0.3696 1.2000
v 3.2914 0.0281 1.2000
v 3.1500 0.0000 1.2000
v 3.1500 0.3696 1.8000
v 3.1500 0.0000 1.8000
v 3.2914 0.0281 1.8000
v 3.1500 0.3696 1.2000
v 3.4113 0.1083 1.2000
v 3.2914 0.0281 1.2000
v 3.1500 0.3696 1.8000
v 3.2914 0.0281 1.8000
v 3.4113 0.1083 1.8000
v 3.1500 0.3696 1.2000
v 3.4915 0.2282 1.2000
v 3.4113 0.1083 1.2000
v 3.1500 0.3696 1.8000
v 3.4113 0.1083 1.8000
v 3.4915 0.2282 1.8000
v 3.1500 0.3696 1.2000
v 3.5196 0.3696 1.2000
v 3.4915 0.2282 1.2000
v 3.1500 0.3696 1.8000
v 3.4915 0.2282 1.8000
v 3.5196 0.3696 1.8000
v -2.7804 0.3696 1.2000
v -2.8085 0.5110 1.2000
v -2.8085 0.5110 1.8000
v -2.7804 0.3696 1.8000
v -2.8085 0.5110 1.2000
v -2.8887 0.6309 1.2000
v -2.8887 0.6309 1.8000
v -2.8085 0.5110 1.8000
v -2.8887 0.6309 1.2000
v -3.0086 0.7111 1.2000
v -3.0086 0.7111 1.8000
v -2.8887 0.6309 1.8000
v -3.0086 0.7111 1.2000
v -3.1500 0.7392 1.2000
v -3.1500 0.7392 1.8000
v -3.0086 0.7111 1.8000
v -3.1500 0.7392 1.2000
v -3.2914 0.7111 1.2000
v -3.2914 0.7111 1.8000
v -3.1500 0.7392 1.8000
v -3.2914 0.7111 1.2000
v -3.4113 0.6309 1.2000
v -3.4113 0.6309 1.8000
v -3.2914 0.7111 1.8000
v -3.4113 0.6309 1.2000
v -3.4915 0.5110 1.2000
v -3.4915 0.5110 1.8000
v -3.4113 0.6309 1.8000
v -3.4915 0.5110 1.2000
v -3.5196 0.3696 1.2000
v -3.5196 0.3696 1.8000
v -3.4915 0.5110 1.8000
v -3.5196 0.3696 1.2000
v -3.4915 0.2282 1.2000
v -3.4915 0.2282 1.8000
v -3.5196 0.3696 1.8000
v -3.4915 0.2282 1.2000
v -3.4113 0.1083 1.2000
v -3.4113 0.1083 1.8000
v -3.4915 0.2282 1.8000
v -3.4113 0.1083 1.2000
v -3.2914 0.0281 1.2000
v -3.2914 0.0281 1.8000
v -3.4113 0.1083 1.8000
v -3.2914 0.0281 1.2000
v -3.1500 0.0000 1.2000
v -3.1500 0.0000 1.8000
v -3.2914 0.0281 1.8000
v -3.1500 0.0000 1.2000
v -3.0086 0.0281 1.2000
v -3.0086 0.0281 1.8000
v -3.1500 0.0000 1.8000
v -3.0086 0.0281 1.2000
v -2.8887 0.1083 1.2000
v -2.8887 0.1083 1.8000
v -3.0086 0.0281 1.8000
v -2.8887 0.1083 1.2000
v -2.8085 0.2282 1.2000
v -2.8085 0.2282 1.8000
v -2.8887 0.1083 1.8000
v -2.8085 0.2282 1.2000
v -2.7804 0.3696 1.2000
v -2.7804 0.3696 1.8000
v -2.8085 0.2282 1.8000
v -3.1500 0.3696 1.2000
v -2.8085 0.5110 1.2000
v -2.7804 0.3696 1.2000
v -3.1500 0.3696 1.8000
v -2.7804 0.3696 1.8000
v -2.8085 0.5110 1.8000
v -3.1500 0.3696 1.2000
v -2.8887 0.6309 1.2000
v -2.8085 0.5110 1.2000
v -3.1500 0.3696 1.8000
v -2.8085 0.5110 1.8000
v -2.8887 0.6309 1.8000
v -3.1500 0.3696 1.2000
v -3.0086 0.7111 1.2000
v -2.8887 0.6309 1.2000
v -3.1500 0.3696 1.8000
v -2.8887 0.6309 1.8000
v -3.0086 0.7111 1.8000
v -3.1500 0.3696 1.2000
v -3.1500 0.7392 1.2000
v -3.0086 0.7111 1.2000
v -3.1500 0.3696 1.8000
v -3.0086 0.7111 1.8000
v -3.1500 0.7392 1.8000
v -3.1500 0.3696 1.2000
v -3.2914 0.7111 1.2000
v -3.1500 0.7392 1.2000
v -3.1500 0.3696 1.8000
v -3.1500 0.7392 1.8000
v -3.2914 0.7111 1.8000
v -3.1500 0.3696 1.2000
v -3.4113 0.6309 1.2000
v -3.2914 0.7111 1.2000
v -3.1500 0.3696 1.8000
v -3.2914 0.7111 1.8000
v -3.4113 0.6309 1.8000
v -3.1500 0.3696 1.2000
v -3.4915 0.5110 1.2000
v -3.4113 0.6309 1.2000
v -3.1500 0.3696 1.8000
v -3.4113 0.6309 1.8000
v -3.4915 0.5110 1.8000
v -3.1500 0.3696 1.2000
v -3.5196 0.3696 1.2000
v -3.4915 0.5110 1.2000
v -3.1500 0.3696 1.8000
v -3.4915 0.5110 1.8000
v -3.5196 0.3696 1.8000
v -3.1500 0.3696 1.2000
v -3.4915 0.2282 1.2000
v -3.5196 0.3696 1.2000
v -3.1500 0.3696 1.8000
v -3.5196 0.3696 1.8000
v -3.4915 0.2282 1.8000
v -3.1500 0.3696 1.2000
v -3.4113 0.1083 1.2000
v -3.4915 0.2282 1.2000
v -3.1500 0.3696 1.8000
v -3.4915 0.2282 1.8000
v -3.4113 0.1083 1.8000
v -3.1500 0.3696 1.2000
v -3.2914 0.0281 1.2000
v -3.4113 0.1083 1.2000
v -3.1500 0.3696 1.8000
v -3.4113 0.1083 1.8000
v -3.2914 0.0281 1.8000
v -3.1500 0.3696 1.2000
v -3.1500 0.0000 1.2000
v -3.2914 0.0281 1.2000
v -3.1500 0.3696 1.8000
v -3.2914 0.0281 1.8000
v -3.1500 0.0000 1.8000
v -3.1500 0.3696 1.2000
v -3.0086 0.0281 1.2000
v -3.1500 0.0000 1.2000
v -3.1500 0.3696 1.8000
v -3.1500 0.0000 1.8000
v -3.0086 0.0281 1.8000
v -3.1500 0.3696 1.2000
v -2.8887 0.1083 1.2000
v -3.0086 0.0281 1.2000
v -3.1500 0.3696 1.8000
v -3.0086 0.0281 1.8000
v -2.8887 0.1083 1.8000
v -3.1500 0.3696 1.2000
v -2.8085 0.2282 1.2000
v -2.8887 0.1083 1.2000
v -3.1500 0.3696 1.8000
v -2.8887 0.1083 1.8000
v -2.8085 0.2282 1.8000
v -3.1500 0.3696 1.2000
v -2.7804 0.3696 1.2000
v -2.8085 0.2282 1.2000
v -3.1500 0.3696 1.8000
v -2.8085 0.2282 1.8000
v -2.7804 0.3696 1.8000
v 3.5196 0.3696 -1.8000
v 3.4915 0.5110 -1.8000
v 3.4915 0.5110 -1.2000
v 3.5196 0.3696 -1.2000
v 3.4915 0.5110 -1.8000
v 3.4113 0.6309 -1.8000
v 3.4113 0.6309 -1.2000
v 3.4915 0.5110 -1.2000
v 3.4113 0.6309 -1.8000
v 3.2914 0.7111 -1.8000
v 3.2914 0.7111 -1.2000
v 3.4113 0.6309 -1.2000
v 3.2914 0.7111 -1.8000
v 3.1500 0.7392 -1.8000
v 3.1500 0.7392 -1.2000
v 3.2914 0.7111 -1.2000
v 3.1500 0.7392 -1.8000
v 3.0086 0.7111 -1.8000
v 3.0086 0.7111 -1.2000
v 3.1500 0.7392 -1.2000
v 3.0086 0.7111 -1.8000
v 2.8887 0.6309 -1.8000
v 2.8887 0.6309 -1.2000
v 3.0086 0.7111 -1.2000
v 2.8887 0.6309 -1.8000
v 2.8085 0.5110 -1.8000
v 2.8085 0.5110 -1.2000
v 2.8887 0.6309 -1.2000
v 2.8085 0.5110 -1.8000
v 2.7804 0.3696 -1.8000
v 2.7804 0.3696 -1.2000
v 2.8085 0.5110 -1.2000
v 2.7804 0.3696 -1.8000
v 2.8085 0.2282 -1.8000
v 2.8085 0.2282 -1.2000
v 2.7804 0.3696 -1.2000
v 2.8085 0.2282 -1.8000
v 2.8887 0.1083 -1.8000
v 2.8887 0.1083 -1.2000
v 2.8085 0.2282 -1.2000
v 2.8887 0.1083 -1.8000
v 3.0086 0.0281 -1.8000
v 3.0086 0.0281 -1.2000
v 2.8887 0.1083 -1.2000
v 3.0086 0.0281 -1.8000
v 3.1500 0.0000 -1.8000
v 3.1500 0.0000 -1.2000
v 3.0086 0.0281 -1.2000
v 3.1500 0.0000 -1.8000
v 3.2914 0.0281 -1.8000
v 3.2914 0.0281 -1.2000
v 3.1500 0.0000 -1.2000
v 3.2914 0.0281 -1.8000
v 3.4113 0.1083 -1.8000
v 3.4113 0.1083 -1.2000
v 3.2914 0.0281 -1.2000
v 3.4113 0.1083 -1.8000
v 3.4915 0.2282 -1.8000
v 3.4915 0.2282 -1.2000
v 3.4113 0.1083 -1.2000
v 3.4915 0.2282 -1.8000
v 3.5196 0.3696 -1.8000
v 3.5196 0.3696 -1.2000
v 3.4915 0.2282 -1.2000
v 3.1500 0.3696 -1.8000
v 3.4915 0.5110 -1.8000
v 3.5196 0.3696 -1.8000
v 3.1500 0.3696 -1.2000
v 3.5196 0.3696 -1.2000
v 3.4915 0.5110 -1.2000
v 3.1500 0.3696 -1.8000
v 3.4113 0.6309 -1.8000
v 3.4915 0.5110 -1.8000
v 3.1500 0.3696 -1.2000
v 3.4915 0.5110 -1.2000
v 3.4113 0.6309 -1.2000
v 3.1500 0.3696 -1.8000
v 3.2914 0.7111 -1.8000
v 3.4113 0.6309 -1.8000
v 3.1500 0.3696 -1.2000
v 3.4113 0.6309 -1.2000
v 3.2914 0.7111 -1.2000
v 3.1500 0.3696 -1.8000
v 3.1500 0.7392 -1.8000
v 3.2914 0.7111 -1.8000
v 3.1500 0.3696 -1.2000
v 3.2914 0.7111 -1.2000
v 3.1500 0.7392 -1.2000
v 3.1500 0.3696 -1.8000
v 3.0086 0.7111 -1.8000
v 3.1500 0.7392 -1.8000
v 3.1500 0.3696 -1.2000
v 3.1500 0.7392 -1.2000
v 3.0086 0.7111 -1.2000
v 3.1500 0.3696 -1.8000
v 2.8887 0.6309 -1.8000
v 3.0086 0.7111 -1.8000
v 3.1500 0.3696 -1.2000
v 3.0086 0.7111 -1.2000
v 2.8887 0.6309 -1.2000
v 3.1500 0.3696 -1.8000
v 2.8085 0.5110 -1.8000
v 2.8887 0.6309 -1.8000
v 3.1500 0.3696 -1.2000
v 2.8887 0.6309 -1.2000
v 2.8085 0.5110 -1.2000
v 3.1500 0.3696 -1.8000
v 2.7804 0.3696 -1.8000
v 2.8085 0.5110 -1.8000
v 3.1500 0.3696 -1.2000
v 2.8085 0.5110 -1.2000
v 2.7804 0.3696 -1.2000
v 3.1500 0.3696 -1.8000
v 2.8085 0.2282 -1.8000
v 2.7804 0.3696 -1.8000
v 3.1500 0.3696 -1.2000
v 2.7804 0.3696 -1.2000
v 2.8085 0.2282 -1.2000
v 3.1500 0.3696 -1.8000
v 2.8887 0.1083 -1.8000
v 2.8085 0.2282 -1.8000
v 3.1500 0.3696 -1.2000
v 2.8085 0.2282 -1.2000
v 2.8887 0.1083 -1.2000
v 3.1500 0.3696 -1.8000
v 3.0086 0.0281 -1.8000
v 2.8887 0.1083 -1.8000
v 3.1500 0.3696 -1.2000
v 2.8887 0.1083 -1.2000
v 3.0086 0.0281 -1.2000
v 3.1500 0.3696 -1.8000
v 3.1500 0.0000 -1.8000
v 3.0086 0.0281 -1.8000
v 3.1500 0.3696 -1.2000
v 3.0086 0.0281 -1.2000
v 3.1500 0.0000 -1.2000
v 3.1500 0.3696 -1.8000
v 3.2914 0.0281 -1.8000
v 3.1500 0.0000 -1.8000
v 3.1500 0.3696 -1.2000
v 3.1500 0.0000 -1.2000
v 3.2914 0.0281 -1.2000
v 3.1500 0.3696 -1.8000
v 3.4113 0.1083 -1.8000
v 3.2914 0.0281 -1.8000
v 3.1500 0.3696 -1.2000
v 3.2914 0.0281 -1.2000
v 3.4113 0.1083 -1.2000
v 3.1500 0.3696 -1.8000
v 3.4915 0.2282 -1.8000
v 3.4113 0.1083 -1.8000
v 3.1500 0.3696 -1.2000
v 3.4113 0.1083 -1.2000
v 3.4915 0.2282 -1.2000
v 3.1500 0.3696 -1.8000
v 3.5196 0.3696 -1.8000
v 3.4915 0.2282 -1.8000
v 3.1500 0.3696 -1.2000
v 3.4915 0.2282 -1.2000
v 3.5196 0.3696 -1.2000
v -2.7804 0.3696 -1.8000
v -2.8085 0.5110 -1.8000
v -2.8085 0.5110 -1.2000
v -2.7804 0.3696 -1.2000
v -2.8085 0.5110 -1.8000
v -2.8887 0.6309 -1.8000
v -2.8887 0.6309 -1.2000
v -2.8085 0.5110 -1.2000
v -2.8887 0.6309 -1.8000
v -3.0086 0.7111 -1.8000
v -3.0086 0.7111 -1.2000
v -2.8887 0.6309 -1.2000
v -3.0086 0.7111 -1.8000
v -3.1500 0.7392 -1.8000
v -3.1500 0.7392 -1.2000
v -3.0086 0.7111 -1.2000
v -3.1500 0.7392 -1.8000
v -3.2914 0.7111 -1.8000
v -3.2914 0.7111 -1.2000
v -3.1500 0.7392 -1.2000
v -3.2914 0.7111 -1.8000
v -3.4113 0.6309 -1.8000
v -3.4113 0.6309 -1.2000
v -3.2914 0.7111 -1.2000
v -3.4113 0.6309 -1.8000
v -3.4915 0.5110 -1.8000
v -3.4915 0.5110 -1.2000
v -3.4113 0.6309 -1.2000
v -3.4915 0.5110 -1.8000
v -3.5196 0.3696 -1.8000
v -3.5196 0.3696 -1.2000
v -3.4915 0.5110 -1.2000
v -3.5196 0.3696 -1.8000
v -3.4915 0.2282 -1.8000
v -3.4915 0.2282 -1.2000
v -3.5196 0.3696 -1.2000
v -3.4915 0.2282 -1.8000
v -3.4113 0.1083 -1.8000
v -3.4113 0.1083 -1.2000
v -3.4915 0.2282 -1.2000
v -3.4113 0.1083 -1.8000
v -3.2914 0.0281 -1.8000
v -3.2914 0.0281 -1.2000
v -3.4113 0.1083 -1.2000
v -3.2914 0.0281 -1.8000
v -3.1500 0.0000 -1.8000
v -3.1500 0.0000 -1.2000
v -3.2914 0.0281 -1.2000
v -3.1500 0.0000 -1.8000
v -3.0086 0.0281 -1.8000
v -3.0086 0.0281 -1.2000
v -3.1500 0.0000 -1.2000
v -3.0086 0.0281 -1.8000
v -2.8887 0.1083 -1.8000
v -2.8887 0.1083 -1.2000
v -3.0086 0.0281 -1.2000
v -2.8887 0.1083 -1.8000
v -2.8085 0.2282 -1.8000
v -2.8085 0.2282 -1.2000
v -2.8887 0.1083 -1.2000
v -2.8085 0.2282 -1.8000
v -2.7804 0.3696 -1.8000
v -2.7804 0.3696 -1.2000
v -2.8085 0.2282 -1.2000
v -3.1500 0.3696 -1.8000
v -2.8085 0.5110 -1.8000
v -2.7804 0.3696 -1.8000
v -3.1500 0.3696 -1.2000
v -2.7804 0.3696 -1.2000
v -2.8085 0.5110 -1.2000
v -3.1500 0.3696 -1.8000
v -2.8887 0.6309 -1.8000
v -2.8085 0.5110 -1.8000
v -3.1500 0.3696 -1.2000
v -2.8085 0.5110 -1.2000
v -2.8887 0.6309 -1.2000
v -3.1500 0.3696 -1.8000
v -3.0086 0.7111 -1.8000
v -2.8887 0.6309 -1.8000
v -3.1500 0.3696 -1.2000
v -2.8887 0.6309 -1.2000
v -3.0086 0.7111 -1.2000
v -3.1500 0.3696 -1.8000
v -3.1500 0.7392 -1.8000
v -3.0086 0.7111 -1.8000
v -3.1500 0.3696 -1.2000
v -3.0086 0.7111 -1.2000
v -3.1500 0.7392 -1.2000
v -3.1500 0.3696 -1.8000
v -3.2914 0.7111 -1.8000
v -3.1500 0.7392 -1.8000
v -3.1500 0.3696 -1.2000
v -3.1500 0.7392 -1.2000
v -3.2914 0.7111 -1.2000
v -3.1500 0.3696 -1.8000
v -3.4113 0.6309 -1.8000
v -3.2914 0.7111 -1.8000
v -3.1500 0.3696 -1.2000
v -3.2914 0.7111 -1.2000
v -3.4113 0.6309 -1.2000
v -3.1500 0.3696 -1.8000
v -3.4915 0.5110 -1.8000
v -3.4113 0.6309 -1.8000
v -3.1500 0.3696 -1.2000
v -3.4113 0.6309 -1.2000
v -3.4915 0.5110 -1.2000
v -3.1500 0.3696 -1.8000
v -3.5196 0.3696 -1.8000
v -3.4915 0.5110 -1.8000
v -3.1500 0.3696 -1.2000
v -3.4915 0.5110 -1.2000
v -3.5196 0.3696 -1.2000
v -3.1500 0.3696 -1.8000
v -3.4915 0.2282 -1.8000
v -3.5196 0.3696 -1.8000
v -3.1500 0.3696 -1.2000
v -3.5196 0.3696 -1.2000
v -3.4915 0.2282 -1.2000
v -3.1500 0.3696 -1.8000
v -3.4113 0.1083 -1.8000
v -3.4915 0.2282 -1.8000
v -3.1500 0.3696 -1.2000
v -3.4915 0.2282 -1.2000
v -3.4113 0.1083 -1.2000
v -3.1500 0.3696 -1.8000
v -3.2914 0.0281 -1.8000
v -3.4113 0.1083 -1.8000
v -3.1500 0.3696 -1.2000
v -3.4113 0.1083 -1.2000
v -3.2914 0.0281 -1.2000
v -3.1500 0.3696 -1.8000
v -3.1500 0.0000 -1.8000
v -3.2914 0.0281 -1.8000
v -3.1500 0.3696 -1.2000
v -3.2914 0.0281 -1.2000
v -3.1500 0.0000 -1.2000
v -3.1500 0.3696 -1.8000
v -3.0086 0.0281 -1.8000
v -3.1500 0.0000 -1.8000
v -3.1500 0.3696 -1.2000
v -3.1500 0.0000 -1.2000
v -3.0086 0.0281 -1.2000
v -3.1500 0.3696 -1.8000
v -2.8887 0.1083 -1.8000
v -3.0086 0.0281 -1.8000
v -3.1500 0.3696 -1.2000
v -3.0086 0.0281 -1.2000
v -2.8887 0.1083 -1.2000
v -3.1500 0.3696 -1.8000
v -2.8085 0.2282 -1.8000
v -2.8887 0.1083 -1.8000
v -3.1500 0.3696 -1.2000
v -2.8887 0.1083 -1.2000
v -2.8085 0.2282 -1.2000
v -3.1500 0.3696 -1.8000
v -2.7804 0.3696 -1.8000
v -2.8085 0.2282 -1.8000
v -3.1500 0.3696 -1.2000
v -2.8085 0.2282 -1.2000
v -2.7804 0.3696 -1.2000
v -3.1500 0.0000 1.2000
v -3.1500 0.0792 1.2000
v 3.1500 0.0792 1.2000
v 3.1500 0.0000 1.2000
v -3.1500 0.0000 1.8000
v 3.1500 0.0000 1.8000
v 3.1500 0.0792 1.8000
v -3.1500 0.0792 1.8000
v -3.1500 0.0000 1.2000
v 3.1500 0.0000 1.2000
v 3.1500 0.0000 1.8000
v -3.1500 0.0000 1.8000
v 3.1500 0.0792 1.2000
v -3.1500 0.0792 1.2000
v -3.1500 0.0792 1.8000
v 3.1500 0.0792 1.8000
v 3.1500 0.0000 1.2000
v 3.1500 0.0792 1.2000
v 3.1500 0.0792 1.8000
v 3.1500 0.0000 1.8000
v -3.1500 0.0000 1.2000
v -3.1500 0.0000 1.8000
v -3.1500 0.0792 1.8000
v -3.1500 0.0792 1.2000
v -3.1500 0.5874 1.2000
v -3.1500 0.6732 1.2000
v 3.1500 0.6732 1.2000
v 3.1500 0.5874 1.2000
v -3.1500 0.5874 1.8000
v 3.1500 0.5874 1.8000
v 3.1500 0.6732 1.8000
v -3.1500 0.6732 1.8000
v -3.1500 0.5874 1.2000
v 3.1500 0.5874 1.2000
v 3.1500 0.5874 1.8000
v -3.1500 0.5874 1.8000
v 3.1500 0.6732 1.2000
v -3.1500 0.6732 1.2000
v -3.1500 0.6732 1.8000
v 3.1500 0.6732 1.8000
v 3.1500 0.5874 1.2000
v 3.1500 0.6732 1.2000
v 3.1500 0.6732 1.8000
v 3.1500 0.5874 1.8000
v -3.1500 0.5874 1.2000
v -3.1500 0.5874 1.8000
v -3.1500 0.6732 1.8000
v -3.1500 0.6732 1.2000
v -3.1500 0.0000 -1.8000
v -3.1500 0.0792 -1.8000
v 3.1500 0.0792 -1.8000
v 3.1500 0.0000 -1.8000
v -3.1500 0.0000 -1.2000
v 3.1500 0.0000 -1.2000
v 3.1500 0.0792 -1.2000
v -3.1500 0.0792 -1.2000
v -3.1500 0.0000 -1.8000
v 3.1500 0.0000 -1.8000
v 3.1500 0.0000 -1.2000
v -3.1500 0.0000 -1.2000
v 3.1500 0.0792 -1.8000
v -3.1500 0.0792 -1.8000
v -3.1500 0.0792 -1.2000
v 3.1500 0.0792 -1.2000
v 3.1500 0.0000 -1.8000
v 3.1500 0.0792 -1.8000
v 3.1500 0.0792 -1.2000
v 3.1500 0.0000 -1.2000
v -3.1500 0.0000 -1.8000
v -3.1500 0.0000 -1.2000
v -3.1500 0.0792 -1.2000
v -3.1500 0.0792 -1.8000
v -3.1500 0.5874 -1.8000
v -3.1500 0.6732 -1.8000
v 3.1500 0.6732 -1.8000
v 3.1500 0.5874 -1.8000
v -3.1500 0.5874 -1.2000
v 3.1500 0.5874 -1.2000
v 3.1500 0.6732 -1.2000
v -3.1500 0.6732 -1.2000
v -3.1500 0.5874 -1.8000
v 3.1500 0.5874 -1.8000
v 3.1500 0.5874 -1.2000
v -3.1500 0.5874 -1.2000
v 3.1500 0.6732 -1.8000
v -3.1500 0.6732 -1.8000
v -3.1500 0.6732 -1.2000
v 3.1500 0.6732 -1.2000
v 3.1500 0.5874 -1.8000
v 3.1500 0.6732 -1.8000
v 3.1500 0.6732 -1.2000
v 3.1500 0.5874 -1.2000
v -3.1500 0.5874 -1.8000
v -3.1500 0.5874 -1.2000
v -3.1500 0.6732 -1.2000
v -3.1500 0.6732 -1.8000
v -3.0800 0.6732 1.2000
v -3.0800 1.0132 1.2000
v 2.4500 1.0132 1.2000
v 2.4500 0.6732 1.2000
v -3.0800 0.6732 1.8000
v 2.4500 0.6732 1.8000
v 2.4500 1.0132 1.8000
v -3.0800 1.0132 1.8000
v -3.0800 0.6732 1.2000
v 2.4500 0.6732 1.2000
v 2.4500 0.6732 1.8000
v -3.0800 0.6732 1.8000
v 2.4500 1.0132 1.2000
v -3.0800 1.0132 1.2000
v -3.0800 1.0132 1.8000
v 2.4500 1.0132 1.8000
v 2.4500 0.6732 1.2000
v 2.4500 1.0132 1.2000
v 2.4500 1.0132 1.8000
v 2.4500 0.6732 1.8000
v -3.0800 0.6732 1.2000
v -3.0800 0.6732 1.8000
v -3.0800 1.0132 1.8000
v -3.0800 1.0132 1.2000
v -3.0800 0.6732 -1.8000
v -3.0800 1.0132 -1.8000
v 2.4500 1.0132 -1.8000
v 2.4500 0.6732 -1.8000
v -3.0800 0.6732 -1.2000
v 2.4500 0.6732 -1.2000
v 2.4500 1.0132 -1.2000
v -3.0800 1.0132 -1.2000
v -3.0800 0.6732 -1.8000
v 2.4500 0.6732 -1.8000
v 2.4500 0.6732 -1.2000
v -3.0800 0.6732 -1.2000
v 2.4500 1.0132 -1.8000
v -3.0800 1.0132 -1.8000
v -3.0800 1.0132 -1.2000
v 2.4500 1.0132 -1.2000
v 2.4500 0.6732 -1.8000
v 2.4500 1.0132 -1.8000
v 2.4500 1.0132 -1.2000
v 2.4500 0.6732 -1.2000
v -3.0800 0.6732 -1.8000
v -3.0800 0.6732 -1.2000
v -3.0800 1.0132 -1.2000
v -3.0800 1.0132 -1.8000
v -1.4700 1.1500 -1.0627
v -1.4700 1.6750 -1.1146
v 0.0700 1.6750 -1.2960
v 0.0700 1.1500 -1.2960
v -1.4700 1.6750 -1.1146
v -1.4700 2.2000 -0.9072
v 0.0700 2.2000 -1.0109
v 0.0700 1.6750 -1.2960
v -1.4700 2.2000 -0.9072
v -1.4700 2.2000 0.9072
v 0.0700 2.2000 1.0109
v 0.0700 2.2000 -1.0109
v -1.4700 2.2000 0.9072
v -1.4700 1.6750 1.1146
v 0.0700 1.6750 1.2960
v 0.0700 2.2000 1.0109
v -1.4700 1.6750 1.1146
v -1.4700 1.1500 1.0627
v 0.0700 1.1500 1.2960
v 0.0700 1.6750 1.2960
v -1.4700 1.1500 1.0627
v -1.4700 1.1500 -1.0627
v 0.0700 1.1500 -1.2960
v 0.0700 1.1500 1.2960
v 0.0700 1.1500 -1.2960
v 0.0700 1.6750 -1.2960
v 0.7000 1.6225 -0.8554
v 0.7000 1.1500 -0.8035
v 0.0700 1.6750 -1.2960
v 0.0700 2.2000 -1.0109
v 0.7000 2.0800 -0.6480
v 0.7000 1.6225 -0.8554
v 0.0700 2.2000 -1.0109
v 0.0700 2.2000 1.0109
v 0.7000 2.0800 0.6480
v 0.7000 2.0800 -0.6480
v 0.0700 2.2000 1.0109
v 0.0700 1.6750 1.2960
v 0.7000 1.6225 0.8554
v 0.7000 2.0800 0.6480
v 0.0700 1.6750 1.2960
v 0.0700 1.1500 1.2960
v 0.7000 1.1500 0.8035
v 0.7000 1.6225 0.8554
v 0.0700 1.1500 1.2960
v 0.0700 1.1500 -1.2960
v 0.7000 1.1500 -0.8035
v 0.7000 1.1500 0.8035
v 0.7000 1.1500 -0.8035
v 0.7000 1.6225 -0.8554
v 1.0500 1.5700 -0.4666
v 1.0500 1.2000 -0.4406
v 0.7000 1.6225 -0.8554
v 0.7000 2.0800 -0.6480
v 1.0500 1.9000 -0.3629
v 1.0500 1.5700 -0.4666
v 0.7000 2.0800 -0.6480
v 0.7000 2.0800 0.6480
v 1.0500 1.9000 0.3629
v 1.0500 1.9000 -0.3629
v 0.7000 2.0800 0.6480
v 0.7000 1.6225 0.8554
v 1.0500 1.5700 0.4666
v 1.0500 1.9000 0.3629
v 0.7000 1.6225 0.8554
v 0.7000 1.1500 0.8035
v 1.0500 1.2000 0.4406
v 1.0500 1.5700 0.4666
v 0.7000 1.1500 0.8035
v 0.7000 1.1500 -0.8035
v 1.0500 1.2000 -0.4406
v 1.0500 1.2000 0.4406
v -1.4700 1.6750 0.0000
v -1.4700 1.6750 -1.1146
v -1.4700 1.1500 -1.0627
v -1.4700 1.6750 0.0000
v -1.4700 2.2000 -0.9072
v -1.4700 1.6750 -1.1146
v -1.4700 1.6750 0.0000
v -1.4700 2.2000 0.9072
v -1.4700 2.2000 -0.9072
v -1.4700 1.6750 0.0000
v -1.4700 1.6750 1.1146
v -1.4700 2.2000 0.9072
v -1.4700 1.6750 0.0000
v -1.4700 1.1500 1.0627
v -1.4700 1.6750 1.1146
v -1.4700 1.6750 0.0000
v -1.4700 1.1500 -1.0627
v -1.4700 1.1500 1.0627
v 1.0500 1.5567 0.0000
v 1.0500 1.2000 -0.4406
v 1.0500 1.5700 -0.4666
v 1.0500 1.5567 0.0000
v 1.0500 1.5700 -0.4666
v 1.0500 1.9000 -0.3629
v 1.0500 1.5567 0.0000
v 1.0500 1.9000 -0.3629
v 1.0500 1.9000 0.3629
v 1.0500 1.5567 0.0000
v 1.0500 1.9000 0.3629
v 1.0500 1.5700 0.4666
v 1.0500 1.5567 0.0000
v 1.0500 1.5700 0.4666
v 1.0500 1.2000 0.4406
v 1.0500 1.5567 0.0000
v 1.0500 1.2000 0.4406
v 1.0500 1.2000 -0.4406
v 1.0500 1.6225 0.1150
v 1.0505 1.5549 0.0930
v 3.8135 1.5749 0.0930
v 3.8130 1.6425 0.1150
v 1.0505 1.5549 0.0930
v 1.0508 1.5131 0.0355
v 3.8138 1.5331 0.0355
v 3.8135 1.5749 0.0930
v 1.0508 1.5131 0.0355
v 1.0508 1.5131 -0.0355
v 3.8138 1.5331 -0.0355
v 3.8138 1.5331 0.0355
v 1.0508 1.5131 -0.0355
v 1.0505 1.5549 -0.0930
v 3.8135 1.5749 -0.0930
v 3.8138 1.5331 -0.0355
v 1.0505 1.5549 -0.0930
v 1.0500 1.6225 -0.1150
v 3.8130 1.6425 -0.1150
v 3.8135 1.5749 -0.0930
v 1.0500 1.6225 -0.1150
v 1.0495 1.6901 -0.0930
v 3.8125 1.7101 -0.0930
v 3.8130 1.6425 -0.1150
v 1.0495 1.6901 -0.0930
v 1.0492 1.7319 -0.0355
v 3.8122 1.7519 -0.0355
v 3.8125 1.7101 -0.0930
v 1.0492 1.7319 -0.0355
v 1.0492 1.7319 0.0355
v 3.8122 1.7519 0.0355
v 3.8122 1.7519 -0.0355
v 1.0492 1.7319 0.0355
v 1.0495 1.6901 0.0930
v 3.8125 1.7101 0.0930
v 3.8122 1.7519 0.0355
v 1.0495 1.6901 0.0930
v 1.0500 1.6225 0.1150
v 3.8130 1.6425 0.1150
v 3.8125 1.7101 0.0930
v 3.8130 1.6425 0.0000
v 3.8130 1.6425 0.1150
v 3.8135 1.5749 0.0930
v 1.0500 1.6225 0.0000
v 1.0505 1.5549 0.0930
v 1.0500 1.6225 0.1150
v 3.8130 1.6425 0.0000
v 3.8135 1.5749 0.0930
v 3.8138 1.5331 0.0355
v 1.0500 1.6225 0.0000
v 1.0508 1.5131 0.0355
v 1.0505 1.5549 0.0930
v 3.8130 1.6425 0.0000
v 3.8138 1.5331 0.0355
v 3.8138 1.5331 -0.0355
v 1.0500 1.6225 0.0000
v 1.0508 1.5131 -0.0355
v 1.0508 1.5131 0.0355
v 3.8130 1.6425 0.0000
v 3.8138 1.5331 -0.0355
v 3.8135 1.5749 -0.0930
v 1.0500 1.6225 0.0000
v 1.0505 1.5549 -0.0930
v 1.0508 1.5131 -0.0355
v 3.8130 1.6425 0.0000
v 3.8135 1.5749 -0.0930
v 3.8130 1.6425 -0.1150
v 1.0500 1.6225 0.0000
v 1.0500 1.6225 -0.1150
v 1.0505 1.5549 -0.0930
v 3.8130 1.6425 0.0000
v 3.8130 1.6425 -0.1150
v 3.8125 1.7101 -0.0930
v 1.0500 1.6225 0.0000
v 1.0495 1.6901 -0.0930
v 1.0500 1.6225 -0.1150
v 3.8130 1.6425 0.0000
v 3.8125 1.7101 -0.0930
v 3.8122 1.7519 -0.0355
v 1.0500 1.6225 0.0000
v 1.0492 1.7319 -0.0355
v 1.0495 1.6901 -0.0930
v 3.8130 1.6425 0.0000
v 3.8122 1.7519 -0.0355
v 3.8122 1.7519 0.0355
v 1.0500 1.6225 0.0000
v 1.0492 1.7319 0.0355
v 1.0492 1.7319 -0.0355
v 3.8130 1.6425 0.0000
v 3.8122 1.7519 0.0355
v 3.8125 1.7101 0.0930
v 1.0500 1.6225 0.0000
v 1.0495 1.6901 0.0930
v 1.0492 1.7319 0.0355
v 3.8130 1.6425 0.0000
v 3.8125 1.7101 0.0930
v 3.8130 1.6425 0.1150
v 1.0500 1.6225 0.0000
v 1.0500 1.6225 0.1150
v 1.0495 1.6901 0.0930
v 3.5670 1.6425 0.0850
v 3.5670 1.5925 0.0688
v 6.1500 1.5925 0.0688
v 6.1500 1.6425 0.0850
v 3.5670 1.5925 0.0688
v 3.5670 1.5617 0.0263
v 6.1500 1.5617 0.0263
v 6.1500 1.5925 0.0688
v 3.5670 1.5617 0.0263
v 3.5670 1.5617 -0.0263
v 6.1500 1.5617 -0.0263
v 6.1500 1.5617 0.0263
v 3.5670 1.5617 -0.0263
v 3.5670 1.5925 -0.0688
v 6.1500 1.5925 -0.0688
v 6.1500 1.5617 -0.0263
v 3.5670 1.5925 -0.0688
v 3.5670 1.6425 -0.0850
v 6.1500 1.6425 -0.0850
v 6.1500 1.5925 -0.0688
v 3.5670 1.6425 -0.0850
v 3.5670 1.6925 -0.0688
v 6.1500 1.6925 -0.0688
v 6.1500 1.6425 -0.0850
v 3.5670 1.6925 -0.0688
v 3.5670 1.7233 -0.0263
v 6.1500 1.7233 -0.0263
v 6.1500 1.6925 -0.0688
v 3.5670 1.7233 -0.0263
v 3.5670 1.7233 0.0263
v 6.1500 1.7233 0.0263
v 6.1500 1.7233 -0.0263
v 3.5670 1.7233 0.0263
v 3.5670 1.6925 0.0688
v 6.1500 1.6925 0.0688
v 6.1500 1.7233 0.0263
v 3.5670 1.6925 0.0688
v 3.5670 1.6425 0.0850
v 6.1500 1.6425 0.0850
v 6.1500 1.6925 0.0688
v 6.1500 1.6425 0.0000
v 6.1500 1.6425 0.0850
v 6.1500 1.5925 0.0688
v 3.5670 1.6425 0.0000
v 3.5670 1.5925 0.0688
v 3.5670 1.6425 0.0850
v 6.1500 1.6425 0.0000
v 6.1500 1.5925 0.0688
v 6.1500 1.5617 0.0263
v 3.5670 1.6425 0.0000
v 3.5670 1.5617 0.0263
v 3.5670 1.5925 0.0688
v 6.1500 1.6425 0.0000
v 6.1500 1.5617 0.0263
v 6.1500 1.5617 -0.0263
v 3.5670 1.6425 0.0000
v 3.5670 1.5617 -0.0263
v 3.5670 1.5617 0.0263
v 6.1500 1.6425 0.0000
v 6.1500 1.5617 -0.0263
v 6.1500 1.5925 -0.0688
v 3.5670 1.6425 0.0000
v 3.5670 1.5925 -0.0688
v 3.5670 1.5617 -0.0263
v 6.1500 1.6425 0.0000
v 6.1500 1.5925 -0.0688
v 6.1500 1.6425 -0.0850
v 3.5670 1.6425 0.0000
v 3.5670 1.6425 -0.0850
v 3.5670 1.5925 -0.0688
v 6.1500 1.6425 0.0000
v 6.1500 1.6425 -0.0850
v 6.1500 1.6925 -0.0688
v 3.5670 1.6425 0.0000
v 3.5670 1.6925 -0.0688
v 3.5670 1.6425 -0.0850
v 6.1500 1.6425 0.0000
v 6.1500 1.6925 -0.0688
v 6.1500 1.7233 -0.0263
v 3.5670 1.6425 0.0000
v 3.5670 1.7233 -0.0263
v 3.5670 1.6925 -0.0688
v 6.1500 1.6425 0.0000
v 6.1500 1.7233 -0.0263
v 6.1500 1.7233 0.0263
v 3.5670 1.6425 0.0000
v 3.5670 1.7233 0.0263
v 3.5670 1.7233 -0.0263
v 6.1500 1.6425 0.0000
v 6.1500 1.7233 0.0263
v 6.1500 1.6925 0.0688
v 3.5670 1.6425 0.0000
v 3.5670 1.6925 0.0688
v 3.5670 1.7233 0.0263
v 6.1500 1.6425 0.0000
v 6.1500 1.6925 0.0688
v 6.1500 1.6425 0.0850
v 3.5670 1.6425 0.0000
v 3.5670 1.6425 0.0850
v 3.5670 1.6925 0.0688
vn -0.2431 -0.1327 -0.9609
vn -0.2431 -0.1327 -0.9609
vn -0.2431 -0.1327 -0.9609
vn -0.2431 -0.1327 -0.9609
vn -0.2053 0.3864 -0.8992
vn -0.2053 0.3864 -0.8992
vn -0.2053 0.3864 -0.8992
vn -0.2053 0.3864 -0.8992
vn -0.2226 0.0000 -0.9749
vn -0.2226 0.0000 -0.9749
vn -0.2226 0.0000 -0.9749
vn -0.2226 0.0000 -0.9749
vn 0.0000 1.0000 0.0000
vn 0.0000 1.0000 0.0000
vn 0.0000 1.0000 0.0000
vn 0.0000 1.0000 0.0000
vn -0.2226 0.0000 0.9749
vn -0.2226 0.0000 0.9749
vn -0.2226 0.0000 0.9749
vn -0.2226 0.0000 0.9749
vn -0.2264 0.3846 0.8949
vn -0.2264 0.3846 0.8949
vn -0.2264 0.3846 0.8949
vn -0.2264 0.3846 0.8949
vn -0.2375 -0.1329 0.9622
vn -0.2375 -0.1329 0.9622
vn -0.2375 -0.1329 0.9622
vn -0.2375 -0.1329 0.9622
vn 0.0000 -1.0000 0.0000
vn 0.0000 -1.0000 0.0000
vn 0.0000 -1.0000 0.0000
vn 0.0000 -1.0000 0.0000
vn 0.0000 -0.1454 -0.9894
vn 0.0000 -0.1454 -0.9894
vn 0.0000 -0.1454 -0.9894
vn 0.0000 -0.1454 -0.9894
vn 0.0000 0.4158 -0.9095
vn 0.0000 0.4158 -0.9095
vn 0.0000 0.4158 -0.9095
vn 0.0000 0.4158 -0.9095
vn 0.0000 0.0000 -1.0000
vn 0.0000 0.0000 -1.0000
vn 0.0000 0.0000 -1.0000
vn 0.0000 0.0000 -1.0000
vn 0.0000 1.0000 0.0000
vn 0.0000 1.0000 0.0000
vn 0.0000 1.0000 0.0000
vn 0.0000 1.0000 0.0000
vn 0.0000 0.0000 1.0000
vn 0.0000 0.0000 1.0000
vn 0.0000 0.0000 1.0000
vn 0.0000 0.0000 1.0000
vn 0.0000 0.4158 0.9095
vn 0.0000 0.4158 0.9095
vn 0.0000 0.4158 0.9095
vn 0.0000 0.4158 0.9095
vn 0.0000 -0.1454 0.9894
vn 0.0000 -0.1454 0.9894
vn 0.0000 -0.1454 0.9894
vn 0.0000 -0.1454 0.9894
vn 0.0000 -1.0000 0.0000
vn 0.0000 -1.0000 0.0000
vn 0.0000 -1.0000 0.0000
vn 0.0000 -1.0000 0.0000
vn 0.0379 -0.1453 -0.9887
vn 0.0379 -0.1453 -0.9887
vn 0.0379 -0.1453 -0.9887
vn 0.0379 -0.1453 -0.9887
vn 0.0314 0.4156 -0.9090
vn 0.0314 0.4156 -0.9090
vn 0.0314 0.4156 -0.9090
vn 0.0314 0.4156 -0.9090
vn 0.0346 0.0000 -0.9994
vn 0.0346 0.0000 -0.9994
vn 0.0346 0.0000 -0.9994
vn 0.0346 0.0000 -0.9994
vn 0.0000 1.0000 0.0000
vn 0.0000 1.0000 0.0000
vn 0.0000 1.0000 0.0000
vn 0.0000 1.0000 0.0000
vn 0.0346 0.0000 0.9994
vn 0.0346 0.0000 0.9994
vn 0.0346 0.0000 0.9994
vn 0.0346 0.0000 0.9994
vn 0.0348 0.4155 0.9089
vn 0.0348 0.4155 0.9089
vn 0.0348 0.4155 0.9089
vn 0.0348 0.4155 0.9089
vn 0.0671 -0.1451 0.9871
vn 0.0671 -0.1451 0.9871
vn 0.0671 -0.1451 0.9871
vn 0.0671 -0.1451 0.9871
vn 0.2034 -0.9791 0.0000
vn 0.2034 -0.9791 0.0000
vn 0.2034 -0.9791 0.0000
vn 0.2034 -0.9791 0.0000
vn 0.2804 -0.3680 -0.8866
vn 0.2804 -0.3680 -0.8866
vn 0.2804 -0.3680 -0.8866
vn 0.2804 -0.3680 -0.8866
vn 0.2521 0.3956 -0.8831
vn 0.2521 0.3956 -0.8831
vn 0.2521 0.3956 -0.8831
vn 0.2521 0.3956 -0.8831
vn 0.2745 0.0000 -0.9616
vn 0.2745 0.0000 -0.9616
vn 0.2745 0.0000 -0.9616
vn 0.2745 0.0000 -0.9616
vn 0.1758 0.9844 0.0000
vn 0.1758 0.9844 0.0000
vn 0.1758 0.9844 0.0000
vn 0.1758 0.9844 0.0000
vn 0.2745 0.0000 0.9616
vn 0.2745 0.0000 0.9616
vn 0.2745 0.0000 0.9616
vn 0.2745 0.0000 0.9616
vn 0.2773 0.3928 0.8768
vn 0.2773 0.3928 0.8768
vn 0.2773 0.3928 0.8768
vn 0.2773 0.3928 0.8768
vn 0.4832 -0.3356 0.8086
vn 0.4832 -0.3356 0.8086
vn 0.4832 -0.3356 0.8086
vn 0.4832 -0.3356 0.8086
vn 0.5715 -0.8206 0.0000
vn 0.5715 -0.8206 0.0000
vn 0.5715 -0.8206 0.0000
vn 0.5715 -0.8206 0.0000
vn -1.0000 0.0000 0.0000
vn -1.0000 0.0000 0.0000
vn -1.0000 0.0000 0.0000
vn -1.0000 0.0000 0.0000
vn -1.0000 0.0000 0.0000
vn -1.0000 0.0000 0.0000
vn -1.0000 0.0000 0.0000
vn -1.0000 0.0000 0.0000
vn -1.0000 0.0000 0.0000
vn -1.0000 0.0000 0.0000
vn -1.0000 0.0000 0.0000
vn -1.0000 0.0000 0.0000
vn -1.0000 0.0000 0.0000
vn -1.0000 0.0000 0.0000
vn -1.0000 0.0000 0.0000
vn -1.0000 0.0000 0.0000
vn -1.0000 0.0000 0.0000
vn -1.0000 0.0000 0.0000
vn -1.0000 0.0000 0.0000
vn -1.0000 0.0000 0.0000
vn -1.0000 0.0000 0.0000
vn -1.0000 0.0000 0.0000
vn -1.0000 0.0000 0.0000
vn -1.0000 0.0000 0.0000
vn -1.0000 0.0000 0.0000
vn -1.0000 0.0000 0.0000
vn -1.0000 0.0000 0.0000
vn 1.0000 0.0000 0.0000
vn 1.0000 0.0000 0.0000
vn 1.0000 0.0000 0.0000
vn 1.0000 0.0000 0.0000
vn 1.0000 0.0000 0.0000
vn 1.0000 0.0000 0.0000
vn 1.0000 0.0000 0.0000
vn 1.0000 0.0000 0.0000
vn 1.0000 0.0000 0.0000
vn 1.0000 0.0000 0.0000
vn 1.0000 0.0000 0.0000
vn 1.0000 0.0000 0.0000
vn 1.0000 0.0000 0.0000
vn 1.0000 0.0000 0.0000
vn 1.0000 0.0000 0.0000
vn -1.0000 0.0000 0.0000
vn -1.0000 0.0000 0.0000
vn -1.0000 0.0000 0.0000
vn -1.0000 0.0000 0.0000
vn -1.0000 0.0000 0.0000
vn -1.0000 0.0000 0.0000
vn 0.9808 0.1951 0.0000
vn 0.9808 0.1951 0.0000
vn 0.9808 0.1951 0.0000
vn 0.9808 0.1951 0.0000
vn 0.8315 0.5556 0.0000
vn 0.8315 0.5556 0.0000
vn 0.8315 0.5556 0.0000
vn 0.8315 0.5556 0.0000
vn 0.5556 0.8315 0.0000
vn 0.5556 0.8315 0.0000
vn 0.5556 0.8315 0.0000
vn 0.5556 0.8315 0.0000
vn 0.1951 0.9808 0.0000
vn 0.1951 0.9808 0.0000
vn 0.1951 0.9808 0.0000
vn 0.1951 0.9808 0.0000
vn -0.1951 0.9808 0.0000
vn -0.1951 0.9808 0.0000
vn -0.1951 0.9808 0.0000
vn -0.1951 0.9808 0.0000
vn -0.5556 0.8315 0.0000
vn -0.5556 0.8315 0.0000
vn -0.5556 0.8315 0.0000
vn -0.5556 0.8315 0.0000
vn -0.8315 0.5556 0.0000
vn -0.8315 0.5556 0.0000
vn -0.8315 0.5556 0.0000
vn -0.8315 0.5556 0.0000
vn -0.9808 0.1951 0.0000
vn -0.9808 0.1951 0.0000
vn -0.9808 0.1951 0.0000
vn -0.9808 0.1951 0.0000
vn -0.9808 -0.1951 0.0000
vn -0.9808 -0.1951 0.0000
vn -0.9808 -0.1951 0.0000
vn -0.9808 -0.1951 0.0000
vn -0.8315 -0.5556 0.0000
vn -0.8315 -0.5556 0.0000
vn -0.8315 -0.5556 0.0000
vn -0.8315 -0.5556 0.0000
vn -0.5556 -0.8315 0.0000
vn -0.5556 -0.8315 0.0000
vn -0.5556 -0.8315 0.0000
vn -0.5556 -0.8315 0.0000
vn -0.1951 -0.9808 0.0000
vn -0.1951 -0.9808 0.0000
vn -0.1951 -0.9808 0.0000
vn -0.1951 -0.9808 0.0000
vn 0.1951 -0.9808 0.0000
vn 0.1951 -0.9808 0.0000
vn 0.1951 -0.9808 0.0000
vn 0.1951 -0.9808 0.0000
vn 0.5556 -0.8315 0.0000
vn 0.5556 -0.8315 0.0000
vn 0.5556 -0.8315 0.0000
vn 0.5556 -0.8315 0.0000
vn 0.8315 -0.5556 0.0000
vn 0.8315 -0.5556 0.0000
vn 0.8315 -0.5556 0.0000
vn 0.8315 -0.5556 0.0000
vn 0.9808 -0.1951 0.0000
vn 0.9808 -0.1951 0.0000
vn 0.9808 -0.1951 0.0000
vn 0.9808 -0.1951 0.0000
vn 0.0000 0.0000 -1.0000
vn 0.0000 0.0000 -1.0000
vn 0.0000 0.0000 -1.0000
vn 0.0000 0.0000 1.0000
vn 0.0000 0.0000 1.0000
vn 0.0000 0.0000 1.0000
vn 0.0000 0.0000 -1.0000
vn 0.0000 0.0000 -1.0000
vn 0.0000 0.0000 -1.0000
vn 0.0000 0.0000 1.0000
vn 0.0000 0.0000 1.0000
vn 0.0000 0.0000 1.0000
vn 0.0000 0.0000 -1.0000
vn 0.0000 0.0000 -1.0000
vn 0.0000 0.0000 -1.0000
vn 0.0000 0.0000 1.0000
vn 0.0000 0.0000 1.0000
vn 0.0000 0.0000 1.0000
vn 0.0000 0.0000 -1.0000
vn 0.0000 0.0000 -1.0000
vn 0.0000 0.0000 -1.0000
vn 0.0000 0.0000 1.0000
vn 0.0000 0.0000 1.0000
vn 0.0000 0.0000 1.0000
vn 0.0000 0.0000 -1.0000
vn 0.0000 0.0000 -1.0000
vn 0.0000 0.0000 -1.0000
vn 0.0000 0.0000 1.0000
vn 0.0000 0.0000 1.0000
vn 0.0000 0.0000 1.0000
vn 0.0000 0.0000 -1.0000
vn 0.0000 0.0000 -1.0000
vn 0.0000 0.0000 -1.0000
vn 0.0000 0.0000 1.0000
vn 0.0000 0.0000 1.0000
vn 0.0000 0.0000 1.0000
vn 0.0000 0.0000 -1.0000
vn 0.0000 0.0000 -1.0000
vn 0.0000 0.0000 -1.0000
vn 0.0000 0.0000 1.0000
vn 0.0000 0.0000 1.0000
vn 0.0000 0.0000 1.0000
vn 0.0000 0.0000 -1.0000
vn 0.0000 0.0000 -1.0000
vn 0.0000 0.0000 -1.0000
vn 0.0000 0.0000 1.0000
vn 0.0000 0.0000 1.0000
vn 0.0000 0.0000 1.0000
vn 0.0000 0.0000 -1.0000
vn 0.0000 0.0000 -1.0000
vn 0.0000 0.0000 -1.0000
vn 0.0000 0.0000 1.0000
vn 0.0000 0.0000 1.0000
vn 0.0000 0.0000 1.0000
vn 0.0000 0.0000 -1.0000
vn 0.0000 0.0000 -1.0000
vn 0.0000 0.0000 -1.0000
vn 0.0000 0.0000 1.0000
vn 0.0000 0.0000 1.0000
vn 0.0000 0.0000 1.0000
vn 0.0000 0.0000 -1.0000
vn 0.0000 0.0000 -1.0000
vn 0.0000 0.0000 -1.0000
vn 0.0000 0.0000 1.0000
vn 0.0000 0.0000 1.0000
vn 0.0000 0.0000 1.0000
vn 0.0000 0.0000 -1.0000
vn 0.0000 0.0000 -1.0000
vn 0.0000 0.0000 -1.0000
vn 0.0000 0.0000 1.0000
vn 0.0000 0.0000 1.0000
vn 0.0000 0.0000 1.0000
vn 0.0000 0.0000 -1.0000
vn 0.0000 0.0000 -1.0000
vn 0.0000 0.0000 -1.0000
vn 0.0000 0.0000 1.0000
vn 0.0000 0.0000 1.0000
vn 0.0000 0.0000 1.0000
vn 0.0000 0.0000 -1.0000
vn 0.0000 0.0000 -1.0000
vn 0.0000 0.0000 -1.0000
vn 0.0000 0.0000 1.0000
vn 0.0000 0.0000 1.0000
vn 0.0000 0.0000 1.0000
vn 0.0000 0.0000 -1.0000
vn 0.0000 0.0000 -1.0000
vn 0.0000 0.0000 -1.0000
vn 0.0000 0.0000 1.0000
vn 0.0000 0.0000 1.0000
vn 0.0000 0.0000 1.0000
vn 0.0000 0.0000 -1.0000
vn 0.0000 0.0000 -1.0000
vn 0.0000 0.0000 -1.0000
vn 0.0000 0.0000 1.0000
vn 0.0000 0.0000 1.0000
vn 0.0000 0.0000 1.0000
vn 0.9808 0.1951 0.0000
vn 0.9808 0.1951 0.0000
vn 0.9808 0.1951 0.0000
vn 0.9808 0.1951 0.0000
vn 0.8315 0.5556 0.0000
vn 0.8315 0.5556 0.0000
vn 0.8315 0.5556 0.0000
vn 0.8315 0.5556 0.0000
vn 0.5556 0.8315 0.0000
vn 0.5556 0.8315 0.0000
vn 0.5556 0.8315 0.0000
vn 0.5556 0.8315 0.0000
vn 0.1951 0.9808 0.0000
vn 0.1951 0.9808 0.0000
vn 0.1951 0.9808 0.0000
vn 0.1951 0.9808 0.0000
vn -0.1951 0.9808 0.0000
vn -0.1951 0.9808 0.0000
vn -0.1951 0.9808 0.0000
vn -0.1951 0.9808 0.0000
vn -0.5556 0.8315 0.0000
vn -0.5556 0.8315 0.0000
vn -0.5556 0.8315 0.0000
vn -0.5556 0.8315 0.0000
vn -0.8315 0.5556 0.0000
vn -0.8315 0.5556 0.0000
vn -0.8315 0.5556 0.0000
vn -0.8315 0.5556 0.0000
vn -0.9808 0.1951 0.0000
vn -0.9808 0.1951 0.0000
vn -0.9808 0.1951 0.0000
vn -0.9808 0.1951 0.0000
vn -0.9808 -0.1951 0.0000
vn -0.9808 -0.1951 0.0000
vn -0.9808 -0.1951 0.0000
vn -0.9808 -0.1951 0.0000
vn -0.8315 -0.5556 0.0000
vn -0.8315 -0.5556 0.0000
vn -0.8315 -0.5556 0.0000
vn -0.8315 -0.5556 0.0000
vn -0.5556 -0.8315 0.0000
vn -0.5556 -0.8315 0.0000
vn -0.5556 -0.8315 0.0000
vn -0.5556 -0.8315 0.0000
vn -0.1951 -0.9808 0.0000
vn -0.1951 -0.9808 0.0000
vn -0.1951 -0.9808 0.0000
vn -0.1951 -0.9808 0.0000
vn 0.1951 -0.9808 0.0000
vn 0.1951 -0.9808 0.0000
vn 0.1951 -0.9808 0.0000
vn 0.1951 -0.9808 0.0000
vn 0.5556 -0.8315 0.0000
vn 0.5556 -0.8315 0.0000
vn 0.5556 -0.8315 0.0000
vn 0.5556 -0.8315 0.0000
vn 0.8315 -0.5556 0.0000
vn 0.8315 -0.5556 0.0000
vn 0.8315 -0.5556 0.0000
vn 0.8315 -0.5556 0.0000
vn 0.9808 -0.1951 0.0000
vn 0.9808 -0.1951 0.0000
vn 0.9808 -0.1951 0.0000
vn 0.9808 -0.1951 0.0000
vn 0.0000 0.0000 -1.0000
vn 0.0000 0.0000 -1.0000
vn 0.0000 0.0000 -1.0000
vn 0.0000 0.0000 1.0000
vn 0.0000 0.0000 1.0000
vn 0.0000 0.0000 1.0000
vn 0.0000 0.0000 -1.0000
vn 0.0000 0.0000 -1.0000
vn 0.0000 0.0000 -1.0000
vn 0.0000 0.0000 1.0000
vn 0.0000 0.0000 1.0000
vn 0.0000 0.0000 1.0000
vn 0.0000 0.0000 -1.0000
vn 0.0000 0.0000 -1.0000
vn 0.0000 0.0000 -1.0000
vn 0.0000 0.0000 1.0000
vn 0.0000 0.0000 1.0000
vn 0.0000 0.0000 1.0000
vn 0.0000 0.0000 -1.0000
vn 0.0000 0.0000 -1.0000
vn 0.0000 0.0000 -1.0000
vn 0.0000 0.0000 1.0000
vn 0.0000 0.0000 1.0000
vn 0.0000 0.0000 1.0000
vn 0.0000 0.0000 -1.0000
vn 0.0000 0.0000 -1.0000
vn 0.0000 0.0000 -1.0000
vn 0.0000 0.0000 1.0000
vn 0.0000 0.0000 1.0000
vn 0.0000 0.0000 1.0000
vn 0.0000 0.0000 -1.0000
vn 0.0000 0.0000 -1.0000
vn 0.0000 0.0000 -1.0000
vn 0.0000 0.0000 1.0000
vn 0.0000 0.0000 1.0000
vn 0.0000 0.0000 1.0000
vn 0.0000 0.0000 -1.0000
vn 0.0000 0.0000 -1.0000
vn 0.0000 0.0000 -1.0000
vn 0.0000 0.0000 1.0000
vn 0.0000 0.0000 1.0000
vn 0.0000 0.0000 1.0000
vn 0.0000 0.0000 -1.0000
vn 0.0000 0.0000 -1.0000
vn 0.0000 0.0000 -1.0000
vn 0.0000 0.0000 1.0000
vn 0.0000 0.0000 1.0000
vn 0.0000 0.0000 1.0000
vn 0.0000 0.0000 -1.0000
vn 0.0000 0.0000 -1.0000
vn 0.0000 0.0000 -1.0000
vn 0.0000 0.0000 1.0000
vn 0.0000 0.0000 1.0000
vn 0.0000 0.0000 1.0000
vn 0.0000 0.0000 -1.0000
vn 0.0000 0.0000 -1.0000
vn 0.0000 0.0000 -1.0000
vn 0.0000 0.0000 1.0000
vn 0.0000 0.0000 1.0000
vn 0.0000 0.0000 1.0000
vn 0.0000 0.0000 -1.0000
vn 0.0000 0.0000 -1.0000
vn 0.0000 0.0000 -1.0000
vn 0.0000 0.0000 1.0000
vn 0.0000 0.0000 1.0000
vn 0.0000 0.0000 1.0000
vn 0.0000 0.0000 -1.0000
vn 0.0000 0.0000 -1.0000
vn 0.0000 0.0000 -1.0000
vn 0.0000 0.0000 1.0000
vn 0.0000 0.0000 1.0000
vn 0.0000 0.0000 1.0000
vn 0.0000 0.0000 -1.0000
vn 0.0000 0.0000 -1.0000
vn 0.0000 0.0000 -1.0000
vn 0.0000 0.0000 1.0000
vn 0.0000 0.0000 1.0000
vn 0.0000 0.0000 1.0000
vn 0.0000 0.0000 -1.0000
vn 0.0000 0.0000 -1.0000
vn 0.0000 0.0000 -1.0000
vn 0.0000 0.0000 1.0000
vn 0.0000 0.0000 1.0000
vn 0.0000 0.0000 1.0000
vn 0.0000 0.0000 -1.0000
vn 0.0000 0.0000 -1.0000
vn 0.0000 0.0000 -1.0000
vn 0.0000 0.0000 1.0000
vn 0.0000 0.0000 1.0000
vn 0.0000 0.0000 1.0000
vn 0.0000 0.0000 -1.0000
vn 0.0000 0.0000 -1.0000
vn 0.0000 0.0000 -1.0000
vn 0.0000 0.0000 1.0000
vn 0.0000 0.0000 1.0000
vn 0.0000 0.0000 1.0000
vn 0.9808 0.1951 0.0000
vn 0.9808 0.1951 0.0000
vn 0.9808 0.1951 0.0000
vn 0.9808 0.1951 0.0000
vn 0.8315 0.5556 0.0000
vn 0.8315 0.5556 0.0000
vn 0.8315 0.5556 0.0000
vn 0.8315 0.5556 0.0000
vn 0.5556 0.8315 0.0000
vn 0.5556 0.8315 0.0000
vn 0.5556 0.8315 0.0000
vn 0.5556 0.8315 0.0000
vn 0.1951 0.9808 0.0000
vn 0.1951 0.9808 0.0000
vn 0.1951 0.9808 0.0000
vn 0.1951 0.9808 0.0000
vn -0.1951 0.9808 0.0000
vn -0.1951 0.9808 0.0000
vn -0.1951 0.9808 0.0000
vn -0.1951 0.9808 0.0000
vn -0.5556 0.8315 0.0000
vn -0.5556 0.8315 0.0000
vn -0.5556 0.8315 0.0000
vn -0.5556 0.8315 0.0000
vn -0.8315 0.5556 0.0000
vn -0.8315 0.5556 0.0000
vn -0.8315 0.5556 0.0000
vn -0.8315 0.5556 0.0000
vn -0.9808 0.1951 0.0000
vn -0.9808 0.1951 0.0000
vn -0.9808 0.1951 0.0000
vn -0.9808 0.1951 0.0000
vn -0.9808 -0.1951 0.0000
vn -0.9808 -0.1951 0.0000
vn -0.9808 -0.1951 0.0000
vn -0.9808 -0.1951 0.0000
vn -0.8315 -0.5556 0.0000
vn -0.8315 -0.5556 0.0000
vn -0.8315 -0.5556 0.0000
vn -0.8315 -0.5556 0.0000
vn -0.5556 -0.8315 0.0000
vn -0.5556 -0.8315 0.0000
vn -0.5556 -0.8315 0.0000
vn -0.5556 -0.8315 0.0000
vn -0.1951 -0.9808 0.0000
vn -0.1951 -0.9808 0.0000
vn -0.1951 -0.9808 0.0000
vn -0.1951 -0.9808 0.0000
vn 0.1951 -0.9808 0.0000
vn 0.1951 -0.9808 0.0000
vn 0.1951 -0.9808 0.0000
vn 0.1951 -0.9808 0.0000
vn 0.5556 -0.8315 0.0000
vn 0.5556 -0.8315 0.0000
vn 0.5556 -0.8315 0.0000
vn 0.5556 -0.8315 0.0000
vn 0.8315 -0.5556 0.0000
vn 0.8315 -0.5556 0.0000
vn 0.8315 -0.5556 0.0000
vn 0.8315 -0.5556 0.0000
vn 0.9808 -0.1951 0.0000
vn 0.9808 -0.1951 0.0000
vn 0.9808 -0.1951 0.0000
vn 0.9808 -0.1951 0.0000
vn 0.0000 0.0000 -1.0000
vn 0.0000 0.0000 -1.0000
vn 0.0000 0.0000 -1.0000
vn 0.0000 0.0000 1.0000
vn 0.0000 0.0000 1.0000
vn 0.0000 0.0000 1.0000
vn 0.0000 0.0000 -1.0000
vn 0.0000 0.0000 -1.0000
vn 0.0000 0.0000 -1.0000
vn 0.0000 0.0000 1.0000
vn 0.0000 0.0000 1.0000
vn 0.0000 0.0000 1.0000
vn 0.0000 0.0000 -1.0000
vn 0.0000 0.0000 -1.0000
vn 0.0000 0.0000 -1.0000
vn 0.0000 0.0000 1.0000
vn 0.0000 0.0000 1.0000
vn 0.0000 0.0000 1.0000
vn 0.0000 0.0000 -1.0000
vn 0.0000 0.0000 -1.0000
vn 0.0000 0.0000 -1.0000
vn 0.0000 0.0000 1.0000
vn 0.0000 0.0000 1.0000
vn 0.0000 0.0000 1.0000
vn 0.0000 0.0000 -1.0000
vn 0.0000 0.0000 -1.0000
vn 0.0000 0.0000 -1.0000
vn 0.0000 0.0000 1.0000
vn 0.0000 0.0000 1.0000
vn 0.0000 0.0000 1.0000
vn 0.0000 0.0000 -1.0000
vn 0.0000 0.0000 -1.0000
vn 0.0000 0.0000 -1.0000
vn 0.0000 0.0000 1.0000
vn 0.0000 0.0000 1.0000
vn 0.0000 0.0000 1.0000
vn 0.0000 0.0000 -1.0000
vn 0.0000 0.0000 -1.0000
vn 0.0000 0.0000 -1.0000
vn 0.0000 0.0000 1.0000
vn 0.0000 0.0000 1.0000
vn 0.0000 0.0000 1.0000
vn 0.0000 0.0000 -1.0000
vn 0.0000 0.0000 -1.0000
vn 0.0000 0.0000 -1.0000
vn 0.0000 0.0000 1.0000
vn 0.0000 0.0000 1.0000
vn 0.0000 0.0000 1.0000
vn 0.0000 0.0000 -1.0000
vn 0.0000 0.0000 -1.0000
vn 0.0000 0.0000 -1.0000
vn 0.0000 0.0000 1.0000
vn 0.0000 0.0000 1.0000
vn 0.0000 0.0000 1.0000
vn 0.0000 0.0000 -1.0000
vn 0.0000 0.0000 -1.0000
vn 0.0000 0.0000 -1.0000
vn 0.0000 0.0000 1.0000
vn 0.0000 0.0000 1.0000
vn 0.0000 0.0000 1.0000
vn 0.0000 0.0000 -1.0000
vn 0.0000 0.0000 -1.0000
vn 0.0000 0.0000 -1.0000
vn 0.0000 0.0000 1.0000
vn 0.0000 0.0000 1.0000
vn 0.0000 0.0000 1.0000
vn 0.0000 0.0000 -1.0000
vn 0.0000 0.0000 -1.0000
vn 0.0000 0.0000 -1.0000
vn 0.0000 0.0000 1.0000
vn 0.0000 0.0000 1.0000
vn 0.0000 0.0000 1.0000
vn 0.0000 0.0000 -1.0000
vn 0.0000 0.0000 -1.0000
vn 0.0000 0.0000 -1.0000
vn 0.0000 0.0000 1.0000
vn 0.0000 0.0000 1.0000
vn 0.0000 0.0000 1.0000
vn 0.0000 0.0000 -1.0000
vn 0.0000 0.0000 -1.0000
vn 0.0000 0.0000 -1.0000
vn 0.0000 0.0000 1.0000
vn 0.0000 0.0000 1.0000
vn 0.0000 0.0000 1.0000
vn 0.0000 0.0000 -1.0000
vn 0.0000 0.0000 -1.0000
vn 0.0000 0.0000 -1.0000
vn 0.0000 0.0000 1.0000
vn 0.0000 0.0000 1.0000
vn 0.0000 0.0000 1.0000
vn 0.0000 0.0000 -1.0000
vn 0.0000 0.0000 -1.0000
vn 0.0000 0.0000 -1.0000
vn 0.0000 0.0000 1.0000
vn 0.0000 0.0000 1.0000
vn 0.0000 0.0000 1.0000
vn 0.9808 0.1951 0.0000
vn 0.9808 0.1951 0.0000
vn 0.9808 0.1951 0.0000
vn 0.9808 0.1951 0.0000
vn 0.8315 0.5556 0.0000
vn 0.8315 0.5556 0.0000
vn 0.8315 0.5556 0.0000
vn 0.8315 0.5556 0.0000
vn 0.5556 0.8315 0.0000
vn 0.5556 0.8315 0.0000
vn 0.5556 0.8315 0.0000
vn 0.5556 0.8315 0.0000
vn 0.1951 0.9808 0.0000
vn 0.1951 0.9808 0.0000
vn 0.1951 0.9808 0.0000
vn 0.1951 0.9808 0.0000
vn -0.1951 0.9808 0.0000
vn -0.1951 0.9808 0.0000
vn -0.1951 0.9808 0.0000
vn -0.1951 0.9808 0.0000
vn -0.5556 0.8315 0.0000
vn -0.5556 0.8315 0.0000
vn -0.5556 0.8315 0.0000
vn -0.5556 0.8315 0.0000
vn -0.8315 0.5556 0.0000
vn -0.8315 0.5556 0.0000
vn -0.8315 0.5556 0.0000
vn -0.8315 0.5556 0.0000
vn -0.9808 0.1951 0.0000
vn -0.9808 0.1951 0.0000
vn -0.9808 0.1951 0.0000
vn -0.9808 0.1951 0.0000
vn -0.9808 -0.1951 0.0000
vn -0.9808 -0.1951 0.0000
vn -0.9808 -0.1951 0.0000
vn -0.9808 -0.1951 0.0000
vn -0.8315 -0.5556 0.0000
vn -0.8315 -0.5556 0.0000
vn -0.8315 -0.5556 0.0000
vn -0.8315 -0.5556 0.0000
vn -0.5556 -0.8315 0.0000
vn -0.5556 -0.8315 0.0000
vn -0.5556 -0.8315 0.0000
vn -0.5556 -0.8315 0.0000
vn -0.1951 -0.9808 0.0000
vn -0.1951 -0.9808 0.0000
vn -0.1951 -0.9808 0.0000
vn -0.1951 -0.9808 0.0000
vn 0.1951 -0.9808 0.0000
vn 0.1951 -0.9808 0.0000
vn 0.1951 -0.9808 0.0000
vn 0.1951 -0.9808 0.0000
vn 0.5556 -0.8315 0.0000
vn 0.5556 -0.8315 0.0000
vn 0.5556 -0.8315 0.0000
vn 0.5556 -0.8315 0.0000
vn 0.8315 -0.5556 0.0000
vn 0.8315 -0.5556 0.0000
vn 0.8315 -0.5556 0.0000
vn 0.8315 -0.5556 0.0000
vn 0.9808 -0.1951 0.0000
vn 0.9808 -0.1951 0.0000
vn 0.9808 -0.1951 0.0000
vn 0.9808 -0.1951 0.0000
vn 0.0000 0.0000 -1.0000
vn 0.0000 0.0000 -1.0000
vn 0.0000 0.0000 -1.0000
vn 0.0000 0.0000 1.0000
vn 0.0000 0.0000 1.0000
vn 0.0000 0.0000 1.0000
vn 0.0000 0.0000 -1.0000
vn 0.0000 0.0000 -1.0000
vn 0.0000 0.0000 -1.0000
vn 0.0000 0.0000 1.0000
vn 0.0000 0.0000 1.0000
vn 0.0000 0.0000 1.0000
vn 0.0000 0.0000 -1.0000
vn 0.0000 0.0000 -1.0000
vn 0.0000 0.0000 -1.0000
vn 0.0000 0.0000 1.0000
vn 0.0000 0.0000 1.0000
vn 0.0000 0.0000 1.0000
vn 0.0000 0.0000 -1.0000
vn 0.0000 0.0000 -1.0000
vn 0.0000 0.0000 -1.0000
vn 0.0000 0.0000 1.0000
vn 0.0000 0.0000 1.0000
vn 0.0000 0.0000 1.0000
vn 0.0000 0.0000 -1.0000
vn 0.0000 0.0000 -1.0000
vn 0.0000 0.0000 -1.0000
vn 0.0000 0.0000 1.0000
vn 0.0000 0.0000 1.0000
vn 0.0000 0.0000 1.0000
vn 0.0000 0.0000 -1.0000
vn 0.0000 0.0000 -1.0000
vn 0.0000 0.0000 -1.0000
vn 0.0000 0.0000 1.0000
vn 0.0000 0.0000 1.0000
vn 0.0000 0.0000 1.0000
vn 0.0000 0.0000 -1.0000
vn 0.0000 0.0000 -1.0000
vn 0.0000 0.0000 -1.0000
vn 0.0000 0.0000 1.0000
vn 0.0000 0.0000 1.0000
vn 0.0000 0.0000 1.0000
vn 0.0000 0.0000 -1.0000
vn 0.0000 0.0000 -1.0000
vn 0.0000 0.0000 -1.0000
vn 0.0000 0.0000 1.0000
vn 0.0000 0.0000 1.0000
vn 0.0000 0.0000 1.0000
vn 0.0000 0.0000 -1.0000
vn 0.0000 0.0000 -1.0000
vn 0.0000 0.0000 -1.0000
vn 0.0000 0.0000 1.0000
vn 0.0000 0.0000 1.0000
vn 0.0000 0.0000 1.0000
vn 0.0000 0.0000 -1.0000
vn 0.0000 0.0000 -1.0000
vn 0.0000 0.0000 -1.0000
vn 0.0000 0.0000 1.0000
vn 0.0000 0.0000 1.0000
vn 0.0000 0.0000 1.0000
vn 0.0000 0.0000 -1.0000
vn 0.0000 0.0000 -1.0000
vn 0.0000 0.0000 -1.0000
vn 0.0000 0.0000 1.0000
vn 0.0000 0.0000 1.0000
vn 0.0000 0.0000 1.0000
vn 0.0000 0.0000 -1.0000
vn 0.0000 0.0000 -1.0000
vn 0.0000 0.0000 -1.0000
vn 0.0000 0.0000 1.0000
vn 0.0000 0.0000 1.0000
vn 0.0000 0.0000 1.0000
vn 0.0000 0.0000 -1.0000
vn 0.0000 0.0000 -1.0000
vn 0.0000 0.0000 -1.0000
vn 0.0000 0.0000 1.0000
vn 0.0000 0.0000 1.0000
vn 0.0000 0.0000 1.0000
vn 0.0000 0.0000 -1.0000
vn 0.0000 0.0000 -1.0000
vn 0.0000 0.0000 -1.0000
vn 0.0000 0.0000 1.0000
vn 0.0000 0.0000 1.0000
vn 0.0000 0.0000 1.0000
vn 0.0000 0.0000 -1.0000
vn 0.0000 0.0000 -1.0000
vn 0.0000 0.0000 -1.0000
vn 0.0000 0.0000 1.0000
vn 0.0000 0.0000 1.0000
vn 0.0000 0.0000 1.0000
vn 0.0000 0.0000 -1.0000
vn 0.0000 0.0000 -1.0000
vn 0.0000 0.0000 -1.0000
vn 0.0000 0.0000 1.0000
vn 0.0000 0.0000 1.0000
vn 0.0000 0.0000 1.0000
vn 0.9808 0.1951 0.0000
vn 0.9808 0.1951 0.0000
vn 0.9808 0.1951 0.0000
vn 0.9808 0.1951 0.0000
vn 0.8315 0.5556 0.0000
vn 0.8315 0.5556 0.0000
vn 0.8315 0.5556 0.0000
vn 0.8315 0.5556 0.0000
vn 0.5556 0.8315 0.0000
vn 0.5556 0.8315 0.0000
vn 0.5556 0.8315 0.0000
vn 0.5556 0.8315 0.0000
vn 0.1951 0.9808 0.0000
vn 0.1951 0.9808 0.0000
vn 0.1951 0.9808 0.0000
vn 0.1951 0.9808 0.0000
vn -0.1951 0.9808 0.0000
vn -0.1951 0.9808 0.0000
vn -0.1951 0.9808 0.0000
vn -0.1951 0.9808 0.0000
vn -0.5556 0.8315 0.0000
vn -0.5556 0.8315 0.0000
vn -0.5556 0.8315 0.0000
vn -0.5556 0.8315 0.0000
vn -0.8315 0.5556 0.0000
vn -0.8315 0.5556 0.0000
vn -0.8315 0.5556 0.0000
vn -0.8315 0.5556 0.0000
vn -0.9808 0.1951 0.0000
vn -0.9808 0.1951 0.0000
vn -0.9808 0.1951 0.0000
vn -0.9808 0.1951 0.0000
vn -0.9808 -0.1951 0.0000
vn -0.9808 -0.1951 0.0000
vn -0.9808 -0.1951 0.0000
vn -0.9808 -0.1951 0.0000
vn -0.8315 -0.5556 0.0000
vn -0.8315 -0.5556 0.0000
vn -0.8315 -0.5556 0.0000
vn -0.8315 -0.5556 0.0000
vn -0.5556 -0.8315 0.0000
vn -0.5556 -0.8315 0.0000
vn -0.5556 -0.8315 0.0000
vn -0.5556 -0.8315 0.0000
vn -0.1951 -0.9808 0.0000
vn -0.1951 -0.9808 0.0000
vn -0.1951 -0.9808 0.0000
vn -0.1951 -0.9808 0.0000
vn 0.1951 -0.9808 0.0000
vn 0.1951 -0.9808 0.0000
vn 0.1951 -0.9808 0.0000
vn 0.1951 -0.9808 0.0000
vn 0.5556 -0.8315 0.0000
vn 0.5556 -0.8315 0.0000
vn 0.5556 -0.8315 0.0000
vn 0.5556 -0.8315 0.0000
vn 0.8315 -0.5556 0.0000
vn 0.8315 -0.5556 0.0000
vn 0.8315 -0.5556 0.0000
vn 0.8315 -0.5556 0.0000
vn 0.9808 -0.1951 0.0000
vn 0.9808 -0.1951 0.0000
vn 0.9808 -0.1951 0.0000
vn 0.9808 -0.1951 0.0000
vn 0.0000 0.0000 -1.0000
vn 0.0000 0.0000 -1.0000
vn 0.0000 0.0000 -1.0000
vn 0.0000 0.0000 1.0000
vn 0.0000 0.0000 1.0000
vn 0.0000 0.0000 1.0000
vn 0.0000 0.0000 -1.0000
vn 0.0000 0.0000 -1.0000
vn 0.0000 0.0000 -1.0000
vn 0.0000 0.0000 1.0000
vn 0.0000 0.0000 1.0000
vn 0.0000 0.0000 1.0000
vn 0.0000 0.0000 -1.0000
vn 0.0000 0.0000 -1.0000
vn 0.0000 0.0000 -1.0000
vn 0.0000 0.0000 1.0000
vn 0.0000 0.0000 1.0000
vn 0.0000 0.0000 1.0000
vn 0.0000 0.0000 -1.0000
vn 0.0000 0.0000 -1.0000
vn 0.0000 0.0000 -1.0000
vn 0.0000 0.0000 1.0000
vn 0.0000 0.0000 1.0000
vn 0.0000 0.0000 1.0000
vn 0.0000 0.0000 -1.0000
vn 0.0000 0.0000 -1.0000
vn 0.0000 0.0000 -1.0000
vn 0.0000 0.0000 1.0000
vn 0.0000 0.0000 1.0000
vn 0.0000 0.0000 1.0000
vn 0.0000 0.0000 -1.0000
vn 0.0000 0.0000 -1.0000
vn 0.0000 0.0000 -1.0000
vn 0.0000 0.0000 1.0000
vn 0.0000 0.0000 1.0000
vn 0.0000 0.0000 1.0000
vn 0.0000 0.0000 -1.0000
vn 0.0000 0.0000 -1.0000
vn 0.0000 0.0000 -1.0000
vn 0.0000 0.0000 1.0000
vn 0.0000 0.0000 1.0000
vn 0.0000 0.0000 1.0000
vn 0.0000 0.0000 -1.0000
vn 0.0000 0.0000 -1.0000
vn 0.0000 0.0000 -1.0000
vn 0.0000 0.0000 1.0000
vn 0.0000 0.0000 1.0000
vn 0.0000 0.0000 1.0000
vn 0.0000 0.0000 -1.0000
vn 0.0000 0.0000 -1.0000
vn 0.0000 0.0000 -1.0000
vn 0.0000 0.0000 1.0000
vn 0.0000 0.0000 1.0000
vn 0.0000 0.0000 1.0000
vn 0.0000 0.0000 -1.0000
vn 0.0000 0.0000 -1.0000
vn 0.0000 0.0000 -1.0000
vn 0.0000 0.0000 1.0000
vn 0.0000 0.0000 1.0000
vn 0.0000 0.0000 1.0000
vn 0.0000 0.0000 -1.0000
vn 0.0000 0.0000 -1.0000
vn 0.0000 0.0000 -1.0000
vn 0.0000 0.0000 1.0000
vn 0.0000 0.0000 1.0000
vn 0.0000 0.0000 1.0000
vn 0.0000 0.0000 -1.0000
vn 0.0000 0.0000 -1.0000
vn 0.0000 0.0000 -1.0000
vn 0.0000 0.0000 1.0000
vn 0.0000 0.0000 1.0000
vn 0.0000 0.0000 1.0000
vn 0.0000 0.0000 -1.0000
vn 0.0000 0.0000 -1.0000
vn 0.0000 0.0000 -1.0000
vn 0.0000 0.0000 1.0000
vn 0.0000 0.0000 1.0000
vn 0.0000 0.0000 1.0000
vn 0.0000 0.0000 -1.0000
vn 0.0000 0.0000 -1.0000
vn 0.0000 0.0000 -1.0000
vn 0.0000 0.0000 1.0000
vn 0.0000 0.0000 1.0000
vn 0.0000 0.0000 1.0000
vn 0.0000 0.0000 -1.0000
vn 0.0000 0.0000 -1.0000
vn 0.0000 0.0000 -1.0000
vn 0.0000 0.0000 1.0000
vn 0.0000 0.0000 1.0000
vn 0.0000 0.0000 1.0000
vn 0.0000 0.0000 -1.0000
vn 0.0000 0.0000 -1.0000
vn 0.0000 0.0000 -1.0000
vn 0.0000 0.0000 1.0000
vn 0.0000 0.0000 1.0000
vn 0.0000 0.0000 1.0000
vn 0.9808 0.1951 0.0000
vn 0.9808 0.1951 0.0000
vn 0.9808 0.1951 0.0000
vn 0.9808 0.1951 0.0000
vn 0.8315 0.5556 0.0000
vn 0.8315 0.5556 0.0000
vn 0.8315 0.5556 0.0000
vn 0.8315 0.5556 0.0000
vn 0.5556 0.8315 0.0000
vn 0.5556 0.8315 0.0000
vn 0.5556 0.8315 0.0000
vn 0.5556 0.8315 0.0000
vn 0.1951 0.9808 0.0000
vn 0.1951 0.9808 0.0000
vn 0.1951 0.9808 0.0000
vn 0.1951 0.9808 0.0000
vn -0.1951 0.9808 0.0000
vn -0.1951 0.9808 0.0000
vn -0.1951 0.9808 0.0000
vn -0.1951 0.9808 0.0000
vn -0.5556 0.8315 0.0000
vn -0.5556 0.8315 0.0000
vn -0.5556 0.8315 0.0000
vn -0.5556 0.8315 0.0000
vn -0.8315 0.5556 0.0000
vn -0.8315 0.5556 0.0000
vn -0.8315 0.5556 0.0000
vn -0.8315 0.5556 0.0000
vn -0.9808 0.1951 0.0000
vn -0.9808 0.1951 0.0000
vn -0.9808 0.1951 0.0000
vn -0.9808 0.1951 0.0000
vn -0.9808 -0.1951 0.0000
vn -0.9808 -0.1951 0.0000
vn -0.9808 -0.1951 0.0000
vn -0.9808 -0.1951 0.0000
vn -0.8315 -0.5556 0.0000
vn -0.8315 -0.5556 0.0000
vn -0.8315 -0.5556 0.0000
vn -0.8315 -0.5556 0.0000
vn -0.5556 -0.8315 0.0000
vn -0.5556 -0.8315 0.0000
vn -0.5556 -0.8315 0.0000
vn -0.5556 -0.8315 0.0000
vn -0.1951 -0.9808 0.0000
vn -0.1951 -0.9808 0.0000
vn -0.1951 -0.9808 0.0000
vn -0.1951 -0.9808 0.0000
vn 0.1951 -0.9808 0.0000
vn 0.1951 -0.9808 0.0000
vn 0.1951 -0.9808 0.0000
vn 0.1951 -0.9808 0.0000
vn 0.5556 -0.8315 0.0000
vn 0.5556 -0.8315 0.0000
vn 0.5556 -0.8315 0.0000
vn 0.5556 -0.8315 0.0000
vn 0.8315 -0.5556 0.0000
vn 0.8315 -0.5556 0.0000
vn 0.8315 -0.5556 0.0000
vn 0.8315 -0.5556 0.0000
vn 0.9808 -0.1951 0.0000
vn 0.9808 -0.1951 0.0000
vn 0.9808 -0.1951 0.0000
vn 0.9808 -0.1951 0.0000
vn 0.0000 0.0000 -1.0000
vn 0.0000 0.0000 -1.0000
vn 0.0000 0.0000 -1.0000
vn 0.0000 0.0000 1.0000
vn 0.0000 0.0000 1.0000
vn 0.0000 0.0000 1.0000
vn 0.0000 0.0000 -1.0000
vn 0.0000 0.0000 -1.0000
vn 0.0000 0.0000 -1.0000
vn 0.0000 0.0000 1.0000
vn 0.0000 0.0000 1.0000
vn 0.0000 0.0000 1.0000
vn 0.0000 0.0000 -1.0000
vn 0.0000 0.0000 -1.0000
vn 0.0000 0.0000 -1.0000
vn 0.0000 0.0000 1.0000
vn 0.0000 0.0000 1.0000
vn 0.0000 0.0000 1.0000
vn 0.0000 0.0000 -1.0000
vn 0.0000 0.0000 -1.0000
vn 0.0000 0.0000 -1.0000
vn 0.0000 0.0000 1.0000
vn 0.0000 0.0000 1.0000
vn 0.0000 0.0000 1.0000
vn 0.0000 0.0000 -1.0000
vn 0.0000 0.0000 -1.0000
vn 0.0000 0.0000 -1.0000
vn 0.0000 0.0000 1.0000
vn 0.0000 0.0000 1.0000
vn 0.0000 0.0000 1.0000
vn 0.0000 0.0000 -1.0000
vn 0.0000 0.0000 -1.0000
vn 0.0000 0.0000 -1.0000
vn 0.0000 0.0000 1.0000
vn 0.0000 0.0000 1.0000
vn 0.0000 0.0000 1.0000
vn 0.0000 0.0000 -1.0000
vn 0.0000 0.0000 -1.0000
vn 0.0000 0.0000 -1.0000
vn 0.0000 0.0000 1.0000
vn 0.0000 0.0000 1.0000
vn 0.0000 0.0000 1.0000
vn 0.0000 0.0000 -1.0000
vn 0.0000 0.0000 -1.0000
vn 0.0000 0.0000 -1.0000
vn 0.0000 0.0000 1.0000
vn 0.0000 0.0000 1.0000
vn 0.0000 0.0000 1.0000
vn 0.0000 0.0000 -1.0000
vn 0.0000 0.0000 -1.0000
vn 0.0000 0.0000 -1.0000
vn 0.0000 0.0000 1.0000
vn 0.0000 0.0000 1.0000
vn 0.0000 0.0000 1.0000
vn 0.0000 0.0000 -1.0000
vn 0.0000 0.0000 -1.0000
vn 0.0000 0.0000 -1.0000
vn 0.0000 0.0000 1.0000
vn 0.0000 0.0000 1.0000
vn 0.0000 0.0000 1.0000
vn 0.0000 0.0000 -1.0000
vn 0.0000 0.0000 -1.0000
vn 0.0000 0.0000 -1.0000
vn 0.0000 0.0000 1.0000
vn 0.0000 0.0000 1.0000
vn 0.0000 0.0000 1.0000
vn 0.0000 0.0000 -1.0000
vn 0.0000 0.0000 -1.0000
vn 0.0000 0.0000 -1.0000
vn 0.0000 0.0000 1.0000
vn 0.0000 0.0000 1.0000
vn 0.0000 0.0000 1.0000
vn 0.0000 0.0000 -1.0000
vn 0.0000 0.0000 -1.0000
vn 0.0000 0.0000 -1.0000
vn 0.0000 0.0000 1.0000
vn 0.0000 0.0000 1.0000
vn 0.0000 0.0000 1.0000
vn 0.0000 0.0000 -1.0000
vn 0.0000 0.0000 -1.0000
vn 0.0000 0.0000 -1.0000
vn 0.0000 0.0000 1.0000
vn 0.0000 0.0000 1.0000
vn 0.0000 0.0000 1.0000
vn 0.0000 0.0000 -1.0000
vn 0.0000 0.0000 -1.0000
vn 0.0000 0.0000 -1.0000
vn 0.0000 0.0000 1.0000
vn 0.0000 0.0000 1.0000
vn 0.0000 0.0000 1.0000
vn 0.0000 0.0000 -1.0000
vn 0.0000 0.0000 -1.0000
vn 0.0000 0.0000 -1.0000
vn 0.0000 0.0000 1.0000
vn 0.0000 0.0000 1.0000
vn 0.0000 0.0000 1.0000
vn 0.9808 0.1951 0.0000
vn 0.9808 0.1951 0.0000
vn 0.9808 0.1951 0.0000
vn 0.9808 0.1951 0.0000
vn 0.8315 0.5556 0.0000
vn 0.8315 0.5556 0.0000
vn 0.8315 0.5556 0.0000
vn 0.8315 0.5556 0.0000
vn 0.5556 0.8315 0.0000
vn 0.5556 0.8315 0.0000
vn 0.5556 0.8315 0.0000
vn 0.5556 0.8315 0.0000
vn 0.1951 0.9808 0.0000
vn 0.1951 0.9808 0.0000
vn 0.1951 0.9808 0.0000
vn 0.1951 0.9808 0.0000
vn -0.1951 0.9808 0.0000
vn -0.1951 0.9808 0.0000
vn -0.1951 0.9808 0.0000
vn -0.1951 0.9808 0.0000
vn -0.5556 0.8315 0.0000
vn -0.5556 0.8315 0.0000
vn -0.5556 0.8315 0.0000
vn -0.5556 0.8315 0.0000
vn -0.8315 0.5556 0.0000
vn -0.8315 0.5556 0.0000
vn -0.8315 0.5556 0.0000
vn -0.8315 0.5556 0.0000
vn -0.9808 0.1951 0.0000
vn -0.9808 0.1951 0.0000
vn -0.9808 0.1951 0.0000
vn -0.9808 0.1951 0.0000
vn -0.9808 -0.1951 0.0000
vn -0.9808 -0.1951 0.0000
vn -0.9808 -0.1951 0.0000
vn -0.9808 -0.1951 0.0000
vn -0.8315 -0.5556 0.0000
vn -0.8315 -0.5556 0.0000
vn -0.8315 -0.5556 0.0000
vn -0.8315 -0.5556 0.0000
vn -0.5556 -0.8315 0.0000
vn -0.5556 -0.8315 0.0000
vn -0.5556 -0.8315 0.0000
vn -0.5556 -0.8315 0.0000
vn -0.1951 -0.9808 0.0000
vn -0.1951 -0.9808 0.0000
vn -0.1951 -0.9808 0.0000
vn -0.1951 -0.9808 0.0000
vn 0.1951 -0.9808 0.0000
vn 0.1951 -0.9808 0.0000
vn 0.1951 -0.9808 0.0000
vn 0.1951 -0.9808 0.0000
vn 0.5556 -0.8315 0.0000
vn 0.5556 -0.8315 0.0000
vn 0.5556 -0.8315 0.0000
vn 0.5556 -0.8315 0.0000
vn 0.8315 -0.5556 0.0000
vn 0.8315 -0.5556 0.0000
vn 0.8315 -0.5556 0.0000
vn 0.8315 -0.5556 0.0000
vn 0.9808 -0.1951 0.0000
vn 0.9808 -0.1951 0.0000
vn 0.9808 -0.1951 0.0000
vn 0.9808 -0.1951 0.0000
vn 0.0000 0.0000 -1.0000
vn 0.0000 0.0000 -1.0000
vn 0.0000 0.0000 -1.0000
vn 0.0000 0.0000 1.0000
vn 0.0000 0.0000 1.0000
vn 0.0000 0.0000 1.0000
vn 0.0000 0.0000 -1.0000
vn 0.0000 0.0000 -1.0000
vn 0.0000 0.0000 -1.0000
vn 0.0000 0.0000 1.0000
vn 0.0000 0.0000 1.0000
vn 0.0000 0.0000 1.0000
vn 0.0000 0.0000 -1.0000
vn 0.0000 0.0000 -1.0000
vn 0.0000 0.0000 -1.0000
vn 0.0000 0.0000 1.0000
vn 0.0000 0.0000 1.0000
vn 0.0000 0.0000 1.0000
vn 0.0000 0.0000 -1.0000
vn 0.0000 0.0000 -1.0000
vn 0.0000 0.0000 -1.0000
vn 0.0000 0.0000 1.0000
vn 0.0000 0.0000 1.0000
vn 0.0000 0.0000 1.0000
vn 0.0000 0.0000 -1.0000
vn 0.0000 0.0000 -1.0000
vn 0.0000 0.0000 -1.0000
vn 0.0000 0.0000 1.0000
vn 0.0000 0.0000 1.0000
vn 0.0000 0.0000 1.0000
vn 0.0000 0.0000 -1.0000
vn 0.0000 0.0000 -1.0000
vn 0.0000 0.0000 -1.0000
vn 0.0000 0.0000 1.0000
vn 0.0000 0.0000 1.0000
vn 0.0000 0.0000 1.0000
vn 0.0000 0.0000 -1.0000
vn 0.0000 0.0000 -1.0000
vn 0.0000 0.0000 -1.0000
vn 0.0000 0.0000 1.0000
vn 0.0000 0.0000 1.0000
vn 0.0000 0.0000 1.0000
vn 0.0000 0.0000 -1.0000
vn 0.0000 0.0000 -1.0000
vn 0.0000 0.0000 -1.0000
vn 0.0000 0.0000 1.0000
vn 0.0000 0.0000 1.0000
vn 0.0000 0.0000 1.0000
vn 0.0000 0.0000 -1.0000
vn 0.0000 0.0000 -1.0000
vn 0.0000 0.0000 -1.0000
vn 0.0000 0.0000 1.0000
vn 0.0000 0.0000 1.0000
vn 0.0000 0.0000 1.0000
vn 0.0000 0.0000 -1.0000
vn 0.0000 0.0000 -1.0000
vn 0.0000 0.0000 -1.0000
vn 0.0000 0.0000 1.0000
vn 0.0000 0.0000 1.0000
vn 0.0000 0.0000 1.0000
vn 0.0000 0.0000 -1.0000
vn 0.0000 0.0000 -1.0000
vn 0.0000 0.0000 -1.0000
vn 0.0000 0.0000 1.0000
vn 0.0000 0.0000 1.0000
vn 0.0000 0.0000 1.0000
vn 0.0000 0.0000 -1.0000
vn 0.0000 0.0000 -1.0000
vn 0.0000 0.0000 -1.0000
vn 0.0000 0.0000 1.0000
vn 0.0000 0.0000 1.0000
vn 0.0000 0.0000 1.0000
vn 0.0000 0.0000 -1.0000
vn 0.0000 0.0000 -1.0000
vn 0.0000 0.0000 -1.0000
vn 0.0000 0.0000 1.0000
vn 0.0000 0.0000 1.0000
vn 0.0000 0.0000 1.0000
vn 0.0000 0.0000 -1.0000
vn 0.0000 0.0000 -1.0000
vn 0.0000 0.0000 -1.0000
vn 0.0000 0.0000 1.0000
vn 0.0000 0.0000 1.0000
vn 0.0000 0.0000 1.0000
vn 0.0000 0.0000 -1.0000
vn 0.0000 0.0000 -1.0000
vn 0.0000 0.0000 -1.0000
vn 0.0000 0.0000 1.0000
vn 0.0000 0.0000 1.0000
vn 0.0000 0.0000 1.0000
vn 0.0000 0.0000 -1.0000
vn 0.0000 0.0000 -1.0000
vn 0.0000 0.0000 -1.0000
vn 0.0000 0.0000 1.0000
vn 0.0000 0.0000 1.0000
vn 0.0000 0.0000 1.0000
vn 0.9808 0.1951 0.0000
vn 0.9808 0.1951 0.0000
vn 0.9808 0.1951 0.0000
vn 0.9808 0.1951 0.0000
vn 0.8315 0.5556 0.0000
vn 0.8315 0.5556 0.0000
vn 0.8315 0.5556 0.0000
vn 0.8315 0.5556 0.0000
vn 0.5556 0.8315 0.0000
vn 0.5556 0.8315 0.0000
vn 0.5556 0.8315 0.0000
vn 0.5556 0.8315 0.0000
vn 0.1951 0.9808 0.0000
vn 0.1951 0.9808 0.0000
vn 0.1951 0.9808 0.0000
vn 0.1951 0.9808 0.0000
vn -0.1951 0.9808 0.0000
vn -0.1951 0.9808 0.0000
vn -0.1951 0.9808 0.0000
vn -0.1951 0.9808 0.0000
vn -0.5556 0.8315 0.0000
vn -0.5556 0.8315 0.0000
vn -0.5556 0.8315 0.0000
vn -0.5556 0.8315 0.0000
vn -0.8315 0.5556 0.0000
vn -0.8315 0.5556 0.0000
vn -0.8315 0.5556 0.0000
vn -0.8315 0.5556 0.0000
vn -0.9808 0.1951 0.0000
vn -0.9808 0.1951 0.0000
vn -0.9808 0.1951 0.0000
vn -0.9808 0.1951 0.0000
vn -0.9808 -0.1951 0.0000
vn -0.9808 -0.1951 0.0000
vn -0.9808 -0.1951 0.0000
vn -0.9808 -0.1951 0.0000
vn -0.8315 -0.5556 0.0000
vn -0.8315 -0.5556 0.0000
vn -0.8315 -0.5556 0.0000
vn -0.8315 -0.5556 0.0000
vn -0.5556 -0.8315 0.0000
vn -0.5556 -0.8315 0.0000
vn -0.5556 -0.8315 0.0000
vn -0.5556 -0.8315 0.0000
vn -0.1951 -0.9808 0.0000
vn -0.1951 -0.9808 0.0000
vn -0.1951 -0.9808 0.0000
vn -0.1951 -0.9808 0.0000
vn 0.1951 -0.9808 0.0000
vn 0.1951 -0.9808 0.0000
vn 0.1951 -0.9808 0.0000
vn 0.1951 -0.9808 0.0000
vn 0.5556 -0.8315 0.0000
vn 0.5556 -0.8315 0.0000
vn 0.5556 -0.8315 0.0000
vn 0.5556 -0.8315 0.0000
vn 0.8315 -0.5556 0.0000
vn 0.8315 -0.5556 0.0000
vn 0.8315 -0.5556 0.0000
vn 0.8315 -0.5556 0.0000
vn 0.9808 -0.1951 0.0000
vn 0.9808 -0.1951 0.0000
vn 0.9808 -0.1951 0.0000
vn 0.9808 -0.1951 0.0000
vn 0.0000 0.0000 -1.0000
vn 0.0000 0.0000 -1.0000
vn 0.0000 0.0000 -1.0000
vn 0.0000 0.0000 1.0000
vn 0.0000 0.0000 1.0000
vn 0.0000 0.0000 1.0000
vn 0.0000 0.0000 -1.0000
vn 0.0000 0.0000 -1.0000
vn 0.0000 0.0000 -1.0000
vn 0.0000 0.0000 1.0000
vn 0.0000 0.0000 1.0000
vn 0.0000 0.0000 1.0000
vn 0.0000 0.0000 -1.0000
vn 0.0000 0.0000 -1.0000
vn 0.0000 0.0000 -1.0000
vn 0.0000 0.0000 1.0000
vn 0.0000 0.0000 1.0000
vn 0.0000 0.0000 1.0000
vn 0.0000 0.0000 -1.0000
vn 0.0000 0.0000 -1.0000
vn 0.0000 0.0000 -1.0000
vn 0.0000 0.0000 1.0000
vn 0.0000 0.0000 1.0000
vn 0.0000 0.0000 1.0000
vn 0.0000 0.0000 -1.0000
vn 0.0000 0.0000 -1.0000
vn 0.0000 0.0000 -1.0000
vn 0.0000 0.0000 1.0000
vn 0.0000 0.0000 1.0000
vn 0.0000 0.0000 1.0000
vn 0.0000 0.0000 -1.0000
vn 0.0000 0.0000 -1.0000
vn 0.0000 0.0000 -1.0000
vn 0.0000 0.0000 1.0000
vn 0.0000 0.0000 1.0000
vn 0.0000 0.0000 1.0000
vn 0.0000 0.0000 -1.0000
vn 0.0000 0.0000 -1.0000
vn 0.0000 0.0000 -1.0000
vn 0.0000 0.0000 1.0000
vn 0.0000 0.0000 1.0000
vn 0.0000 0.0000 1.0000
vn 0.0000 0.0000 -1.0000
vn 0.0000 0.0000 -1.0000
vn 0.0000 0.0000 -1.0000
vn 0.0000 0.0000 1.0000
vn 0.0000 0.0000 1.0000
vn 0.0000 0.0000 1.0000
vn 0.0000 0.0000 -1.0000
vn 0.0000 0.0000 -1.0000
vn 0.0000 0.0000 -1.0000
vn 0.0000 0.0000 1.0000
vn 0.0000 0.0000 1.0000
vn 0.0000 0.0000 1.0000
vn 0.0000 0.0000 -1.0000
vn 0.0000 0.0000 -1.0000
vn 0.0000 0.0000 -1.0000
vn 0.0000 0.0000 1.0000
vn 0.0000 0.0000 1.0000
vn 0.0000 0.0000 1.0000
vn 0.0000 0.0000 -1.0000
vn 0.0000 0.0000 -1.0000
vn 0.0000 0.0000 -1.0000
vn 0.0000 0.0000 1.0000
vn 0.0000 0.0000 1.0000
vn 0.0000 0.0000 1.0000
vn 0.0000 0.0000 -1.0000
vn 0.0000 0.0000 -1.0000
vn 0.0000 0.0000 -1.0000
vn 0.0000 0.0000 1.0000
vn 0.0000 0.0000 1.0000
vn 0.0000 0.0000 1.0000
vn 0.0000 0.0000 -1.0000
vn 0.0000 0.0000 -1.0000
vn 0.0000 0.0000 -1.0000
vn 0.0000 0.0000 1.0000
vn 0.0000 0.0000 1.0000
vn 0.0000 0.0000 1.0000
vn 0.0000 0.0000 -1.0000
vn 0.0000 0.0000 -1.0000
vn 0.0000 0.0000 -1.0000
vn 0.0000 0.0000 1.0000
vn 0.0000 0.0000 1.0000
vn 0.0000 0.0000 1.0000
vn 0.0000 0.0000 -1.0000
vn 0.0000 0.0000 -1.0000
vn 0.0000 0.0000 -1.0000
vn 0.0000 0.0000 1.0000
vn 0.0000 0.0000 1.0000
vn 0.0000 0.0000 1.0000
vn 0.0000 0.0000 -1.0000
vn 0.0000 0.0000 -1.0000
vn 0.0000 0.0000 -1.0000
vn 0.0000 0.0000 1.0000
vn 0.0000 0.0000 1.0000
vn 0.0000 0.0000 1.0000
vn 0.9808 0.1951 0.0000
vn 0.9808 0.1951 0.0000
vn 0.9808 0.1951 0.0000
vn 0.9808 0.1951 0.0000
vn 0.8315 0.5556 0.0000
vn 0.8315 0.5556 0.0000
vn 0.8315 0.5556 0.0000
vn 0.8315 0.5556 0.0000
vn 0.5556 0.8315 0.0000
vn 0.5556 0.8315 0.0000
vn 0.5556 0.8315 0.0000
vn 0.5556 0.8315 0.0000
vn 0.1951 0.9808 0.0000
vn 0.1951 0.9808 0.0000
vn 0.1951 0.9808 0.0000
vn 0.1951 0.9808 0.0000
vn -0.1951 0.9808 0.0000
vn -0.1951 0.9808 0.0000
vn -0.1951 0.9808 0.0000
vn -0.1951 0.9808 0.0000
vn -0.5556 0.8315 0.0000
vn -0.5556 0.8315 0.0000
vn -0.5556 0.8315 0.0000
vn -0.5556 0.8315 0.0000
vn -0.8315 0.5556 0.0000
vn -0.8315 0.5556 0.0000
vn -0.8315 0.5556 0.0000
vn -0.8315 0.5556 0.0000
vn -0.9808 0.1951 0.0000
vn -0.9808 0.1951 0.0000
vn -0.9808 0.1951 0.0000
vn -0.9808 0.1951 0.0000
vn -0.9808 -0.1951 0.0000
vn -0.9808 -0.1951 0.0000
vn -0.9808 -0.1951 0.0000
vn -0.9808 -0.1951 0.0000
vn -0.8315 -0.5556 0.0000
vn -0.8315 -0.5556 0.0000
vn -0.8315 -0.5556 0.0000
vn -0.8315 -0.5556 0.0000
vn -0.5556 -0.8315 0.0000
vn -0.5556 -0.8315 0.0000
vn -0.5556 -0.8315 0.0000
vn -0.5556 -0.8315 0.0000
vn -0.1951 -0.9808 0.0000
vn -0.1951 -0.9808 0.0000
vn -0.1951 -0.9808 0.0000
vn -0.1951 -0.9808 0.0000
vn 0.1951 -0.9808 0.0000
vn 0.1951 -0.9808 0.0000
vn 0.1951 -0.9808 0.0000
vn 0.1951 -0.9808 0.0000
vn 0.5556 -0.8315 0.0000
vn 0.5556 -0.8315 0.0000
vn 0.5556 -0.8315 0.0000
vn 0.5556 -0.8315 0.0000
vn 0.8315 -0.5556 0.0000
vn 0.8315 -0.5556 0.0000
vn 0.8315 -0.5556 0.0000
vn 0.8315 -0.5556 0.0000
vn 0.9808 -0.1951 0.0000
vn 0.9808 -0.1951 0.0000
vn 0.9808 -0.1951 0.0000
vn 0.9808 -0.1951 0.0000
vn 0.0000 0.0000 -1.0000
vn 0.0000 0.0000 -1.0000
vn 0.0000 0.0000 -1.0000
vn 0.0000 0.0000 1.0000
vn 0.0000 0.0000 1.0000
vn 0.0000 0.0000 1.0000
vn 0.0000 0.0000 -1.0000
vn 0.0000 0.0000 -1.0000
vn 0.0000 0.0000 -1.0000
vn 0.0000 0.0000 1.0000
vn 0.0000 0.0000 1.0000
vn 0.0000 0.0000 1.0000
vn 0.0000 0.0000 -1.0000
vn 0.0000 0.0000 -1.0000
vn 0.0000 0.0000 -1.0000
vn 0.0000 0.0000 1.0000
vn 0.0000 0.0000 1.0000
vn 0.0000 0.0000 1.0000
vn 0.0000 0.0000 -1.0000
vn 0.0000 0.0000 -1.0000
vn 0.0000 0.0000 -1.0000
vn 0.0000 0.0000 1.0000
vn 0.0000 0.0000 1.0000
vn 0.0000 0.0000 1.0000
vn 0.0000 0.0000 -1.0000
vn 0.0000 0.0000 -1.0000
vn 0.0000 0.0000 -1.0000
vn 0.0000 0.0000 1.0000
vn 0.0000 0.0000 1.0000
vn 0.0000 0.0000 1.0000
vn 0.0000 0.0000 -1.0000
vn 0.0000 0.0000 -1.0000
vn 0.0000 0.0000 -1.0000
vn 0.0000 0.0000 1.0000
vn 0.0000 0.0000 1.0000
vn 0.0000 0.0000 1.0000
vn 0.0000 0.0000 -1.0000
vn 0.0000 0.0000 -1.0000
vn 0.0000 0.0000 -1.0000
vn 0.0000 0.0000 1.0000
vn 0.0000 0.0000 1.0000
vn 0.0000 0.0000 1.0000
vn 0.0000 0.0000 -1.0000
vn 0.0000 0.0000 -1.0000
vn 0.0000 0.0000 -1.0000
vn 0.0000 0.0000 1.0000
vn 0.0000 0.0000 1.0000
vn 0.0000 0.0000 1.0000
vn 0.0000 0.0000 -1.0000
vn 0.0000 0.0000 -1.0000
vn 0.0000 0.0000 -1.0000
vn 0.0000 0.0000 1.0000
vn 0.0000 0.0000 1.0000
vn 0.0000 0.0000 1.0000
vn 0.0000 0.0000 -1.0000
vn 0.0000 0.0000 -1.0000
vn 0.0000 0.0000 -1.0000
vn 0.0000 0.0000 1.0000
vn 0.0000 0.0000 1.0000
vn 0.0000 0.0000 1.0000
vn 0.0000 0.0000 -1.0000
vn 0.0000 0.0000 -1.0000
vn 0.0000 0.0000 -1.0000
vn 0.0000 0.0000 1.0000
vn 0.0000 0.0000 1.0000
vn 0.0000 0.0000 1.0000
vn 0.0000 0.0000 -1.0000
vn 0.0000 0.0000 -1.0000
vn 0.0000 0.0000 -1.0000
vn 0.0000 0.0000 1.0000
vn 0.0000 0.0000 1.0000
vn 0.0000 0.0000 1.0000
vn 0.0000 0.0000 -1.0000
vn 0.0000 0.0000 -1.0000
vn 0.0000 0.0000 -1.0000
vn 0.0000 0.0000 1.0000
vn 0.0000 0.0000 1.0000
vn 0.0000 0.0000 1.0000
vn 0.0000 0.0000 -1.0000
vn 0.0000 0.0000 -1.0000
vn 0.0000 0.0000 -1.0000
vn 0.0000 0.0000 1.0000
vn 0.0000 0.0000 1.0000
vn 0.0000 0.0000 1.0000
vn 0.0000 0.0000 -1.0000
vn 0.0000 0.0000 -1.0000
vn 0.0000 0.0000 -1.0000
vn 0.0000 0.0000 1.0000
vn 0.0000 0.0000 1.0000
vn 0.0000 0.0000 1.0000
vn 0.0000 0.0000 -1.0000
vn 0.0000 0.0000 -1.0000
vn 0.0000 0.0000 -1.0000
vn 0.0000 0.0000 1.0000
vn 0.0000 0.0000 1.0000
vn 0.0000 0.0000 1.0000
vn 0.9808 0.1951 0.0000
vn 0.9808 0.1951 0.0000
vn 0.9808 0.1951 0.0000
vn 0.9808 0.1951 0.0000
vn 0.8315 0.5556 0.0000
vn 0.8315 0.5556 0.0000
vn 0.8315 0.5556 0.0000
vn 0.8315 0.5556 0.0000
vn 0.5556 0.8315 0.0000
vn 0.5556 0.8315 0.0000
vn 0.5556 0.8315 0.0000
vn 0.5556 0.8315 0.0000
vn 0.1951 0.9808 0.0000
vn 0.1951 0.9808 0.0000
vn 0.1951 0.9808 0.0000
vn 0.1951 0.9808 0.0000
vn -0.1951 0.9808 0.0000
vn -0.1951 0.9808 0.0000
vn -0.1951 0.9808 0.0000
vn -0.1951 0.9808 0.0000
vn -0.5556 0.8315 0.0000
vn -0.5556 0.8315 0.0000
vn -0.5556 0.8315 0.0000
vn -0.5556 0.8315 0.0000
vn -0.8315 0.5556 0.0000
vn -0.8315 0.5556 0.0000
vn -0.8315 0.5556 0.0000
vn -0.8315 0.5556 0.0000
vn -0.9808 0.1951 0.0000
vn -0.9808 0.1951 0.0000
vn -0.9808 0.1951 0.0000
vn -0.9808 0.1951 0.0000
vn -0.9808 -0.1951 0.0000
vn -0.9808 -0.1951 0.0000
vn -0.9808 -0.1951 0.0000
vn -0.9808 -0.1951 0.0000
vn -0.8315 -0.5556 0.0000
vn -0.8315 -0.5556 0.0000
vn -0.8315 -0.5556 0.0000
vn -0.8315 -0.5556 0.0000
vn -0.5556 -0.8315 0.0000
vn -0.5556 -0.8315 0.0000
vn -0.5556 -0.8315 0.0000
vn -0.5556 -0.8315 0.0000
vn -0.1951 -0.9808 0.0000
vn -0.1951 -0.9808 0.0000
vn -0.1951 -0.9808 0.0000
vn -0.1951 -0.9808 0.0000
vn 0.1951 -0.9808 0.0000
vn 0.1951 -0.9808 0.0000
vn 0.1951 -0.9808 0.0000
vn 0.1951 -0.9808 0.0000
vn 0.5556 -0.8315 0.0000
vn 0.5556 -0.8315 0.0000
vn 0.5556 -0.8315 0.0000
vn 0.5556 -0.8315 0.0000
vn 0.8315 -0.5556 0.0000
vn 0.8315 -0.5556 0.0000
vn 0.8315 -0.5556 0.0000
vn 0.8315 -0.5556 0.0000
vn 0.9808 -0.1951 0.0000
vn 0.9808 -0.1951 0.0000
vn 0.9808 -0.1951 0.0000
vn 0.9808 -0.1951 0.0000
vn 0.0000 0.0000 -1.0000
vn 0.0000 0.0000 -1.0000
vn 0.0000 0.0000 -1.0000
vn 0.0000 0.0000 1.0000
vn 0.0000 0.0000 1.0000
vn 0.0000 0.0000 1.0000
vn 0.0000 0.0000 -1.0000
vn 0.0000 0.0000 -1.0000
vn 0.0000 0.0000 -1.0000
vn 0.0000 0.0000 1.0000
vn 0.0000 0.0000 1.0000
vn 0.0000 0.0000 1.0000
vn 0.0000 0.0000 -1.0000
vn 0.0000 0.0000 -1.0000
vn 0.0000 0.0000 -1.0000
vn 0.0000 0.0000 1.0000
vn 0.0000 0.0000 1.0000
vn 0.0000 0.0000 1.0000
vn 0.0000 0.0000 -1.0000
vn 0.0000 0.0000 -1.0000
vn 0.0000 0.0000 -1.0000
vn 0.0000 0.0000 1.0000
vn 0.0000 0.0000 1.0000
vn 0.0000 0.0000 1.0000
vn 0.0000 0.0000 -1.0000
vn 0.0000 0.0000 -1.0000
vn 0.0000 0.0000 -1.0000
vn 0.0000 0.0000 1.0000
vn 0.0000 0.0000 1.0000
vn 0.0000 0.0000 1.0000
vn 0.0000 0.0000 -1.0000
vn 0.0000 0.0000 -1.0000
vn 0.0000 0.0000 -1.0000
vn 0.0000 0.0000 1.0000
vn 0.0000 0.0000 1.0000
vn 0.0000 0.0000 1.0000
vn 0.0000 0.0000 -1.0000
vn 0.0000 0.0000 -1.0000
vn 0.0000 0.0000 -1.0000
vn 0.0000 0.0000 1.0000
vn 0.0000 0.0000 1.0000
vn 0.0000 0.0000 1.0000
vn 0.0000 0.0000 -1.0000
vn 0.0000 0.0000 -1.0000
vn 0.0000 0.0000 -1.0000
vn 0.0000 0.0000 1.0000
vn 0.0000 0.0000 1.0000
vn 0.0000 0.0000 1.0000
vn 0.0000 0.0000 -1.0000
vn 0.0000 0.0000 -1.0000
vn 0.0000 0.0000 -1.0000
vn 0.0000 0.0000 1.0000
vn 0.0000 0.0000 1.0000
vn 0.0000 0.0000 1.0000
vn 0.0000 0.0000 -1.0000
vn 0.0000 0.0000 -1.0000
vn 0.0000 0.0000 -1.0000
vn 0.0000 0.0000 1.0000
vn 0.0000 0.0000 1.0000
vn 0.0000 0.0000 1.0000
vn 0.0000 0.0000 -1.0000
vn 0.0000 0.0000 -1.0000
vn 0.0000 0.0000 -1.0000
vn 0.0000 0.0000 1.0000
vn 0.0000 0.0000 1.0000
vn 0.0000 0.0000 1.0000
vn 0.0000 0.0000 -1.0000
vn 0.0000 0.0000 -1.0000
vn 0.0000 0.0000 -1.0000
vn 0.0000 0.0000 1.0000
vn 0.0000 0.0000 1.0000
vn 0.0000 0.0000 1.0000
vn 0.0000 0.0000 -1.0000
vn 0.0000 0.0000 -1.0000
vn 0.0000 0.0000 -1.0000
vn 0.0000 0.0000 1.0000
vn 0.0000 0.0000 1.0000
vn 0.0000 0.0000 1.0000
vn 0.0000 0.0000 -1.0000
vn 0.0000 0.0000 -1.0000
vn 0.0000 0.0000 -1.0000
vn 0.0000 0.0000 1.0000
vn 0.0000 0.0000 1.0000
vn 0.0000 0.0000 1.0000
vn 0.0000 0.0000 -1.0000
vn 0.0000 0.0000 -1.0000
vn 0.0000 0.0000 -1.0000
vn 0.0000 0.0000 1.0000
vn 0.0000 0.0000 1.0000
vn 0.0000 0.0000 1.0000
vn 0.0000 0.0000 -1.0000
vn 0.0000 0.0000 -1.0000
vn 0.0000 0.0000 -1.0000
vn 0.0000 0.0000 1.0000
vn 0.0000 0.0000 1.0000
vn 0.0000 0.0000 1.0000
vn 0.9808 0.1951 0.0000
vn 0.9808 0.1951 0.0000
vn 0.9808 0.1951 0.0000
vn 0.9808 0.1951 0.0000
vn 0.8315 0.5556 0.0000
vn 0.8315 0.5556 0.0000
vn 0.8315 0.5556 0.0000
vn 0.8315 0.5556 0.0000
vn 0.5556 0.8315 0.0000
vn 0.5556 0.8315 0.0000
vn 0.5556 0.8315 0.0000
vn 0.5556 0.8315 0.0000
vn 0.1951 0.9808 0.0000
vn 0.1951 0.9808 0.0000
vn 0.1951 0.9808 0.0000
vn 0.1951 0.9808 0.0000
vn -0.1951 0.9808 0.0000
vn -0.1951 0.9808 0.0000
vn -0.1951 0.9808 0.0000
vn -0.1951 0.9808 0.0000
vn -0.5556 0.8315 0.0000
vn -0.5556 0.8315 0.0000
vn -0.5556 0.8315 0.0000
vn -0.5556 0.8315 0.0000
vn -0.8315 0.5556 0.0000
vn -0.8315 0.5556 0.0000
vn -0.8315 0.5556 0.0000
vn -0.8315 0.5556 0.0000
vn -0.9808 0.1951 0.0000
vn -0.9808 0.1951 0.0000
vn -0.9808 0.1951 0.0000
vn -0.9808 0.1951 0.0000
vn -0.9808 -0.1951 0.0000
vn -0.9808 -0.1951 0.0000
vn -0.9808 -0.1951 0.0000
vn -0.9808 -0.1951 0.0000
vn -0.8315 -0.5556 0.0000
vn -0.8315 -0.5556 0.0000
vn -0.8315 -0.5556 0.0000
vn -0.8315 -0.5556 0.0000
vn -0.5556 -0.8315 0.0000
vn -0.5556 -0.8315 0.0000
vn -0.5556 -0.8315 0.0000
vn -0.5556 -0.8315 0.0000
vn -0.1951 -0.9808 0.0000
vn -0.1951 -0.9808 0.0000
vn -0.1951 -0.9808 0.0000
vn -0.1951 -0.9808 0.0000
vn 0.1951 -0.9808 0.0000
vn 0.1951 -0.9808 0.0000
vn 0.1951 -0.9808 0.0000
vn 0.1951 -0.9808 0.0000
vn 0.5556 -0.8315 0.0000
vn 0.5556 -0.8315 0.0000
vn 0.5556 -0.8315 0.0000
vn 0.5556 -0.8315 0.0000
vn 0.8315 -0.5556 0.0000
vn 0.8315 -0.5556 0.0000
vn 0.8315 -0.5556 0.0000
vn 0.8315 -0.5556 0.0000
vn 0.9808 -0.1951 0.0000
vn 0.9808 -0.1951 0.0000
vn 0.9808 -0.1951 0.0000
vn 0.9808 -0.1951 0.0000
vn 0.0000 0.0000 -1.0000
vn 0.0000 0.0000 -1.0000
vn 0.0000 0.0000 -1.0000
vn 0.0000 0.0000 1.0000
vn 0.0000 0.0000 1.0000
vn 0.0000 0.0000 1.0000
vn 0.0000 0.0000 -1.0000
vn 0.0000 0.0000 -1.0000
vn 0.0000 0.0000 -1.0000
vn 0.0000 0.0000 1.0000
vn 0.0000 0.0000 1.0000
vn 0.0000 0.0000 1.0000
vn 0.0000 0.0000 -1.0000
vn 0.0000 0.0000 -1.0000
vn 0.0000 0.0000 -1.0000
vn 0.0000 0.0000 1.0000
vn 0.0000 0.0000 1.0000
vn 0.0000 0.0000 1.0000
vn 0.0000 0.0000 -1.0000
vn 0.0000 0.0000 -1.0000
vn 0.0000 0.0000 -1.0000
vn 0.0000 0.0000 1.0000
vn 0.0000 0.0000 1.0000
vn 0.0000 0.0000 1.0000
vn 0.0000 0.0000 -1.0000
vn 0.0000 0.0000 -1.0000
vn 0.0000 0.0000 -1.0000
vn 0.0000 0.0000 1.0000
vn 0.0000 0.0000 1.0000
vn 0.0000 0.0000 1.0000
vn 0.0000 0.0000 -1.0000
vn 0.0000 0.0000 -1.0000
vn 0.0000 0.0000 -1.0000
vn 0.0000 0.0000 1.0000
vn 0.0000 0.0000 1.0000
vn 0.0000 0.0000 1.0000
vn 0.0000 0.0000 -1.0000
vn 0.0000 0.0000 -1.0000
vn 0.0000 0.0000 -1.0000
vn 0.0000 0.0000 1.0000
vn 0.0000 0.0000 1.0000
vn 0.0000 0.0000 1.0000
vn 0.0000 0.0000 -1.0000
vn 0.0000 0.0000 -1.0000
vn 0.0000 0.0000 -1.0000
vn 0.0000 0.0000 1.0000
vn 0.0000 0.0000 1.0000
vn 0.0000 0.0000 1.0000
vn 0.0000 0.0000 -1.0000
vn 0.0000 0.0000 -1.0000
vn 0.0000 0.0000 -1.0000
vn 0.0000 0.0000 1.0000
vn 0.0000 0.0000 1.0000
vn 0.0000 0.0000 1.0000
vn 0.0000 0.0000 -1.0000
vn 0.0000 0.0000 -1.0000
vn 0.0000 0.0000 -1.0000
vn 0.0000 0.0000 1.0000
vn 0.0000 0.0000 1.0000
vn 0.0000 0.0000 1.0000
vn 0.0000 0.0000 -1.0000
vn 0.0000 0.0000 -1.0000
vn 0.0000 0.0000 -1.0000
vn 0.0000 0.0000 1.0000
vn 0.0000 0.0000 1.0000
vn 0.0000 0.0000 1.0000
vn 0.0000 0.0000 -1.0000
vn 0.0000 0.0000 -1.0000
vn 0.0000 0.0000 -1.0000
vn 0.0000 0.0000 1.0000
vn 0.0000 0.0000 1.0000
vn 0.0000 0.0000 1.0000
vn 0.0000 0.0000 -1.0000
vn 0.0000 0.0000 -1.0000
vn 0.0000 0.0000 -1.0000
vn 0.0000 0.0000 1.0000
vn 0.0000 0.0000 1.0000
vn 0.0000 0.0000 1.0000
vn 0.0000 0.0000 -1.0000
vn 0.0000 0.0000 -1.0000
vn 0.0000 0.0000 -1.0000
vn 0.0000 0.0000 1.0000
vn 0.0000 0.0000 1.0000
vn 0.0000 0.0000 1.0000
vn 0.0000 0.0000 -1.0000
vn 0.0000 0.0000 -1.0000
vn 0.0000 0.0000 -1.0000
vn 0.0000 0.0000 1.0000
vn 0.0000 0.0000 1.0000
vn 0.0000 0.0000 1.0000
vn 0.0000 0.0000 -1.0000
vn 0.0000 0.0000 -1.0000
vn 0.0000 0.0000 -1.0000
vn 0.0000 0.0000 1.0000
vn 0.0000 0.0000 1.0000
vn 0.0000 0.0000 1.0000
vn 0.9808 0.1951 0.0000
vn 0.9808 0.1951 0.0000
vn 0.9808 0.1951 0.0000
vn 0.9808 0.1951 0.0000
vn 0.8315 0.5556 0.0000
vn 0.8315 0.5556 0.0000
vn 0.8315 0.5556 0.0000
vn 0.8315 0.5556 0.0000
vn 0.5556 0.8315 0.0000
vn 0.5556 0.8315 0.0000
vn 0.5556 0.8315 0.0000
vn 0.5556 0.8315 0.0000
vn 0.1951 0.9808 0.0000
vn 0.1951 0.9808 0.0000
vn 0.1951 0.9808 0.0000
vn 0.1951 0.9808 0.0000
vn -0.1951 0.9808 0.0000
vn -0.1951 0.9808 0.0000
vn -0.1951 0.9808 0.0000
vn -0.1951 0.9808 0.0000
vn -0.5556 0.8315 0.0000
vn -0.5556 0.8315 0.0000
vn -0.5556 0.8315 0.0000
vn -0.5556 0.8315 0.0000
vn -0.8315 0.5556 0.0000
vn -0.8315 0.5556 0.0000
vn -0.8315 0.5556 0.0000
vn -0.8315 0.5556 0.0000
vn -0.9808 0.1951 0.0000
vn -0.9808 0.1951 0.0000
vn -0.9808 0.1951 0.0000
vn -0.9808 0.1951 0.0000
vn -0.9808 -0.1951 0.0000
vn -0.9808 -0.1951 0.0000
vn -0.9808 -0.1951 0.0000
vn -0.9808 -0.1951 0.0000
vn -0.8315 -0.5556 0.0000
vn -0.8315 -0.5556 0.0000
vn -0.8315 -0.5556 0.0000
vn -0.8315 -0.5556 0.0000
vn -0.5556 -0.8315 0.0000
vn -0.5556 -0.8315 0.0000
vn -0.5556 -0.8315 0.0000
vn -0.5556 -0.8315 0.0000
vn -0.1951 -0.9808 0.0000
vn -0.1951 -0.9808 0.0000
vn -0.1951 -0.9808 0.0000
vn -0.1951 -0.9808 0.0000
vn 0.1951 -0.9808 0.0000
vn 0.1951 -0.9808 0.0000
vn 0.1951 -0.9808 0.0000
vn 0.1951 -0.9808 0.0000
vn 0.5556 -0.8315 0.0000
vn 0.5556 -0.8315 0.0000
vn 0.5556 -0.8315 0.0000
vn 0.5556 -0.8315 0.0000
vn 0.8315 -0.5556 0.0000
vn 0.8315 -0.5556 0.0000
vn 0.8315 -0.5556 0.0000
vn 0.8315 -0.5556 0.0000
vn 0.9808 -0.1951 0.0000
vn 0.9808 -0.1951 0.0000
vn 0.9808 -0.1951 0.0000
vn 0.9808 -0.1951 0.0000
vn 0.0000 0.0000 -1.0000
vn 0.0000 0.0000 -1.0000
vn 0.0000 0.0000 -1.0000
vn 0.0000 0.0000 1.0000
vn 0.0000 0.0000 1.0000
vn 0.0000 0.0000 1.0000
vn 0.0000 0.0000 -1.0000
vn 0.0000 0.0000 -1.0000
vn 0.0000 0.0000 -1.0000
vn 0.0000 0.0000 1.0000
vn 0.0000 0.0000 1.0000
vn 0.0000 0.0000 1.0000
vn 0.0000 0.0000 -1.0000
vn 0.0000 0.0000 -1.0000
vn 0.0000 0.0000 -1.0000
vn 0.0000 0.0000 1.0000
vn 0.0000 0.0000 1.0000
vn 0.0000 0.0000 1.0000
vn 0.0000 0.0000 -1.0000
vn 0.0000 0.0000 -1.0000
vn 0.0000 0.0000 -1.0000
vn 0.0000 0.0000 1.0000
vn 0.0000 0.0000 1.0000
vn 0.0000 0.0000 1.0000
vn 0.0000 0.0000 -1.0000
vn 0.0000 0.0000 -1.0000
vn 0.0000 0.0000 -1.0000
vn 0.0000 0.0000 1.0000
vn 0.0000 0.0000 1.0000
vn 0.0000 0.0000 1.0000
vn 0.0000 0.0000 -1.0000
vn 0.0000 0.0000 -1.0000
vn 0.0000 0.0000 -1.0000
vn 0.0000 0.0000 1.0000
vn 0.0000 0.0000 1.0000
vn 0.0000 0.0000 1.0000
vn 0.0000 0.0000 -1.0000
vn 0.0000 0.0000 -1.0000
vn 0.0000 0.0000 -1.0000
vn 0.0000 0.0000 1.0000
vn 0.0000 0.0000 1.0000
vn 0.0000 0.0000 1.0000
vn 0.0000 0.0000 -1.0000
vn 0.0000 0.0000 -1.0000
vn 0.0000 0.0000 -1.0000
vn 0.0000 0.0000 1.0000
vn 0.0000 0.0000 1.0000
vn 0.0000 0.0000 1.0000
vn 0.0000 0.0000 -1.0000
vn 0.0000 0.0000 -1.0000
vn 0.0000 0.0000 -1.0000
vn 0.0000 0.0000 1.0000
vn 0.0000 0.0000 1.0000
vn 0.0000 0.0000 1.0000
vn 0.0000 0.0000 -1.0000
vn 0.0000 0.0000 -1.0000
vn 0.0000 0.0000 -1.0000
vn 0.0000 0.0000 1.0000
vn 0.0000 0.0000 1.0000
vn 0.0000 0.0000 1.0000
vn 0.0000 0.0000 -1.0000
vn 0.0000 0.0000 -1.0000
vn 0.0000 0.0000 -1.0000
vn 0.0000 0.0000 1.0000
vn 0.0000 0.0000 1.0000
vn 0.0000 0.0000 1.0000
vn 0.0000 0.0000 -1.0000
vn 0.0000 0.0000 -1.0000
vn 0.0000 0.0000 -1.0000
vn 0.0000 0.0000 1.0000
vn 0.0000 0.0000 1.0000
vn 0.0000 0.0000 1.0000
vn 0.0000 0.0000 -1.0000
vn 0.0000 0.0000 -1.0000
vn 0.0000 0.0000 -1.0000
vn 0.0000 0.0000 1.0000
vn 0.0000 0.0000 1.0000
vn 0.0000 0.0000 1.0000
vn 0.0000 0.0000 -1.0000
vn 0.0000 0.0000 -1.0000
vn 0.0000 0.0000 -1.0000
vn 0.0000 0.0000 1.0000
vn 0.0000 0.0000 1.0000
vn 0.0000 0.0000 1.0000
vn 0.0000 0.0000 -1.0000
vn 0.0000 0.0000 -1.0000
vn 0.0000 0.0000 -1.0000
vn 0.0000 0.0000 1.0000
vn 0.0000 0.0000 1.0000
vn 0.0000 0.0000 1.0000
vn 0.0000 0.0000 -1.0000
vn 0.0000 0.0000 -1.0000
vn 0.0000 0.0000 -1.0000
vn 0.0000 0.0000 1.0000
vn 0.0000 0.0000 1.0000
vn 0.0000 0.0000 1.0000
vn 0.9808 0.1951 0.0000
vn 0.9808 0.1951 0.0000
vn 0.9808 0.1951 0.0000
vn 0.9808 0.1951 0.0000
vn 0.8315 0.5556 0.0000
vn 0.8315 0.5556 0.0000
vn 0.8315 0.5556 0.0000
vn 0.8315 0.5556 0.0000
vn 0.5556 0.8315 0.0000
vn 0.5556 0.8315 0.0000
vn 0.5556 0.8315 0.0000
vn 0.5556 0.8315 0.0000
vn 0.1951 0.9808 0.0000
vn 0.1951 0.9808 0.0000
vn 0.1951 0.9808 0.0000
vn 0.1951 0.9808 0.0000
vn -0.1951 0.9808 0.0000
vn -0.1951 0.9808 0.0000
vn -0.1951 0.9808 0.0000
vn -0.1951 0.9808 0.0000
vn -0.5556 0.8315 0.0000
vn -0.5556 0.8315 0.0000
vn -0.5556 0.8315 0.0000
vn -0.5556 0.8315 0.0000
vn -0.8315 0.5556 0.0000
vn -0.8315 0.5556 0.0000
vn -0.8315 0.5556 0.0000
vn -0.8315 0.5556 0.0000
vn -0.9808 0.1951 0.0000
vn -0.9808 0.1951 0.0000
vn -0.9808 0.1951 0.0000
vn -0.9808 0.1951 0.0000
vn -0.9808 -0.1951 0.0000
vn -0.9808 -0.1951 0.0000
vn -0.9808 -0.1951 0.0000
vn -0.9808 -0.1951 0.0000
vn -0.8315 -0.5556 0.0000
vn -0.8315 -0.5556 0.0000
vn -0.8315 -0.5556 0.0000
vn -0.8315 -0.5556 0.0000
vn -0.5556 -0.8315 0.0000
vn -0.5556 -0.8315 0.0000
vn -0.5556 -0.8315 0.0000
vn -0.5556 -0.8315 0.0000
vn -0.1951 -0.9808 0.0000
vn -0.1951 -0.9808 0.0000
vn -0.1951 -0.9808 0.0000
vn -0.1951 -0.9808 0.0000
vn 0.1951 -0.9808 0.0000
vn 0.1951 -0.9808 0.0000
vn 0.1951 -0.9808 0.0000
vn 0.1951 -0.9808 0.0000
vn 0.5556 -0.8315 0.0000
vn 0.5556 -0.8315 0.0000
vn 0.5556 -0.8315 0.0000
vn 0.5556 -0.8315 0.0000
vn 0.8315 -0.5556 0.0000
vn 0.8315 -0.5556 0.0000
vn 0.8315 -0.5556 0.0000
vn 0.8315 -0.5556 0.0000
vn 0.9808 -0.1951 0.0000
vn 0.9808 -0.1951 0.0000
vn 0.9808 -0.1951 0.0000
vn 0.9808 -0.1951 0.0000
vn 0.0000 0.0000 -1.0000
vn 0.0000 0.0000 -1.0000
vn 0.0000 0.0000 -1.0000
vn 0.0000 0.0000 1.0000
vn 0.0000 0.0000 1.0000
vn 0.0000 0.0000 1.0000
vn 0.0000 0.0000 -1.0000
vn 0.0000 0.0000 -1.0000
vn 0.0000 0.0000 -1.0000
vn 0.0000 0.0000 1.0000
vn 0.0000 0.0000 1.0000
vn 0.0000 0.0000 1.0000
vn 0.0000 0.0000 -1.0000
vn 0.0000 0.0000 -1.0000
vn 0.0000 0.0000 -1.0000
vn 0.0000 0.0000 1.0000
vn 0.0000 0.0000 1.0000
vn 0.0000 0.0000 1.0000
vn 0.0000 0.0000 -1.0000
vn 0.0000 0.0000 -1.0000
vn 0.0000 0.0000 -1.0000
vn 0.0000 0.0000 1.0000
vn 0.0000 0.0000 1.0000
vn 0.0000 0.0000 1.0000
vn 0.0000 0.0000 -1.0000
vn 0.0000 0.0000 -1.0000
vn 0.0000 0.0000 -1.0000
vn 0.0000 0.0000 1.0000
vn 0.0000 0.0000 1.0000
vn 0.0000 0.0000 1.0000
vn 0.0000 0.0000 -1.0000
vn 0.0000 0.0000 -1.0000
vn 0.0000 0.0000 -1.0000
vn 0.0000 0.0000 1.0000
vn 0.0000 0.0000 1.0000
vn 0.0000 0.0000 1.0000
vn 0.0000 0.0000 -1.0000
vn 0.0000 0.0000 -1.0000
vn 0.0000 0.0000 -1.0000
vn 0.0000 0.0000 1.0000
vn 0.0000 0.0000 1.0000
vn 0.0000 0.0000 1.0000
vn 0.0000 0.0000 -1.0000
vn 0.0000 0.0000 -1.0000
vn 0.0000 0.0000 -1.0000
vn 0.0000 0.0000 1.0000
vn 0.0000 0.0000 1.0000
vn 0.0000 0.0000 1.0000
vn 0.0000 0.0000 -1.0000
vn 0.0000 0.0000 -1.0000
vn 0.0000 0.0000 -1.0000
vn 0.0000 0.0000 1.0000
vn 0.0000 0.0000 1.0000
vn 0.0000 0.0000 1.0000
vn 0.0000 0.0000 -1.0000
vn 0.0000 0.0000 -1.0000
vn 0.0000 0.0000 -1.0000
vn 0.0000 0.0000 1.0000
vn 0.0000 0.0000 1.0000
vn 0.0000 0.0000 1.0000
vn 0.0000 0.0000 -1.0000
vn 0.0000 0.0000 -1.0000
vn 0.0000 0.0000 -1.0000
vn 0.0000 0.0000 1.0000
vn 0.0000 0.0000 1.0000
vn 0.0000 0.0000 1.0000
vn 0.0000 0.0000 -1.0000
vn 0.0000 0.0000 -1.0000
vn 0.0000 0.0000 -1.0000
vn 0.0000 0.0000 1.0000
vn 0.0000 0.0000 1.0000
vn 0.0000 0.0000 1.0000
vn 0.0000 0.0000 -1.0000
vn 0.0000 0.0000 -1.0000
vn 0.0000 0.0000 -1.0000
vn 0.0000 0.0000 1.0000
vn 0.0000 0.0000 1.0000
vn 0.0000 0.0000 1.0000
vn 0.0000 0.0000 -1.0000
vn 0.0000 0.0000 -1.0000
vn 0.0000 0.0000 -1.0000
vn 0.0000 0.0000 1.0000
vn 0.0000 0.0000 1.0000
vn 0.0000 0.0000 1.0000
vn 0.0000 0.0000 -1.0000
vn 0.0000 0.0000 -1.0000
vn 0.0000 0.0000 -1.0000
vn 0.0000 0.0000 1.0000
vn 0.0000 0.0000 1.0000
vn 0.0000 0.0000 1.0000
vn 0.0000 0.0000 -1.0000
vn 0.0000 0.0000 -1.0000
vn 0.0000 0.0000 -1.0000
vn 0.0000 0.0000 1.0000
vn 0.0000 0.0000 1.0000
vn 0.0000 0.0000 1.0000
vn 0.9808 0.1951 0.0000
vn 0.9808 0.1951 0.0000
vn 0.9808 0.1951 0.0000
vn 0.9808 0.1951 0.0000
vn 0.8315 0.5556 0.0000
vn 0.8315 0.5556 0.0000
vn 0.8315 0.5556 0.0000
vn 0.8315 0.5556 0.0000
vn 0.5556 0.8315 0.0000
vn 0.5556 0.8315 0.0000
vn 0.5556 0.8315 0.0000
vn 0.5556 0.8315 0.0000
vn 0.1951 0.9808 0.0000
vn 0.1951 0.9808 0.0000
vn 0.1951 0.9808 0.0000
vn 0.1951 0.9808 0.0000
vn -0.1951 0.9808 0.0000
vn -0.1951 0.9808 0.0000
vn -0.1951 0.9808 0.0000
vn -0.1951 0.9808 0.0000
vn -0.5556 0.8315 0.0000
vn -0.5556 0.8315 0.0000
vn -0.5556 0.8315 0.0000
vn -0.5556 0.8315 0.0000
vn -0.8315 0.5556 0.0000
vn -0.8315 0.5556 0.0000
vn -0.8315 0.5556 0.0000
vn -0.8315 0.5556 0.0000
vn -0.9808 0.1951 0.0000
vn -0.9808 0.1951 0.0000
vn -0.9808 0.1951 0.0000
vn -0.9808 0.1951 0.0000
vn -0.9808 -0.1951 0.0000
vn -0.9808 -0.1951 0.0000
vn -0.9808 -0.1951 0.0000
vn -0.9808 -0.1951 0.0000
vn -0.8315 -0.5556 0.0000
vn -0.8315 -0.5556 0.0000
vn -0.8315 -0.5556 0.0000
vn -0.8315 -0.5556 0.0000
vn -0.5556 -0.8315 0.0000
vn -0.5556 -0.8315 0.0000
vn -0.5556 -0.8315 0.0000
vn -0.5556 -0.8315 0.0000
vn -0.1951 -0.9808 0.0000
vn -0.1951 -0.9808 0.0000
vn -0.1951 -0.9808 0.0000
vn -0.1951 -0.9808 0.0000
vn 0.1951 -0.9808 0.0000
vn 0.1951 -0.9808 0.0000
vn 0.1951 -0.9808 0.0000
vn 0.1951 -0.9808 0.0000
vn 0.5556 -0.8315 0.0000
vn 0.5556 -0.8315 0.0000
vn 0.5556 -0.8315 0.0000
vn 0.5556 -0.8315 0.0000
vn 0.8315 -0.5556 0.0000
vn 0.8315 -0.5556 0.0000
vn 0.8315 -0.5556 0.0000
vn 0.8315 -0.5556 0.0000
vn 0.9808 -0.1951 0.0000
vn 0.9808 -0.1951 0.0000
vn 0.9808 -0.1951 0.0000
vn 0.9808 -0.1951 0.0000
vn 0.0000 0.0000 -1.0000
vn 0.0000 0.0000 -1.0000
vn 0.0000 0.0000 -1.0000
vn 0.0000 0.0000 1.0000
vn 0.0000 0.0000 1.0000
vn 0.0000 0.0000 1.0000
vn 0.0000 0.0000 -1.0000
vn 0.0000 0.0000 -1.0000
vn 0.0000 0.0000 -1.0000
vn 0.0000 0.0000 1.0000
vn 0.0000 0.0000 1.0000
vn 0.0000 0.0000 1.0000
vn 0.0000 0.0000 -1.0000
vn 0.0000 0.0000 -1.0000
vn 0.0000 0.0000 -1.0000
vn 0.0000 0.0000 1.0000
vn 0.0000 0.0000 1.0000
vn 0.0000 0.0000 1.0000
vn 0.0000 0.0000 -1.0000
vn 0.0000 0.0000 -1.0000
vn 0.0000 0.0000 -1.0000
vn 0.0000 0.0000 1.0000
vn 0.0000 0.0000 1.0000
vn 0.0000 0.0000 1.0000
vn 0.0000 0.0000 -1.0000
vn 0.0000 0.0000 -1.0000
vn 0.0000 0.0000 -1.0000
vn 0.0000 0.0000 1.0000
vn 0.0000 0.0000 1.0000
vn 0.0000 0.0000 1.0000
vn 0.0000 0.0000 -1.0000
vn 0.0000 0.0000 -1.0000
vn 0.0000 0.0000 -1.0000
vn 0.0000 0.0000 1.0000
vn 0.0000 0.0000 1.0000
vn 0.0000 0.0000 1.0000
vn 0.0000 0.0000 -1.0000
vn 0.0000 0.0000 -1.0000
vn 0.0000 0.0000 -1.0000
vn 0.0000 0.0000 1.0000
vn 0.0000 0.0000 1.0000
vn 0.0000 0.0000 1.0000
vn 0.0000 0.0000 -1.0000
vn 0.0000 0.0000 -1.0000
vn 0.0000 0.0000 -1.0000
vn 0.0000 0.0000 1.0000
vn 0.0000 0.0000 1.0000
vn 0.0000 0.0000 1.0000
vn 0.0000 0.0000 -1.0000
vn 0.0000 0.0000 -1.0000
vn 0.0000 0.0000 -1.0000
vn 0.0000 0.0000 1.0000
vn 0.0000 0.0000 1.0000
vn 0.0000 0.0000 1.0000
vn 0.0000 0.0000 -1.0000
vn 0.0000 0.0000 -1.0000
vn 0.0000 0.0000 -1.0000
vn 0.0000 0.0000 1.0000
vn 0.0000 0.0000 1.0000
vn 0.0000 0.0000 1.0000
vn 0.0000 0.0000 -1.0000
vn 0.0000 0.0000 -1.0000
vn 0.0000 0.0000 -1.0000
vn 0.0000 0.0000 1.0000
vn 0.0000 0.0000 1.0000
vn 0.0000 0.0000 1.0000
vn 0.0000 0.0000 -1.0000
vn 0.0000 0.0000 -1.0000
vn 0.0000 0.0000 -1.0000
vn 0.0000 0.0000 1.0000
vn 0.0000 0.0000 1.0000
vn 0.0000 0.0000 1.0000
vn 0.0000 0.0000 -1.0000
vn 0.0000 0.0000 -1.0000
vn 0.0000 0.0000 -1.0000
vn 0.0000 0.0000 1.0000
vn 0.0000 0.0000 1.0000
vn 0.0000 0.0000 1.0000
vn 0.0000 0.0000 -1.0000
vn 0.0000 0.0000 -1.0000
vn 0.0000 0.0000 -1.0000
vn 0.0000 0.0000 1.0000
vn 0.0000 0.0000 1.0000
vn 0.0000 0.0000 1.0000
vn 0.0000 0.0000 -1.0000
vn 0.0000 0.0000 -1.0000
vn 0.0000 0.0000 -1.0000
vn 0.0000 0.0000 1.0000
vn 0.0000 0.0000 1.0000
vn 0.0000 0.0000 1.0000
vn 0.0000 0.0000 -1.0000
vn 0.0000 0.0000 -1.0000
vn 0.0000 0.0000 -1.0000
vn 0.0000 0.0000 1.0000
vn 0.0000 0.0000 1.0000
vn 0.0000 0.0000 1.0000
vn 0.9808 0.1951 0.0000
vn 0.9808 0.1951 0.0000
vn 0.9808 0.1951 0.0000
vn 0.9808 0.1951 0.0000
vn 0.8315 0.5556 0.0000
vn 0.8315 0.5556 0.0000
vn 0.8315 0.5556 0.0000
vn 0.8315 0.5556 0.0000
vn 0.5556 0.8315 0.0000
vn 0.5556 0.8315 0.0000
vn 0.5556 0.8315 0.0000
vn 0.5556 0.8315 0.0000
vn 0.1951 0.9808 0.0000
vn 0.1951 0.9808 0.0000
vn 0.1951 0.9808 0.0000
vn 0.1951 0.9808 0.0000
vn -0.1951 0.9808 0.0000
vn -0.1951 0.9808 0.0000
vn -0.1951 0.9808 0.0000
vn -0.1951 0.9808 0.0000
vn -0.5556 0.8315 0.0000
vn -0.5556 0.8315 0.0000
vn -0.5556 0.8315 0.0000
vn -0.5556 0.8315 0.0000
vn -0.8315 0.5556 0.0000
vn -0.8315 0.5556 0.0000
vn -0.8315 0.5556 0.0000
vn -0.8315 0.5556 0.0000
vn -0.9808 0.1951 0.0000
vn -0.9808 0.1951 0.0000
vn -0.9808 0.1951 0.0000
vn -0.9808 0.1951 0.0000
vn -0.9808 -0.1951 0.0000
vn -0.9808 -0.1951 0.0000
vn -0.9808 -0.1951 0.0000
vn -0.9808 -0.1951 0.0000
vn -0.8315 -0.5556 0.0000
vn -0.8315 -0.5556 0.0000
vn -0.8315 -0.5556 0.0000
vn -0.8315 -0.5556 0.0000
vn -0.5556 -0.8315 0.0000
vn -0.5556 -0.8315 0.0000
vn -0.5556 -0.8315 0.0000
vn -0.5556 -0.8315 0.0000
vn -0.1951 -0.9808 0.0000
vn -0.1951 -0.9808 0.0000
vn -0.1951 -0.9808 0.0000
vn -0.1951 -0.9808 0.0000
vn 0.1951 -0.9808 0.0000
vn 0.1951 -0.9808 0.0000
vn 0.1951 -0.9808 0.0000
vn 0.1951 -0.9808 0.0000
vn 0.5556 -0.8315 0.0000
vn 0.5556 -0.8315 0.0000
vn 0.5556 -0.8315 0.0000
vn 0.5556 -0.8315 0.0000
vn 0.8315 -0.5556 0.0000
vn 0.8315 -0.5556 0.0000
vn 0.8315 -0.5556 0.0000
vn 0.8315 -0.5556 0.0000
vn 0.9808 -0.1951 0.0000
vn 0.9808 -0.1951 0.0000
vn 0.9808 -0.1951 0.0000
vn 0.9808 -0.1951 0.0000
vn 0.0000 0.0000 -1.0000
vn 0.0000 0.0000 -1.0000
vn 0.0000 0.0000 -1.0000
vn 0.0000 0.0000 1.0000
vn 0.0000 0.0000 1.0000
vn 0.0000 0.0000 1.0000
vn 0.0000 0.0000 -1.0000
vn 0.0000 0.0000 -1.0000
vn 0.0000 0.0000 -1.0000
vn 0.0000 0.0000 1.0000
vn 0.0000 0.0000 1.0000
vn 0.0000 0.0000 1.0000
vn 0.0000 0.0000 -1.0000
vn 0.0000 0.0000 -1.0000
vn 0.0000 0.0000 -1.0000
vn 0.0000 0.0000 1.0000
vn 0.0000 0.0000 1.0000
vn 0.0000 0.0000 1.0000
vn 0.0000 0.0000 -1.0000
vn 0.0000 0.0000 -1.0000
vn 0.0000 0.0000 -1.0000
vn 0.0000 0.0000 1.0000
vn 0.0000 0.0000 1.0000
vn 0.0000 0.0000 1.0000
vn 0.0000 0.0000 -1.0000
vn 0.0000 0.0000 -1.0000
vn 0.0000 0.0000 -1.0000
vn 0.0000 0.0000 1.0000
vn 0.0000 0.0000 1.0000
vn 0.0000 0.0000 1.0000
vn 0.0000 0.0000 -1.0000
vn 0.0000 0.0000 -1.0000
vn 0.0000 0.0000 -1.0000
vn 0.0000 0.0000 1.0000
vn 0.0000 0.0000 1.0000
vn 0.0000 0.0000 1.0000
vn 0.0000 0.0000 -1.0000
vn 0.0000 0.0000 -1.0000
vn 0.0000 0.0000 -1.0000
vn 0.0000 0.0000 1.0000
vn 0.0000 0.0000 1.0000
vn 0.0000 0.0000 1.0000
vn 0.0000 0.0000 -1.0000
vn 0.0000 0.0000 -1.0000
vn 0.0000 0.0000 -1.0000
vn 0.0000 0.0000 1.0000
vn 0.0000 0.0000 1.0000
vn 0.0000 0.0000 1.0000
vn 0.0000 0.0000 -1.0000
vn 0.0000 0.0000 -1.0000
vn 0.0000 0.0000 -1.0000
vn 0.0000 0.0000 1.0000
vn 0.0000 0.0000 1.0000
vn 0.0000 0.0000 1.0000
vn 0.0000 0.0000 -1.0000
vn 0.0000 0.0000 -1.0000
vn 0.0000 0.0000 -1.0000
vn 0.0000 0.0000 1.0000
vn 0.0000 0.0000 1.0000
vn 0.0000 0.0000 1.0000
vn 0.0000 0.0000 -1.0000
vn 0.0000 0.0000 -1.0000
vn 0.0000 0.0000 -1.0000
vn 0.0000 0.0000 1.0000
vn 0.0000 0.0000 1.0000
vn 0.0000 0.0000 1.0000
vn 0.0000 0.0000 -1.0000
vn 0.0000 0.0000 -1.0000
vn 0.0000 0.0000 -1.0000
vn 0.0000 0.0000 1.0000
vn 0.0000 0.0000 1.0000
vn 0.0000 0.0000 1.0000
vn 0.0000 0.0000 -1.0000
vn 0.0000 0.0000 -1.0000
vn 0.0000 0.0000 -1.0000
vn 0.0000 0.0000 1.0000
vn 0.0000 0.0000 1.0000
vn 0.0000 0.0000 1.0000
vn 0.0000 0.0000 -1.0000
vn 0.0000 0.0000 -1.0000
vn 0.0000 0.0000 -1.0000
vn 0.0000 0.0000 1.0000
vn 0.0000 0.0000 1.0000
vn 0.0000 0.0000 1.0000
vn 0.0000 0.0000 -1.0000
vn 0.0000 0.0000 -1.0000
vn 0.0000 0.0000 -1.0000
vn 0.0000 0.0000 1.0000
vn 0.0000 0.0000 1.0000
vn 0.0000 0.0000 1.0000
vn 0.0000 0.0000 -1.0000
vn 0.0000 0.0000 -1.0000
vn 0.0000 0.0000 -1.0000
vn 0.0000 0.0000 1.0000
vn 0.0000 0.0000 1.0000
vn 0.0000 0.0000 1.0000
vn 0.9808 0.1951 0.0000
vn 0.9808 0.1951 0.0000
vn 0.9808 0.1951 0.0000
vn 0.9808 0.1951 0.0000
vn 0.8315 0.5556 0.0000
vn 0.8315 0.5556 0.0000
vn 0.8315 0.5556 0.0000
vn 0.8315 0.5556 0.0000
vn 0.5556 0.8315 0.0000
vn 0.5556 0.8315 0.0000
vn 0.5556 0.8315 0.0000
vn 0.5556 0.8315 0.0000
vn 0.1951 0.9808 0.0000
vn 0.1951 0.9808 0.0000
vn 0.1951 0.9808 0.0000
vn 0.1951 0.9808 0.0000
vn -0.1951 0.9808 0.0000
vn -0.1951 0.9808 0.0000
vn -0.1951 0.9808 0.0000
vn -0.1951 0.9808 0.0000
vn -0.5556 0.8315 0.0000
vn -0.5556 0.8315 0.0000
vn -0.5556 0.8315 0.0000
vn -0.5556 0.8315 0.0000
vn -0.8315 0.5556 0.0000
vn -0.8315 0.5556 0.0000
vn -0.8315 0.5556 0.0000
vn -0.8315 0.5556 0.0000
vn -0.9808 0.1951 0.0000
vn -0.9808 0.1951 0.0000
vn -0.9808 0.1951 0.0000
vn -0.9808 0.1951 0.0000
vn -0.9808 -0.1951 0.0000
vn -0.9808 -0.1951 0.0000
vn -0.9808 -0.1951 0.0000
vn -0.9808 -0.1951 0.0000
vn -0.8315 -0.5556 0.0000
vn -0.8315 -0.5556 0.0000
vn -0.8315 -0.5556 0.0000
vn -0.8315 -0.5556 0.0000
vn -0.5556 -0.8315 0.0000
vn -0.5556 -0.8315 0.0000
vn -0.5556 -0.8315 0.0000
vn -0.5556 -0.8315 0.0000
vn -0.1951 -0.9808 0.0000
vn -0.1951 -0.9808 0.0000
vn -0.1951 -0.9808 0.0000
vn -0.1951 -0.9808 0.0000
vn 0.1951 -0.9808 0.0000
vn 0.1951 -0.9808 0.0000
vn 0.1951 -0.9808 0.0000
vn 0.1951 -0.9808 0.0000
vn 0.5556 -0.8315 0.0000
vn 0.5556 -0.8315 0.0000
vn 0.5556 -0.8315 0.0000
vn 0.5556 -0.8315 0.0000
vn 0.8315 -0.5556 0.0000
vn 0.8315 -0.5556 0.0000
vn 0.8315 -0.5556 0.0000
vn 0.8315 -0.5556 0.0000
vn 0.9808 -0.1951 0.0000
vn 0.9808 -0.1951 0.0000
vn 0.9808 -0.1951 0.0000
vn 0.9808 -0.1951 0.0000
vn 0.0000 0.0000 -1.0000
vn 0.0000 0.0000 -1.0000
vn 0.0000 0.0000 -1.0000
vn 0.0000 0.0000 1.0000
vn 0.0000 0.0000 1.0000
vn 0.0000 0.0000 1.0000
vn 0.0000 0.0000 -1.0000
vn 0.0000 0.0000 -1.0000
vn 0.0000 0.0000 -1.0000
vn 0.0000 0.0000 1.0000
vn 0.0000 0.0000 1.0000
vn 0.0000 0.0000 1.0000
vn 0.0000 0.0000 -1.0000
vn 0.0000 0.0000 -1.0000
vn 0.0000 0.0000 -1.0000
vn 0.0000 0.0000 1.0000
vn 0.0000 0.0000 1.0000
vn 0.0000 0.0000 1.0000
vn 0.0000 0.0000 -1.0000
vn 0.0000 0.0000 -1.0000
vn 0.0000 0.0000 -1.0000
vn 0.0000 0.0000 1.0000
vn 0.0000 0.0000 1.0000
vn 0.0000 0.0000 1.0000
vn 0.0000 0.0000 -1.0000
vn 0.0000 0.0000 -1.0000
vn 0.0000 0.0000 -1.0000
vn 0.0000 0.0000 1.0000
vn 0.0000 0.0000 1.0000
vn 0.0000 0.0000 1.0000
vn 0.0000 0.0000 -1.0000
vn 0.0000 0.0000 -1.0000
vn 0.0000 0.0000 -1.0000
vn 0.0000 0.0000 1.0000
vn 0.0000 0.0000 1.0000
vn 0.0000 0.0000 1.0000
vn 0.0000 0.0000 -1.0000
vn 0.0000 0.0000 -1.0000
vn 0.0000 0.0000 -1.0000
vn 0.0000 0.0000 1.0000
vn 0.0000 0.0000 1.0000
vn 0.0000 0.0000 1.0000
vn 0.0000 0.0000 -1.0000
vn 0.0000 0.0000 -1.0000
vn 0.0000 0.0000 -1.0000
vn 0.0000 0.0000 1.0000
vn 0.0000 0.0000 1.0000
vn 0.0000 0.0000 1.0000
vn 0.0000 0.0000 -1.0000
vn 0.0000 0.0000 -1.0000
vn 0.0000 0.0000 -1.0000
vn 0.0000 0.0000 1.0000
vn 0.0000 0.0000 1.0000
vn 0.0000 0.0000 1.0000
vn 0.0000 0.0000 -1.0000
vn 0.0000 0.0000 -1.0000
vn 0.0000 0.0000 -1.0000
vn 0.0000 0.0000 1.0000
vn 0.0000 0.0000 1.0000
vn 0.0000 0.0000 1.0000
vn 0.0000 0.0000 -1.0000
vn 0.0000 0.0000 -1.0000
vn 0.0000 0.0000 -1.0000
vn 0.0000 0.0000 1.0000
vn 0.0000 0.0000 1.0000
vn 0.0000 0.0000 1.0000
vn 0.0000 0.0000 -1.0000
vn 0.0000 0.0000 -1.0000
vn 0.0000 0.0000 -1.0000
vn 0.0000 0.0000 1.0000
vn 0.0000 0.0000 1.0000
vn 0.0000 0.0000 1.0000
vn 0.0000 0.0000 -1.0000
vn 0.0000 0.0000 -1.0000
vn 0.0000 0.0000 -1.0000
vn 0.0000 0.0000 1.0000
vn 0.0000 0.0000 1.0000
vn 0.0000 0.0000 1.0000
vn 0.0000 0.0000 -1.0000
vn 0.0000 0.0000 -1.0000
vn 0.0000 0.0000 -1.0000
vn 0.0000 0.0000 1.0000
vn 0.0000 0.0000 1.0000
vn 0.0000 0.0000 1.0000
vn 0.0000 0.0000 -1.0000
vn 0.0000 0.0000 -1.0000
vn 0.0000 0.0000 -1.0000
vn 0.0000 0.0000 1.0000
vn 0.0000 0.0000 1.0000
vn 0.0000 0.0000 1.0000
vn 0.0000 0.0000 -1.0000
vn 0.0000 0.0000 -1.0000
vn 0.0000 0.0000 -1.0000
vn 0.0000 0.0000 1.0000
vn 0.0000 0.0000 1.0000
vn 0.0000 0.0000 1.0000
vn 0.0000 0.0000 -1.0000
vn 0.0000 0.0000 -1.0000
vn 0.0000 0.0000 -1.0000
vn 0.0000 0.0000 -1.0000
vn 0.0000 0.0000 1.0000
vn 0.0000 0.0000 1.0000
vn 0.0000 0.0000 1.0000
vn 0.0000 0.0000 1.0000
vn 0.0000 -1.0000 0.0000
vn 0.0000 -1.0000 0.0000
vn 0.0000 -1.0000 0.0000
vn 0.0000 -1.0000 0.0000
vn 0.0000 1.0000 0.0000
vn 0.0000 1.0000 0.0000
vn 0.0000 1.0000 0.0000
vn 0.0000 1.0000 0.0000
vn 1.0000 0.0000 0.0000
vn 1.0000 0.0000 0.0000
vn 1.0000 0.0000 0.0000
vn 1.0000 0.0000 0.0000
vn -1.0000 0.0000 0.0000
vn -1.0000 0.0000 0.0000
vn -1.0000 0.0000 0.0000
vn -1.0000 0.0000 0.0000
vn 0.0000 0.0000 -1.0000
vn 0.0000 0.0000 -1.0000
vn 0.0000 0.0000 -1.0000
vn 0.0000 0.0000 -1.0000
vn 0.0000 0.0000 1.0000
vn 0.0000 0.0000 1.0000
vn 0.0000 0.0000 1.0000
vn 0.0000 0.0000 1.0000
vn 0.0000 -1.0000 0.0000
vn 0.0000 -1.0000 0.0000
vn 0.0000 -1.0000 0.0000
vn 0.0000 -1.0000 0.0000
vn 0.0000 1.0000 0.0000
vn 0.0000 1.0000 0.0000
vn 0.0000 1.0000 0.0000
vn 0.0000 1.0000 0.0000
vn 1.0000 0.0000 0.0000
vn 1.0000 0.0000 0.0000
vn 1.0000 0.0000 0.0000
vn 1.0000 0.0000 0.0000
vn -1.0000 0.0000 0.0000
vn -1.0000 0.0000 0.0000
vn -1.0000 0.0000 0.0000
vn -1.0000 0.0000 0.0000
vn 0.0000 0.0000 -1.0000
vn 0.0000 0.0000 -1.0000
vn 0.0000 0.0000 -1.0000
vn 0.0000 0.0000 -1.0000
vn 0.0000 0.0000 1.0000
vn 0.0000 0.0000 1.0000
vn 0.0000 0.0000 1.0000
vn 0.0000 0.0000 1.0000
vn 0.0000 -1.0000 0.0000
vn 0.0000 -1.0000 0.0000
vn 0.0000 -1.0000 0.0000
vn 0.0000 -1.0000 0.0000
vn 0.0000 1.0000 0.0000
vn 0.0000 1.0000 0.0000
vn 0.0000 1.0000 0.0000
vn 0.0000 1.0000 0.0000
vn 1.0000 0.0000 0.0000
vn 1.0000 0.0000 0.0000
vn 1.0000 0.0000 0.0000
vn 1.0000 0.0000 0.0000
vn -1.0000 0.0000 0.0000
vn -1.0000 0.0000 0.0000
vn -1.0000 0.0000 0.0000
vn -1.0000 0.0000 0.0000
vn 0.0000 0.0000 -1.0000
vn 0.0000 0.0000 -1.0000
vn 0.0000 0.0000 -1.0000
vn 0.0000 0.0000 -1.0000
vn 0.0000 0.0000 1.0000
vn 0.0000 0.0000 1.0000
vn 0.0000 0.0000 1.0000
vn 0.0000 0.0000 1.0000
vn 0.0000 -1.0000 0.0000
vn 0.0000 -1.0000 0.0000
vn 0.0000 -1.0000 0.0000
vn 0.0000 -1.0000 0.0000
vn 0.0000 1.0000 0.0000
vn 0.0000 1.0000 0.0000
vn 0.0000 1.0000 0.0000
vn 0.0000 1.0000 0.0000
vn 1.0000 0.0000 0.0000
vn 1.0000 0.0000 0.0000
vn 1.0000 0.0000 0.0000
vn 1.0000 0.0000 0.0000
vn -1.0000 0.0000 0.0000
vn -1.0000 0.0000 0.0000
vn -1.0000 0.0000 0.0000
vn -1.0000 0.0000 0.0000
vn 0.0000 0.0000 -1.0000
vn 0.0000 0.0000 -1.0000
vn 0.0000 0.0000 -1.0000
vn 0.0000 0.0000 -1.0000
vn 0.0000 0.0000 1.0000
vn 0.0000 0.0000 1.0000
vn 0.0000 0.0000 1.0000
vn 0.0000 0.0000 1.0000
vn 0.0000 -1.0000 0.0000
vn 0.0000 -1.0000 0.0000
vn 0.0000 -1.0000 0.0000
vn 0.0000 -1.0000 0.0000
vn 0.0000 1.0000 0.0000
vn 0.0000 1.0000 0.0000
vn 0.0000 1.0000 0.0000
vn 0.0000 1.0000 0.0000
vn 1.0000 0.0000 0.0000
vn 1.0000 0.0000 0.0000
vn 1.0000 0.0000 0.0000
vn 1.0000 0.0000 0.0000
vn -1.0000 0.0000 0.0000
vn -1.0000 0.0000 0.0000
vn -1.0000 0.0000 0.0000
vn -1.0000 0.0000 0.0000
vn 0.0000 0.0000 -1.0000
vn 0.0000 0.0000 -1.0000
vn 0.0000 0.0000 -1.0000
vn 0.0000 0.0000 -1.0000
vn 0.0000 0.0000 1.0000
vn 0.0000 0.0000 1.0000
vn 0.0000 0.0000 1.0000
vn 0.0000 0.0000 1.0000
vn 0.0000 -1.0000 0.0000
vn 0.0000 -1.0000 0.0000
vn 0.0000 -1.0000 0.0000
vn 0.0000 -1.0000 0.0000
vn 0.0000 1.0000 0.0000
vn 0.0000 1.0000 0.0000
vn 0.0000 1.0000 0.0000
vn 0.0000 1.0000 0.0000
vn 1.0000 0.0000 0.0000
vn 1.0000 0.0000 0.0000
vn 1.0000 0.0000 0.0000
vn 1.0000 0.0000 0.0000
vn -1.0000 0.0000 0.0000
vn -1.0000 0.0000 0.0000
vn -1.0000 0.0000 0.0000
vn -1.0000 0.0000 0.0000
vn -0.1165 -0.0976 -0.9884
vn -0.1165 -0.0976 -0.9884
vn -0.1165 -0.0976 -0.9884
vn -0.1165 -0.0976 -0.9884
vn -0.0625 0.3666 -0.9283
vn -0.0625 0.3666 -0.9283
vn -0.0625 0.3666 -0.9283
vn -0.0625 0.3666 -0.9283
vn 0.0000 1.0000 0.0000
vn 0.0000 1.0000 0.0000
vn 0.0000 1.0000 0.0000
vn 0.0000 1.0000 0.0000
vn -0.1089 0.3652 0.9245
vn -0.1089 0.3652 0.9245
vn -0.1089 0.3652 0.9245
vn -0.1089 0.3652 0.9245
vn -0.1491 -0.0972 0.9840
vn -0.1491 -0.0972 0.9840
vn -0.1491 -0.0972 0.9840
vn -0.1491 -0.0972 0.9840
vn 0.0000 -1.0000 0.0000
vn 0.0000 -1.0000 0.0000
vn 0.0000 -1.0000 0.0000
vn 0.0000 -1.0000 0.0000
vn 0.5731 0.0000 -0.8195
vn 0.5731 0.0000 -0.8195
vn 0.5731 0.0000 -0.8195
vn 0.5731 0.0000 -0.8195
vn 0.5126 0.4098 -0.7545
vn 0.5126 0.4098 -0.7545
vn 0.5126 0.4098 -0.7545
vn 0.5126 0.4098 -0.7545
vn 0.1871 0.9823 0.0000
vn 0.1871 0.9823 0.0000
vn 0.1871 0.9823 0.0000
vn 0.1871 0.9823 0.0000
vn 0.5476 0.3993 0.7353
vn 0.5476 0.3993 0.7353
vn 0.5476 0.3993 0.7353
vn 0.5476 0.3993 0.7353
vn 0.6159 0.0000 0.7878
vn 0.6159 0.0000 0.7878
vn 0.6159 0.0000 0.7878
vn 0.6159 0.0000 0.7878
vn 0.0000 -1.0000 0.0000
vn 0.0000 -1.0000 0.0000
vn 0.0000 -1.0000 0.0000
vn 0.0000 -1.0000 0.0000
vn 0.7362 -0.0738 -0.6727
vn 0.7362 -0.0738 -0.6727
vn 0.7362 -0.0738 -0.6727
vn 0.7362 -0.0738 -0.6727
vn 0.6904 0.2987 -0.6589
vn 0.6904 0.2987 -0.6589
vn 0.6904 0.2987 -0.6589
vn 0.6904 0.2987 -0.6589
vn 0.4573 0.8893 0.0000
vn 0.4573 0.8893 0.0000
vn 0.4573 0.8893 0.0000
vn 0.4573 0.8893 0.0000
vn 0.7318 0.2814 0.6208
vn 0.7318 0.2814 0.6208
vn 0.7318 0.2814 0.6208
vn 0.7318 0.2814 0.6208
vn 0.7229 -0.0754 0.6868
vn 0.7229 -0.0754 0.6868
vn 0.7229 -0.0754 0.6868
vn 0.7229 -0.0754 0.6868
vn 0.1414 -0.9899 0.0000
vn 0.1414 -0.9899 0.0000
vn 0.1414 -0.9899 0.0000
vn 0.1414 -0.9899 0.0000
vn -1.0000 0.0000 0.0000
vn -1.0000 0.0000 0.0000
vn -1.0000 0.0000 0.0000
vn -1.0000 0.0000 0.0000
vn -1.0000 0.0000 0.0000
vn -1.0000 0.0000 0.0000
vn -1.0000 0.0000 0.0000
vn -1.0000 0.0000 0.0000
vn -1.0000 0.0000 0.0000
vn -1.0000 0.0000 0.0000
vn -1.0000 0.0000 0.0000
vn -1.0000 0.0000 0.0000
vn -1.0000 0.0000 0.0000
vn -1.0000 0.0000 0.0000
vn -1.0000 0.0000 0.0000
vn -1.0000 0.0000 0.0000
vn -1.0000 0.0000 0.0000
vn -1.0000 0.0000 0.0000
vn 1.0000 0.0000 0.0000
vn 1.0000 0.0000 0.0000
vn 1.0000 0.0000 0.0000
vn 1.0000 0.0000 0.0000
vn 1.0000 0.0000 0.0000
vn 1.0000 0.0000 0.0000
vn 1.0000 0.0000 0.0000
vn 1.0000 0.0000 0.0000
vn 1.0000 0.0000 0.0000
vn 1.0000 0.0000 0.0000
vn 1.0000 0.0000 0.0000
vn 1.0000 0.0000 0.0000
vn 1.0000 0.0000 0.0000
vn 1.0000 0.0000 0.0000
vn 1.0000 0.0000 0.0000
vn 1.0000 0.0000 0.0000
vn 1.0000 0.0000 0.0000
vn 1.0000 0.0000 0.0000
vn 0.0022 -0.3090 0.9511
vn 0.0022 -0.3090 0.9511
vn 0.0022 -0.3090 0.9511
vn 0.0022 -0.3090 0.9511
vn 0.0059 -0.8090 0.5878
vn 0.0059 -0.8090 0.5878
vn 0.0059 -0.8090 0.5878
vn 0.0059 -0.8090 0.5878
vn 0.0072 -1.0000 0.0000
vn 0.0072 -1.0000 0.0000
vn 0.0072 -1.0000 0.0000
vn 0.0072 -1.0000 0.0000
vn 0.0059 -0.8090 -0.5878
vn 0.0059 -0.8090 -0.5878
vn 0.0059 -0.8090 -0.5878
vn 0.0059 -0.8090 -0.5878
vn 0.0022 -0.3090 -0.9511
vn 0.0022 -0.3090 -0.9511
vn 0.0022 -0.3090 -0.9511
vn 0.0022 -0.3090 -0.9511
vn -0.0022 0.3090 -0.9511
vn -0.0022 0.3090 -0.9511
vn -0.0022 0.3090 -0.9511
vn -0.0022 0.3090 -0.9511
vn -0.0059 0.8090 -0.5878
vn -0.0059 0.8090 -0.5878
vn -0.0059 0.8090 -0.5878
vn -0.0059 0.8090 -0.5878
vn -0.0072 1.0000 0.0000
vn -0.0072 1.0000 0.0000
vn -0.0072 1.0000 0.0000
vn -0.0072 1.0000 0.0000
vn -0.0059 0.8090 0.5878
vn -0.0059 0.8090 0.5878
vn -0.0059 0.8090 0.5878
vn -0.0059 0.8090 0.5878
vn -0.0022 0.3090 0.9511
vn -0.0022 0.3090 0.9511
vn -0.0022 0.3090 0.9511
vn -0.0022 0.3090 0.9511
vn 1.0000 0.0072 0.0000
vn 1.0000 0.0072 0.0000
vn 1.0000 0.0072 0.0000
vn -1.0000 -0.0072 0.0000
vn -1.0000 -0.0072 0.0000
vn -1.0000 -0.0072 0.0000
vn 1.0000 0.0072 -0.0000
vn 1.0000 0.0072 -0.0000
vn 1.0000 0.0072 -0.0000
vn -1.0000 -0.0072 0.0000
vn -1.0000 -0.0072 0.0000
vn -1.0000 -0.0072 0.0000
vn 1.0000 0.0072 0.0000
vn 1.0000 0.0072 0.0000
vn 1.0000 0.0072 0.0000
vn -1.0000 -0.0072 0.0000
vn -1.0000 -0.0072 0.0000
vn -1.0000 -0.0072 0.0000
vn 1.0000 0.0072 0.0000
vn 1.0000 0.0072 0.0000
vn 1.0000 0.0072 0.0000
vn -1.0000 -0.0072 -0.0000
vn -1.0000 -0.0072 -0.0000
vn -1.0000 -0.0072 -0.0000
vn 1.0000 0.0072 0.0000
vn 1.0000 0.0072 0.0000
vn 1.0000 0.0072 0.0000
vn -1.0000 -0.0072 0.0000
vn -1.0000 -0.0072 0.0000
vn -1.0000 -0.0072 0.0000
vn 1.0000 0.0072 0.0000
vn 1.0000 0.0072 0.0000
vn 1.0000 0.0072 0.0000
vn -1.0000 -0.0072 0.0000
vn -1.0000 -0.0072 0.0000
vn -1.0000 -0.0072 0.0000
vn 1.0000 0.0072 -0.0000
vn 1.0000 0.0072 -0.0000
vn 1.0000 0.0072 -0.0000
vn -1.0000 -0.0072 0.0000
vn -1.0000 -0.0072 0.0000
vn -1.0000 -0.0072 0.0000
vn 1.0000 0.0072 0.0000
vn 1.0000 0.0072 0.0000
vn 1.0000 0.0072 0.0000
vn -1.0000 -0.0072 0.0000
vn -1.0000 -0.0072 0.0000
vn -1.0000 -0.0072 0.0000
vn 1.0000 0.0072 0.0000
vn 1.0000 0.0072 0.0000
vn 1.0000 0.0072 0.0000
vn -1.0000 -0.0072 -0.0000
vn -1.0000 -0.0072 -0.0000
vn -1.0000 -0.0072 -0.0000
vn 1.0000 0.0072 0.0000
vn 1.0000 0.0072 0.0000
vn 1.0000 0.0072 0.0000
vn -1.0000 -0.0072 0.0000
vn -1.0000 -0.0072 0.0000
vn -1.0000 -0.0072 0.0000
vn 0.0000 -0.3090 0.9511
vn 0.0000 -0.3090 0.9511
vn 0.0000 -0.3090 0.9511
vn 0.0000 -0.3090 0.9511
vn 0.0000 -0.8090 0.5878
vn 0.0000 -0.8090 0.5878
vn 0.0000 -0.8090 0.5878
vn 0.0000 -0.8090 0.5878
vn 0.0000 -1.0000 0.0000
vn 0.0000 -1.0000 0.0000
vn 0.0000 -1.0000 0.0000
vn 0.0000 -1.0000 0.0000
vn 0.0000 -0.8090 -0.5878
vn 0.0000 -0.8090 -0.5878
vn 0.0000 -0.8090 -0.5878
vn 0.0000 -0.8090 -0.5878
vn 0.0000 -0.3090 -0.9511
vn 0.0000 -0.3090 -0.9511
vn 0.0000 -0.3090 -0.9511
vn 0.0000 -0.3090 -0.9511
vn 0.0000 0.3090 -0.9511
vn 0.0000 0.3090 -0.9511
vn 0.0000 0.3090 -0.9511
vn 0.0000 0.3090 -0.9511
vn 0.0000 0.8090 -0.5878
vn 0.0000 0.8090 -0.5878
vn 0.0000 0.8090 -0.5878
vn 0.0000 0.8090 -0.5878
vn 0.0000 1.0000 0.0000
vn 0.0000 1.0000 0.0000
vn 0.0000 1.0000 0.0000
vn 0.0000 1.0000 0.0000
vn 0.0000 0.8090 0.5878
vn 0.0000 0.8090 0.5878
vn 0.0000 0.8090 0.5878
vn 0.0000 0.8090 0.5878
vn 0.0000 0.3090 0.9511
vn 0.0000 0.3090 0.9511
vn 0.0000 0.3090 0.9511
vn 0.0000 0.3090 0.9511
vn 1.0000 0.0000 0.0000
vn 1.0000 0.0000 0.0000
vn 1.0000 0.0000 0.0000
vn -1.0000 0.0000 0.0000
vn -1.0000 0.0000 0.0000
vn -1.0000 0.0000 0.0000
vn 1.0000 0.0000 0.0000
vn 1.0000 0.0000 0.0000
vn 1.0000 0.0000 0.0000
vn -1.0000 0.0000 0.0000
vn -1.0000 0.0000 0.0000
vn -1.0000 0.0000 0.0000
vn 1.0000 0.0000 0.0000
vn 1.0000 0.0000 0.0000
vn 1.0000 0.0000 0.0000
vn -1.0000 0.0000 0.0000
vn -1.0000 0.0000 0.0000
vn -1.0000 0.0000 0.0000
vn 1.0000 0.0000 0.0000
vn 1.0000 0.0000 0.0000
vn 1.0000 0.0000 0.0000
vn -1.0000 0.0000 0.0000
vn -1.0000 0.0000 0.0000
vn -1.0000 0.0000 0.0000
vn 1.0000 0.0000 0.0000
vn 1.0000 0.0000 0.0000
vn 1.0000 0.0000 0.0000
vn -1.0000 0.0000 0.0000
vn -1.0000 0.0000 0.0000
vn -1.0000 0.0000 0.0000
vn 1.0000 0.0000 0.0000
vn 1.0000 0.0000 0.0000
vn 1.0000 0.0000 0.0000
vn -1.0000 0.0000 0.0000
vn -1.0000 0.0000 0.0000
vn -1.0000 0.0000 0.0000
vn 1.0000 0.0000 0.0000
vn 1.0000 0.0000 0.0000
vn 1.0000 0.0000 0.0000
vn -1.0000 0.0000 0.0000
vn -1.0000 0.0000 0.0000
vn -1.0000 0.0000 0.0000
vn 1.0000 0.0000 0.0000
vn 1.0000 0.0000 0.0000
vn 1.0000 0.0000 0.0000
vn -1.0000 0.0000 0.0000
vn -1.0000 0.0000 0.0000
vn -1.0000 0.0000 0.0000
vn 1.0000 0.0000 0.0000
vn 1.0000 0.0000 0.0000
vn 1.0000 0.0000 0.0000
vn -1.0000 0.0000 0.0000
vn -1.0000 0.0000 0.0000
vn -1.0000 0.0000 0.0000
vn 1.0000 0.0000 0.0000
vn 1.0000 0.0000 0.0000
vn 1.0000 0.0000 0.0000
vn -1.0000 0.0000 0.0000
vn -1.0000 0.0000 0.0000
vn -1.0000 0.0000 0.0000
g hull
f 1//1 2//2 3//3 4//4
f 5//5 6//6 7//7 8//8
f 9//9 10//10 11//11 12//12
f 13//13 14//14 15//15 16//16
f 17//17 18//18 19//19 20//20
f 21//21 22//22 23//23 24//24
f 25//25 26//26 27//27 28//28
f 29//29 30//30 31//31 32//32
f 33//33 34//34 35//35 36//36
f 37//37 38//38 39//39 40//40
f 41//41 42//42 43//43 44//44
f 45//45 46//46 47//47 48//48
f 49//49 50//50 51//51 52//52
f 53//53 54//54 55//55 56//56
f 57//57 58//58 59//59 60//60
f 61//61 62//62 63//63 64//64
f 65//65 66//66 67//67 68//68
f 69//69 70//70 71//71 72//72
f 73//73 74//74 75//75 76//76
f 77//77 78//78 79//79 80//80
f 81//81 82//82 83//83 84//84
f 85//85 86//86 87//87 88//88
f 89//89 90//90 91//91 92//92
f 93//93 94//94 95//95 96//96
f 97//97 98//98 99//99 100//100
f 101//101 102//102 103//103 104//104
f 105//105 106//106 107//107 108//108
f 109//109 110//110 111//111 112//112
f 113//113 114//114 115//115 116//116
f 117//117 118//118 119//119 120//120
f 121//121 122//122 123//123 124//124
f 125//125 126//126 127//127 128//128
f 129//129 130//130 131//131
f 132//132 133//133 134//134
f 135//135 136//136 137//137
f 138//138 139//139 140//140
f 141//141 142//142 143//143
f 144//144 145//145 146//146
f 147//147 148//148 149//149
f 150//150 151//151 152//152
f 153//153 154//154 155//155
f 156//156 157//157 158//158
f 159//159 160//160 161//161
f 162//162 163//163 164//164
f 165//165 166//166 167//167
f 168//168 169//169 170//170
f 171//171 172//172 173//173
f 174//174 175//175 176//176
g wheel
f 177//177 178//178 179//179 180//180
f 181//181 182//182 183//183 184//184
f 185//185 186//186 187//187 188//188
f 189//189 190//190 191//191 192//192
f 193//193 194//194 195//195 196//196
f 197//197 198//198 199//199 200//200
f 201//201 202//202 203//203 204//204
f 205//205 206//206 207//207 208//208
f 209//209 210//210 211//211 212//212
f 213//213 214//214 215//215 216//216
f 217//217 218//218 219//219 220//220
f 221//221 222//222 223//223 224//224
f 225//225 226//226 227//227 228//228
f 229//229 230//230 231//231 232//232
f 233//233 234//234 235//235 236//236
f 237//237 238//238 239//239 240//240
f 241//241 242//242 243//243
f 244//244 245//245 246//246
f 247//247 248//248 249//249
f 250//250 251//251 252//252
f 253//253 254//254 255//255
f 256//256 257//257 258//258
f 259//259 260//260 261//261
f 262//262 263//263 264//264
f 265//265 266//266 267//267
f 268//268 269//269 270//270
f 271//271 272//272 273//273
f 274//274 275//275 276//276
f 277//277 278//278 279//279
f 280//280 281//281 282//282
f 283//283 284//284 285//285
f 286//286 287//287 288//288
f 289//289 290//290 291//291
f 292//292 293//293 294//294
f 295//295 296//296 297//297
f 298//298 299//299 300//300
f 301//301 302//302 303//303
f 304//304 305//305 306//306
f 307//307 308//308 309//309
f 310//310 311//311 312//312
f 313//313 314//314 315//315
f 316//316 317//317 318//318
f 319//319 320//320 321//321
f 322//322 323//323 324//324
f 325//325 326//326 327//327
f 328//328 329//329 330//330
f 331//331 332//332 333//333
f 334//334 335//335 336//336
f 337//337 338//338 339//339 340//340
f 341//341 342//342 343//343 344//344
f 345//345 346//346 347//347 348//348
f 349//349 350//350 351//351 352//352
f 353//353 354//354 355//355 356//356
f 357//357 358//358 359//359 360//360
f 361//361 362//362 363//363 364//364
f 365//365 366//366 367//367 368//368
f 369//369 370//370 371//371 372//372
f 373//373 374//374 375//375 376//376
f 377//377 378//378 379//379 380//380
f 381//381 382//382 383//383 384//384
f 385//385 386//386 387//387 388//388
f 389//389 390//390 391//391 392//392
f 393//393 394//394 395//395 396//396
f 397//397 398//398 399//399 400//400
f 401//401 402//402 403//403
f 404//404 405//405 406//406
f 407//407 408//408 409//409
f 410//410 411//411 412//412
f 413//413 414//414 415//415
f 416//416 417//417 418//418
f 419//419 420//420 421//421
f 422//422 423//423 424//424
f 425//425 426//426 427//427
f 428//428 429//429 430//430
f 431//431 432//432 433//433
f 434//434 435//435 436//436
f 437//437 438//438 439//439
f 440//440 441//441 442//442
f 443//443 444//444 445//445
f 446//446 447//447 448//448
f 449//449 450//450 451//451
f 452//452 453//453 454//454
f 455//455 456//456 457//457
f 458//458 459//459 460//460
f 461//461 462//462 463//463
f 464//464 465//465 466//466
f 467//467 468//468 469//469
f 470//470 471//471 472//472
f 473//473 474//474 475//475
f 476//476 477//477 478//478
f 479//479 480//480 481//481
f 482//482 483//483 484//484
f 485//485 486//486 487//487
f 488//488 489//489 490//490
f 491//491 492//492 493//493
f 494//494 495//495 496//496
f 497//497 498//498 499//499 500//500
f 501//501 502//502 503//503 504//504
f 505//505 506//506 507//507 508//508
f 509//509 510//510 511//511 512//512
f 513//513 514//514 515//515 516//516
f 517//517 518//518 519//519 520//520
f 521//521 522//522 523//523 524//524
f 525//525 526//526 527//527 528//528
f 529//529 530//530 531//531 532//532
f 533//533 534//534 535//535 536//536
f 537//537 538//538 539//539 540//540
f 541//541 542//542 543//543 544//544
f 545//545 546//546 547//547 548//548
f 549//549 550//550 551//551 552//552
f 553//553 554//554 555//555 556//556
f 557//557 558//558 559//559 560//560
f 561//561 562//562 563//563
f 564//564 565//565 566//566
f 567//567 568//568 569//569
f 570//570 571//571 572//572
f 573//573 574//574 575//575
f 576//576 577//577 578//578
f 579//579 580//580 581//581
f 582//582 583//583 584//584
f 585//585 586//586 587//587
f 588//588 589//589 590//590
f 591//591 592//592 593//593
f 594//594 595//595 596//596
f 597//597 598//598 599//599
f 600//600 601//601 602//602
f 603//603 604//604 605//605
f 606//606 607//607 608//608
f 609//609 610//610 611//611
f 612//612 613//613 614//614
f 615//615 616//616 617//617
f 618//618 619//619 620//620
f 621//621 622//622 623//623
f 624//624 625//625 626//626
f 627//627 628//628 629//629
f 630//630 631//631 632//632
f 633//633 634//634 635//635
f 636//636 637//637 638//638
f 639//639 640//640 641//641
f 642//642 643//643 644//644
f 645//645 646//646 647//647
f 648//648 649//649 650//650
f 651//651 652//652 653//653
f 654//654 655//655 656//656
f 657//657 658//658 659//659 660//660
f 661//661 662//662 663//663 664//664
f 665//665 666//666 667//667 668//668
f 669//669 670//670 671//671 672//672
f 673//673 674//674 675//675 676//676
f 677//677 678//678 679//679 680//680
f 681//681 682//682 683//683 684//684
f 685//685 686//686 687//687 688//688
f 689//689 690//690 691//691 692//692
f 693//693 694//694 695//695 696//696
f 697//697 698//698 699//699 700//700
f 701//701 702//702 703//703 704//704
f 705//705 706//706 707//707 708//708
f 709//709 710//710 711//711 712//712
f 713//713 714//714 715//715 716//716
f 717//717 718//718 719//719 720//720
f 721//721 722//722 723//723
f 724//724 725//725 726//726
f 727//727 728//728 729//729
f 730//730 731//731 732//732
f 733//733 734//734 735//735
f 736//736 737//737 738//738
f 739//739 740//740 741//741
f 742//742 743//743 744//744
f 745//745 746//746 747//747
f 748//748 749//749 750//750
f 751//751 752//752 753//753
f 754//754 755//755 756//756
f 757//757 758//758 759//759
f 760//760 761//761 762//762
f 763//763 764//764 765//765
f 766//766 767//767 768//768
f 769//769 770//770 771//771
f 772//772 773//773 774//774
f 775//775 776//776 777//777
f 778//778 779//779 780//780
f 781//781 782//782 783//783
f 784//784 785//785 786//786
f 787//787 788//788 789//789
f 790//790 791//791 792//792
f 793//793 794//794 795//795
f 796//796 797//797 798//798
f 799//799 800//800 801//801
f 802//802 803//803 804//804
f 805//805 806//806 807//807
f 808//808 809//809 810//810
f 811//811 812//812 813//813
f 814//814 815//815 816//816
f 817//817 818//818 819//819 820//820
f 821//821 822//822 823//823 824//824
f 825//825 826//826 827//827 828//828
f 829//829 830//830 831//831 832//832
f 833//833 834//834 835//835 836//836
f 837//837 838//838 839//839 840//840
f 841//841 842//842 843//843 844//844
f 845//845 846//846 847//847 848//848
f 849//849 850//850 851//851 852//852
f 853//853 854//854 855//855 856//856
f 857//857 858//858 859//859 860//860
f 861//861 862//862 863//863 864//864
f 865//865 866//866 867//867 868//868
f 869//869 870//870 871//871 872//872
f 873//873 874//874 875//875 876//876
f 877//877 878//878 879//879 880//880
f 881//881 882//882 883//883
f 884//884 885//885 886//886
f 887//887 888//888 889//889
f 890//890 891//891 892//892
f 893//893 894//894 895//895
f 896//896 897//897 898//898
f 899//899 900//900 901//901
f 902//902 903//903 904//904
f 905//905 906//906 907//907
f 908//908 909//909 910//910
f 911//911 912//912 913//913
f 914//914 915//915 916//916
f 917//917 918//918 919//919
f 920//920 921//921 922//922
f 923//923 924//924 925//925
f 926//926 927//927 928//928
f 929//929 930//930 931//931
f 932//932 933//933 934//934
f 935//935 936//936 937//937
f 938//938 939//939 940//940
f 941//941 942//942 943//943
f 944//944 945//945 946//946
f 947//947 948//948 949//949
f 950//950 951//951 952//952
f 953//953 954//954 955//955
f 956//956 957//957 958//958
f 959//959 960//960 961//961
f 962//962 963//963 964//964
f 965//965 966//966 967//967
f 968//968 969//969 970//970
f 971//971 972//972 973//973
f 974//974 975//975 976//976
f 977//977 978//978 979//979 980//980
f 981//981 982//982 983//983 984//984
f 985//985 986//986 987//987 988//988
f 989//989 990//990 991//991 992//992
f 993//993 994//994 995//995 996//996
f 997//997 998//998 999//999 1000//1000
f 1001//1001 1002//1002 1003//1003 1004//1004
f 1005//1005 1006//1006 1007//1007 1008//1008
f 1009//1009 1010//1010 1011//1011 1012//1012
f 1013//1013 1014//1014 1015//1015 1016//1016
f 1017//1017 1018//1018 1019//1019 1020//1020
f 1021//1021 1022//1022 1023//1023 1024//1024
f 1025//1025 1026//1026 1027//1027 1028//1028
f 1029//1029 1030//1030 1031//1031 1032//1032
f 1033//1033 1034//1034 1035//1035 1036//1036
f 1037//1037 1038//1038 1039//1039 1040//1040
f 1041//1041 1042//1042 1043//1043
f 1044//1044 1045//1045 1046//1046
f 1047//1047 1048//1048 1049//1049
f 1050//1050 1051//1051 1052//1052
f 1053//1053 1054//1054 1055//1055
f 1056//1056 1057//1057 1058//1058
f 1059//1059 1060//1060 1061//1061
f 1062//1062 1063//1063 1064//1064
f 1065//1065 1066//1066 1067//1067
f 1068//1068 1069//1069 1070//1070
f 1071//1071 1072//1072 1073//1073
f 1074//1074 1075//1075 1076//1076
f 1077//1077 1078//1078 1079//1079
f 1080//1080 1081//1081 1082//1082
f 1083//1083 1084//1084 1085//1085
f 1086//1086 1087//1087 1088//1088
f 1089//1089 1090//1090 1091//1091
f 1092//1092 1093//1093 1094//1094
f 1095//1095 1096//1096 1097//1097
f 1098//1098 1099//1099 1100//1100
f 1101//1101 1102//1102 1103//1103
f 1104//1104 1105//1105 1106//1106
f 1107//1107 1108//1108 1109//1109
f 1110//1110 1111//1111 1112//1112
f 1113//1113 1114//1114 1115//1115
f 1116//1116 1117//1117 1118//1118
f 1119//1119 1120//1120 1121//1121
f 1122//1122 1123//1123 1124//1124
f 1125//1125 1126//1126 1127//1127
f 1128//1128 1129//1129 1130//1130
f 1131//1131 1132//1132 1133//1133
f 1134//1134 1135//1135 1136//1136
f 1137//1137 1138//1138 1139//1139 1140//1140
f 1141//1141 1142//1142 1143//1143 1144//1144
f 1145//1145 1146//1146 1147//1147 1148//1148
f 1149//1149 1150//1150 1151//1151 1152//1152
f 1153//1153 1154//1154 1155//1155 1156//1156
f 1157//1157 1158//1158 1159//1159 1160//1160
f 1161//1161 1162//1162 1163//1163 1164//1164
f 1165//1165 1166//1166 1167//1167 1168//1168
f 1169//1169 1170//1170 1171//1171 1172//1172
f 1173//1173 1174//1174 1175//1175 1176//1176
f 1177//1177 1178//1178 1179//1179 1180//1180
f 1181//1181 1182//1182 1183//1183 1184//1184
f 1185//1185 1186//1186 1187//1187 1188//1188
f 1189//1189 1190//1190 1191//1191 1192//1192
f 1193//1193 1194//1194 1195//1195 1196//1196
f 1197//1197 1198//1198 1199//1199 1200//1200
f 1201//1201 1202//1202 1203//1203
f 1204//1204 1205//1205 1206//1206
f 1207//1207 1208//1208 1209//1209
f 1210//1210 1211//1211 1212//1212
f 1213//1213 1214//1214 1215//1215
f 1216//1216 1217//1217 1218//1218
f 1219//1219 1220//1220 1221//1221
f 1222//1222 1223//1223 1224//1224
f 1225//1225 1226//1226 1227//1227
f 1228//1228 1229//1229 1230//1230
f 1231//1231 1232//1232 1233//1233
f 1234//1234 1235//1235 1236//1236
f 1237//1237 1238//1238 1239//1239
f 1240//1240 1241//1241 1242//1242
f 1243//1243 1244//1244 1245//1245
f 1246//1246 1247//1247 1248//1248
f 1249//1249 1250//1250 1251//1251
f 1252//1252 1253//1253 1254//1254
f 1255//1255 1256//1256 1257//1257
f 1258//1258 1259//1259 1260//1260
f 1261//1261 1262//1262 1263//1263
f 1264//1264 1265//1265 1266//1266
f 1267//1267 1268//1268 1269//1269
f 1270//1270 1271//1271 1272//1272
f 1273//1273 1274//1274 1275//1275
f 1276//1276 1277//1277 1278//1278
f 1279//1279 1280//1280 1281//1281
f 1282//1282 1283//1283 1284//1284
f 1285//1285 1286//1286 1287//1287
f 1288//1288 1289//1289 1290//1290
f 1291//1291 1292//1292 1293//1293
f 1294//1294 1295//1295 1296//1296
f 1297//1297 1298//1298 1299//1299 1300//1300
f 1301//1301 1302//1302 1303//1303 1304//1304
f 1305//1305 1306//1306 1307//1307 1308//1308
f 1309//1309 1310//1310 1311//1311 1312//1312
f 1313//1313 1314//1314 1315//1315 1316//1316
f 1317//1317 1318//1318 1319//1319 1320//1320
f 1321//1321 1322//1322 1323//1323 1324//1324
f 1325//1325 1326//1326 1327//1327 1328//1328
f 1329//1329 1330//1330 1331//1331 1332//1332
f 1333//1333 1334//1334 1335//1335 1336//1336
f 1337//1337 1338//1338 1339//1339 1340//1340
f 1341//1341 1342//1342 1343//1343 1344//1344
f 1345//1345 1346//1346 1347//1347 1348//1348
f 1349//1349 1350//1350 1351//1351 1352//1352
f 1353//1353 1354//1354 1355//1355 1356//1356
f 1357//1357 1358//1358 1359//1359 1360//1360
f 1361//1361 1362//1362 1363//1363
f 1364//1364 1365//1365 1366//1366
f 1367//1367 1368//1368 1369//1369
f 1370//1370 1371//1371 1372//1372
f 1373//1373 1374//1374 1375//1375
f 1376//1376 1377//1377 1378//1378
f 1379//1379 1380//1380 1381//1381
f 1382//1382 1383//1383 1384//1384
f 1385//1385 1386//1386 1387//1387
f 1388//1388 1389//1389 1390//1390
f 1391//1391 1392//1392 1393//1393
f 1394//1394 1395//1395 1396//1396
f 1397//1397 1398//1398 1399//1399
f 1400//1400 1401//1401 1402//1402
f 1403//1403 1404//1404 1405//1405
f 1406//1406 1407//1407 1408//1408
f 1409//1409 1410//1410 1411//1411
f 1412//1412 1413//1413 1414//1414
f 1415//1415 1416//1416 1417//1417
f 1418//1418 1419//1419 1420//1420
f 1421//1421 1422//1422 1423//1423
f 1424//1424 1425//1425 1426//1426
f 1427//1427 1428//1428 1429//1429
f 1430//1430 1431//1431 1432//1432
f 1433//1433 1434//1434 1435//1435
f 1436//1436 1437//1437 1438//1438
f 1439//1439 1440//1440 1441//1441
f 1442//1442 1443//1443 1444//1444
f 1445//1445 1446//1446 1447//1447
f 1448//1448 1449//1449 1450//1450
f 1451//1451 1452//1452 1453//1453
f 1454//1454 1455//1455 1456//1456
f 1457//1457 1458//1458 1459//1459 1460//1460
f 1461//1461 1462//1462 1463//1463 1464//1464
f 1465//1465 1466//1466 1467//1467 1468//1468
f 1469//1469 1470//1470 1471//1471 1472//1472
f 1473//1473 1474//1474 1475//1475 1476//1476
f 1477//1477 1478//1478 1479//1479 1480//1480
f 1481//1481 1482//1482 1483//1483 1484//1484
f 1485//1485 1486//1486 1487//1487 1488//1488
f 1489//1489 1490//1490 1491//1491 1492//1492
f 1493//1493 1494//1494 1495//1495 1496//1496
f 1497//1497 1498//1498 1499//1499 1500//1500
f 1501//1501 1502//1502 1503//1503 1504//1504
f 1505//1505 1506//1506 1507//1507 1508//1508
f 1509//1509 1510//1510 1511//1511 1512//1512
f 1513//1513 1514//1514 1515//1515 1516//1516
f 1517//1517 1518//1518 1519//1519 1520//1520
f 1521//1521 1522//1522 1523//1523
f 1524//1524 1525//1525 1526//1526
f 1527//1527 1528//1528 1529//1529
f 1530//1530 1531//1531 1532//1532
f 1533//1533 1534//1534 1535//1535
f 1536//1536 1537//1537 1538//1538
f 1539//1539 1540//1540 1541//1541
f 1542//1542 1543//1543 1544//1544
f 1545//1545 1546//1546 1547//1547
f 1548//1548 1549//1549 1550//1550
f 1551//1551 1552//1552 1553//1553
f 1554//1554 1555//1555 1556//1556
f 1557//1557 1558//1558 1559//1559
f 1560//1560 1561//1561 1562//1562
f 1563//1563 1564//1564 1565//1565
f 1566//1566 1567//1567 1568//1568
f 1569//1569 1570//1570 1571//1571
f 1572//1572 1573//1573 1574//1574
f 1575//1575 1576//1576 1577//1577
f 1578//1578 1579//1579 1580//1580
f 1581//1581 1582//1582 1583//1583
f 1584//1584 1585//1585 1586//1586
f 1587//1587 1588//1588 1589//1589
f 1590//1590 1591//1591 1592//1592
f 1593//1593 1594//1594 1595//1595
f 1596//1596 1597//1597 1598//1598
f 1599//1599 1600//1600 1601//1601
f 1602//1602 1603//1603 1604//1604
f 1605//1605 1606//1606 1607//1607
f 1608//1608 1609//1609 1610//1610
f 1611//1611 1612//1612 1613//1613
f 1614//1614 1615//1615 1616//1616
f 1617//1617 1618//1618 1619//1619 1620//1620
f 1621//1621 1622//1622 1623//1623 1624//1624
f 1625//1625 1626//1626 1627//1627 1628//1628
f 1629//1629 1630//1630 1631//1631 1632//1632
f 1633//1633 1634//1634 1635//1635 1636//1636
f 1637//1637 1638//1638 1639//1639 1640//1640
f 1641//1641 1642//1642 1643//1643 1644//1644
f 1645//1645 1646//1646 1647//1647 1648//1648
f 1649//1649 1650//1650 1651//1651 1652//1652
f 1653//1653 1654//1654 1655//1655 1656//1656
f 1657//1657 1658//1658 1659//1659 1660//1660
f 1661//1661 1662//1662 1663//1663 1664//1664
f 1665//1665 1666//1666 1667//1667 1668//1668
f 1669//1669 1670//1670 1671//1671 1672//1672
f 1673//1673 1674//1674 1675//1675 1676//1676
f 1677//1677 1678//1678 1679//1679 1680//1680
f 1681//1681 1682//1682 1683//1683
f 1684//1684 1685//1685 1686//1686
f 1687//1687 1688//1688 1689//1689
f 1690//1690 1691//1691 1692//1692
f 1693//1693 1694//1694 1695//1695
f 1696//1696 1697//1697 1698//1698
f 1699//1699 1700//1700 1701//1701
f 1702//1702 1703//1703 1704//1704
f 1705//1705 1706//1706 1707//1707
f 1708//1708 1709//1709 1710//1710
f 1711//1711 1712//1712 1713//1713
f 1714//1714 1715//1715 1716//1716
f 1717//1717 1718//1718 1719//1719
f 1720//1720 1721//1721 1722//1722
f 1723//1723 1724//1724 1725//1725
f 1726//1726 1727//1727 1728//1728
f 1729//1729 1730//1730 1731//1731
f 1732//1732 1733//1733 1734//1734
f 1735//1735 1736//1736 1737//1737
f 1738//1738 1739//1739 1740//1740
f 1741//1741 1742//1742 1743//1743
f 1744//1744 1745//1745 1746//1746
f 1747//1747 1748//1748 1749//1749
f 1750//1750 1751//1751 1752//1752
f 1753//1753 1754//1754 1755//1755
f 1756//1756 1757//1757 1758//1758
f 1759//1759 1760//1760 1761//1761
f 1762//1762 1763//1763 1764//1764
f 1765//1765 1766//1766 1767//1767
f 1768//1768 1769//1769 1770//1770
f 1771//1771 1772//1772 1773//1773
f 1774//1774 1775//1775 1776//1776
f 1777//1777 1778//1778 1779//1779 1780//1780
f 1781//1781 1782//1782 1783//1783 1784//1784
f 1785//1785 1786//1786 1787//1787 1788//1788
f 1789//1789 1790//1790 1791//1791 1792//1792
f 1793//1793 1794//1794 1795//1795 1796//1796
f 1797//1797 1798//1798 1799//1799 1800//1800
f 1801//1801 1802//1802 1803//1803 1804//1804
f 1805//1805 1806//1806 1807//1807 1808//1808
f 1809//1809 1810//1810 1811//1811 1812//1812
f 1813//1813 1814//1814 1815//1815 1816//1816
f 1817//1817 1818//1818 1819//1819 1820//1820
f 1821//1821 1822//1822 1823//1823 1824//1824
f 1825//1825 1826//1826 1827//1827 1828//1828
f 1829//1829 1830//1830 1831//1831 1832//1832
f 1833//1833 1834//1834 1835//1835 1836//1836
f 1837//1837 1838//1838 1839//1839 1840//1840
f 1841//1841 1842//1842 1843//1843
f 1844//1844 1845//1845 1846//1846
f 1847//1847 1848//1848 1849//1849
f 1850//1850 1851//1851 1852//1852
f 1853//1853 1854//1854 1855//1855
f 1856//1856 1857//1857 1858//1858
f 1859//1859 1860//1860 1861//1861
f 1862//1862 1863//1863 1864//1864
f 1865//1865 1866//1866 1867//1867
f 1868//1868 1869//1869 1870//1870
f 1871//1871 1872//1872 1873//1873
f 1874//1874 1875//1875 1876//1876
f 1877//1877 1878//1878 1879//1879
f 1880//1880 1881//1881 1882//1882
f 1883//1883 1884//1884 1885//1885
f 1886//1886 1887//1887 1888//1888
f 1889//1889 1890//1890 1891//1891
f 1892//1892 1893//1893 1894//1894
f 1895//1895 1896//1896 1897//1897
f 1898//1898 1899//1899 1900//1900
f 1901//1901 1902//1902 1903//1903
f 1904//1904 1905//1905 1906//1906
f 1907//1907 1908//1908 1909//1909
f 1910//1910 1911//1911 1912//1912
f 1913//1913 1914//1914 1915//1915
f 1916//1916 1917//1917 1918//1918
f 1919//1919 1920//1920 1921//1921
f 1922//1922 1923//1923 1924//1924
f 1925//1925 1926//1926 1927//1927
f 1928//1928 1929//1929 1930//1930
f 1931//1931 1932//1932 1933//1933
f 1934//1934 1935//1935 1936//1936
f 1937//1937 1938//1938 1939//1939 1940//1940
f 1941//1941 1942//1942 1943//1943 1944//1944
f 1945//1945 1946//1946 1947//1947 1948//1948
f 1949//1949 1950//1950 1951//1951 1952//1952
f 1953//1953 1954//1954 1955//1955 1956//1956
f 1957//1957 1958//1958 1959//1959 1960//1960
f 1961//1961 1962//1962 1963//1963 1964//1964
f 1965//1965 1966//1966 1967//1967 1968//1968
f 1969//1969 1970//1970 1971//1971 1972//1972
f 1973//1973 1974//1974 1975//1975 1976//1976
f 1977//1977 1978//1978 1979//1979 1980//1980
f 1981//1981 1982//1982 1983//1983 1984//1984
f 1985//1985 1986//1986 1987//1987 1988//1988
f 1989//1989 1990//1990 1991//1991 1992//1992
f 1993//1993 1994//1994 1995//1995 1996//1996
f 1997//1997 1998//1998 1999//1999 2000//2000
f 2001//2001 2002//2002 2003//2003
f 2004//2004 2005//2005 2006//2006
f 2007//2007 2008//2008 2009//2009
f 2010//2010 2011//2011 2012//2012
f 2013//2013 2014//2014 2015//2015
f 2016//2016 2017//2017 2018//2018
f 2019//2019 2020//2020 2021//2021
f 2022//2022 2023//2023 2024//2024
f 2025//2025 2026//2026 2027//2027
f 2028//2028 2029//2029 2030//2030
f 2031//2031 2032//2032 2033//2033
f 2034//2034 2035//2035 2036//2036
f 2037//2037 2038//2038 2039//2039
f 2040//2040 2041//2041 2042//2042
f 2043//2043 2044//2044 2045//2045
f 2046//2046 2047//2047 2048//2048
f 2049//2049 2050//2050 2051//2051
f 2052//2052 2053//2053 2054//2054
f 2055//2055 2056//2056 2057//2057
f 2058//2058 2059//2059 2060//2060
f 2061//2061 2062//2062 2063//2063
f 2064//2064 2065//2065 2066//2066
f 2067//2067 2068//2068 2069//2069
f 2070//2070 2071//2071 2072//2072
f 2073//2073 2074//2074 2075//2075
f 2076//2076 2077//2077 2078//2078
f 2079//2079 2080//2080 2081//2081
f 2082//2082 2083//2083 2084//2084
f 2085//2085 2086//2086 2087//2087
f 2088//2088 2089//2089 2090//2090
f 2091//2091 2092//2092 2093//2093
f 2094//2094 2095//2095 2096//2096
g sprocket
f 2097//2097 2098//2098 2099//2099 2100//2100
f 2101//2101 2102//2102 2103//2103 2104//2104
f 2105//2105 2106//2106 2107//2107 2108//2108
f 2109//2109 2110//2110 2111//2111 2112//2112
f 2113//2113 2114//2114 2115//2115 2116//2116
f 2117//2117 2118//2118 2119//2119 2120//2120
f 2121//2121 2122//2122 2123//2123 2124//2124
f 2125//2125 2126//2126 2127//2127 2128//2128
f 2129//2129 2130//2130 2131//2131 2132//2132
f 2133//2133 2134//2134 2135//2135 2136//2136
f 2137//2137 2138//2138 2139//2139 2140//2140
f 2141//2141 2142//2142 2143//2143 2144//2144
f 2145//2145 2146//2146 2147//2147 2148//2148
f 2149//2149 2150//2150 2151//2151 2152//2152
f 2153//2153 2154//2154 2155//2155 2156//2156
f 2157//2157 2158//2158 2159//2159 2160//2160
f 2161//2161 2162//2162 2163//2163
f 2164//2164 2165//2165 2166//2166
f 2167//2167 2168//2168 2169//2169
f 2170//2170 2171//2171 2172//2172
f 2173//2173 2174//2174 2175//2175
f 2176//2176 2177//2177 2178//2178
f 2179//2179 2180//2180 2181//2181
f 2182//2182 2183//2183 2184//2184
f 2185//2185 2186//2186 2187//2187
f 2188//2188 2189//2189 2190//2190
f 2191//2191 2192//2192 2193//2193
f 2194//2194 2195//2195 2196//2196
f 2197//2197 2198//2198 2199//2199
f 2200//2200 2201//2201 2202//2202
f 2203//2203 2204//2204 2205//2205
f 2206//2206 2207//2207 2208//2208
f 2209//2209 2210//2210 2211//2211
f 2212//2212 2213//2213 2214//2214
f 2215//2215 2216//2216 2217//2217
f 2218//2218 2219//2219 2220//2220
f 2221//2221 2222//2222 2223//2223
f 2224//2224 2225//2225 2226//2226
f 2227//2227 2228//2228 2229//2229
f 2230//2230 2231//2231 2232//2232
f 2233//2233 2234//2234 2235//2235
f 2236//2236 2237//2237 2238//2238
f 2239//2239 2240//2240 2241//2241
f 2242//2242 2243//2243 2244//2244
f 2245//2245 2246//2246 2247//2247
f 2248//2248 2249//2249 2250//2250
f 2251//2251 2252//2252 2253//2253
f 2254//2254 2255//2255 2256//2256
f 2257//2257 2258//2258 2259//2259 2260//2260
f 2261//2261 2262//2262 2263//2263 2264//2264
f 2265//2265 2266//2266 2267//2267 2268//2268
f 2269//2269 2270//2270 2271//2271 2272//2272
f 2273//2273 2274//2274 2275//2275 2276//2276
f 2277//2277 2278//2278 2279//2279 2280//2280
f 2281//2281 2282//2282 2283//2283 2284//2284
f 2285//2285 2286//2286 2287//2287 2288//2288
f 2289//2289 2290//2290 2291//2291 2292//2292
f 2293//2293 2294//2294 2295//2295 2296//2296
f 2297//2297 2298//2298 2299//2299 2300//2300
f 2301//2301 2302//2302 2303//2303 2304//2304
f 2305//2305 2306//2306 2307//2307 2308//2308
f 2309//2309 2310//2310 2311//2311 2312//2312
f 2313//2313 2314//2314 2315//2315 2316//2316
f 2317//2317 2318//2318 2319//2319 2320//2320
f 2321//2321 2322//2322 2323//2323
f 2324//2324 2325//2325 2326//2326
f 2327//2327 2328//2328 2329//2329
f 2330//2330 2331//2331 2332//2332
f 2333//2333 2334//2334 2335//2335
f 2336//2336 2337//2337 2338//2338
f 2339//2339 2340//2340 2341//2341
f 2342//2342 2343//2343 2344//2344
f 2345//2345 2346//2346 2347//2347
f 2348//2348 2349//2349 2350//2350
f 2351//2351 2352//2352 2353//2353
f 2354//2354 2355//2355 2356//2356
f 2357//2357 2358//2358 2359//2359
f 2360//2360 2361//2361 2362//2362
f 2363//2363 2364//2364 2365//2365
f 2366//2366 2367//2367 2368//2368
f 2369//2369 2370//2370 2371//2371
f 2372//2372 2373//2373 2374//2374
f 2375//2375 2376//2376 2377//2377
f 2378//2378 2379//2379 2380//2380
f 2381//2381 2382//2382 2383//2383
f 2384//2384 2385//2385 2386//2386
f 2387//2387 2388//2388 2389//2389
f 2390//2390 2391//2391 2392//2392
f 2393//2393 2394//2394 2395//2395
f 2396//2396 2397//2397 2398//2398
f 2399//2399 2400//2400 2401//2401
f 2402//2402 2403//2403 2404//2404
f 2405//2405 2406//2406 2407//2407
f 2408//2408 2409//2409 2410//2410
f 2411//2411 2412//2412 2413//2413
f 2414//2414 2415//2415 2416//2416
f 2417//2417 2418//2418 2419//2419 2420//2420
f 2421//2421 2422//2422 2423//2423 2424//2424
f 2425//2425 2426//2426 2427//2427 2428//2428
f 2429//2429 2430//2430 2431//2431 2432//2432
f 2433//2433 2434//2434 2435//2435 2436//2436
f 2437//2437 2438//2438 2439//2439 2440//2440
f 2441//2441 2442//2442 2443//2443 2444//2444
f 2445//2445 2446//2446 2447//2447 2448//2448
f 2449//2449 2450//2450 2451//2451 2452//2452
f 2453//2453 2454//2454 2455//2455 2456//2456
f 2457//2457 2458//2458 2459//2459 2460//2460
f 2461//2461 2462//2462 2463//2463 2464//2464
f 2465//2465 2466//2466 2467//2467 2468//2468
f 2469//2469 2470//2470 2471//2471 2472//2472
f 2473//2473 2474//2474 2475//2475 2476//2476
f 2477//2477 2478//2478 2479//2479 2480//2480
f 2481//2481 2482//2482 2483//2483
f 2484//2484 2485//2485 2486//2486
f 2487//2487 2488//2488 2489//2489
f 2490//2490 2491//2491 2492//2492
f 2493//2493 2494//2494 2495//2495
f 2496//2496 2497//2497 2498//2498
f 2499//2499 2500//2500 2501//2501
f 2502//2502 2503//2503 2504//2504
f 2505//2505 2506//2506 2507//2507
f 2508//2508 2509//2509 2510//2510
f 2511//2511 2512//2512 2513//2513
f 2514//2514 2515//2515 2516//2516
f 2517//2517 2518//2518 2519//2519
f 2520//2520 2521//2521 2522//2522
f 2523//2523 2524//2524 2525//2525
f 2526//2526 2527//2527 2528//2528
f 2529//2529 2530//2530 2531//2531
f 2532//2532 2533//2533 2534//2534
f 2535//2535 2536//2536 2537//2537
f 2538//2538 2539//2539 2540//2540
f 2541//2541 2542//2542 2543//2543
f 2544//2544 2545//2545 2546//2546
f 2547//2547 2548//2548 2549//2549
f 2550//2550 2551//2551 2552//2552
f 2553//2553 2554//2554 2555//2555
f 2556//2556 2557//2557 2558//2558
f 2559//2559 2560//2560 2561//2561
f 2562//2562 2563//2563 2564//2564
f 2565//2565 2566//2566 2567//2567
f 2568//2568 2569//2569 2570//2570
f 2571//2571 2572//2572 2573//2573
f 2574//2574 2575//2575 2576//2576
f 2577//2577 2578//2578 2579//2579 2580//2580
f 2581//2581 2582//2582 2583//2583 2584//2584
f 2585//2585 2586//2586 2587//2587 2588//2588
f 2589//2589 2590//2590 2591//2591 2592//2592
f 2593//2593 2594//2594 2595//2595 2596//2596
f 2597//2597 2598//2598 2599//2599 2600//2600
f 2601//2601 2602//2602 2603//2603 2604//2604
f 2605//2605 2606//2606 2607//2607 2608//2608
f 2609//2609 2610//2610 2611//2611 2612//2612
f 2613//2613 2614//2614 2615//2615 2616//2616
f 2617//2617 2618//2618 2619//2619 2620//2620
f 2621//2621 2622//2622 2623//2623 2624//2624
f 2625//2625 2626//2626 2627//2627 2628//2628
f 2629//2629 2630//2630 2631//2631 2632//2632
f 2633//2633 2634//2634 2635//2635 2636//2636
f 2637//2637 2638//2638 2639//2639 2640//2640
f 2641//2641 2642//2642 2643//2643
f 2644//2644 2645//2645 2646//2646
f 2647//2647 2648//2648 2649//2649
f 2650//2650 2651//2651 2652//2652
f 2653//2653 2654//2654 2655//2655
f 2656//2656 2657//2657 2658//2658
f 2659//2659 2660//2660 2661//2661
f 2662//2662 2663//2663 2664//2664
f 2665//2665 2666//2666 2667//2667
f 2668//2668 2669//2669 2670//2670
f 2671//2671 2672//2672 2673//2673
f 2674//2674 2675//2675 2676//2676
f 2677//2677 2678//2678 2679//2679
f 2680//2680 2681//2681 2682//2682
f 2683//2683 2684//2684 2685//2685
f 2686//2686 2687//2687 2688//2688
f 2689//2689 2690//2690 2691//2691
f 2692//2692 2693//2693 2694//2694
f 2695//2695 2696//2696 2697//2697
f 2698//2698 2699//2699 2700//2700
f 2701//2701 2702//2702 2703//2703
f 2704//2704 2705//2705 2706//2706
f 2707//2707 2708//2708 2709//2709
f 2710//2710 2711//2711 2712//2712
f 2713//2713 2714//2714 2715//2715
f 2716//2716 2717//2717 2718//2718
f 2719//2719 2720//2720 2721//2721
f 2722//2722 2723//2723 2724//2724
f 2725//2725 2726//2726 2727//2727
f 2728//2728 2729//2729 2730//2730
f 2731//2731 2732//2732 2733//2733
f 2734//2734 2735//2735 2736//2736
g track
f 2737//2737 2738//2738 2739//2739 2740//2740
f 2741//2741 2742//2742 2743//2743 2744//2744
f 2745//2745 2746//2746 2747//2747 2748//2748
f 2749//2749 2750//2750 2751//2751 2752//2752
f 2753//2753 2754//2754 2755//2755 2756//2756
f 2757//2757 2758//2758 2759//2759 2760//2760
f 2761//2761 2762//2762 2763//2763 2764//2764
f 2765//2765 2766//2766 2767//2767 2768//2768
f 2769//2769 2770//2770 2771//2771 2772//2772
f 2773//2773 2774//2774 2775//2775 2776//2776
f 2777//2777 2778//2778 2779//2779 2780//2780
f 2781//2781 2782//2782 2783//2783 2784//2784
f 2785//2785 2786//2786 2787//2787 2788//2788
f 2789//2789 2790//2790 2791//2791 2792//2792
f 2793//2793 2794//2794 2795//2795 2796//2796
f 2797//2797 2798//2798 2799//2799 2800//2800
f 2801//2801 2802//2802 2803//2803 2804//2804
f 2805//2805 2806//2806 2807//2807 2808//2808
f 2809//2809 2810//2810 2811//2811 2812//2812
f 2813//2813 2814//2814 2815//2815 2816//2816
f 2817//2817 2818//2818 2819//2819 2820//2820
f 2821//2821 2822//2822 2823//2823 2824//2824
f 2825//2825 2826//2826 2827//2827 2828//2828
f 2829//2829 2830//2830 2831//2831 2832//2832
g skirt
f 2833//2833 2834//2834 2835//2835 2836//2836
f 2837//2837 2838//2838 2839//2839 2840//2840
f 2841//2841 2842//2842 2843//2843 2844//2844
f 2845//2845 2846//2846 2847//2847 2848//2848
f 2849//2849 2850//2850 2851//2851 2852//2852
f 2853//2853 2854//2854 2855//2855 2856//2856
f 2857//2857 2858//2858 2859//2859 2860//2860
f 2861//2861 2862//2862 2863//2863 2864//2864
f 2865//2865 2866//2866 2867//2867 2868//2868
f 2869//2869 2870//2870 2871//2871 2872//2872
f 2873//2873 2874//2874 2875//2875 2876//2876
f 2877//2877 2878//2878 2879//2879 2880//2880
g turret
f 2881//2881 2882//2882 2883//2883 2884//2884
f 2885//2885 2886//2886 2887//2887 2888//2888
f 2889//2889 2890//2890 2891//2891 2892//2892
f 2893//2893 2894//2894 2895//2895 2896//2896
f 2897//2897 2898//2898 2899//2899 2900//2900
f 2901//2901 2902//2902 2903//2903 2904//2904
f 2905//2905 2906//2906 2907//2907 2908//2908
f 2909//2909 2910//2910 2911//2911 2912//2912
f 2913//2913 2914//2914 2915//2915 2916//2916
f 2917//2917 2918//2918 2919//2919 2920//2920
f 2921//2921 2922//2922 2923//2923 2924//2924
f 2925//2925 2926//2926 2927//2927 2928//2928
f 2929//2929 2930//2930 2931//2931 2932//2932
f 2933//2933 2934//2934 2935//2935 2936//2936
f 2937//2937 2938//2938 2939//2939 2940//2940
f 2941//2941 2942//2942 2943//2943 2944//2944
f 2945//2945 2946//2946 2947//2947 2948//2948
f 2949//2949 2950//2950 2951//2951 2952//2952
f 2953//2953 2954//2954 2955//2955
f 2956//2956 2957//2957 2958//2958
f 2959//2959 2960//2960 2961//2961
f 2962//2962 2963//2963 2964//2964
f 2965//2965 2966//2966 2967//2967
f 2968//2968 2969//2969 2970//2970
f 2971//2971 2972//2972 2973//2973
f 2974//2974 2975//2975 2976//2976
f 2977//2977 2978//2978 2979//2979
f 2980//2980 2981//2981 2982//2982
f 2983//2983 2984//2984 2985//2985
f 2986//2986 2987//2987 2988//2988
g gun_barrel
f 2989//2989 2990//2990 2991//2991 2992//2992
f 2993//2993 2994//2994 2995//2995 2996//2996
f 2997//2997 2998//2998 2999//2999 3000//3000
f 3001//3001 3002//3002 3003//3003 3004//3004
f 3005//3005 3006//3006 3007//3007 3008//3008
f 3009//3009 3010//3010 3011//3011 3012//3012
f 3013//3013 3014//3014 3015//3015 3016//3016
f 3017//3017 3018//3018 3019//3019 3020//3020
f 3021//3021 3022//3022 3023//3023 3024//3024
f 3025//3025 3026//3026 3027//3027 3028//3028
f 3029//3029 3030//3030 3031//3031
f 3032//3032 3033//3033 3034//3034
f 3035//3035 3036//3036 3037//3037
f 3038//3038 3039//3039 3040//3040
f 3041//3041 3042//3042 3043//3043
f 3044//3044 3045//3045 3046//3046
f 3047//3047 3048//3048 3049//3049
f 3050//3050 3051//3051 3052//3052
f 3053//3053 3054//3054 3055//3055
f 3056//3056 3057//3057 3058//3058
f 3059//3059 3060//3060 3061//3061
f 3062//3062 3063//3063 3064//3064
f 3065//3065 3066//3066 3067//3067
f 3068//3068 3069//3069 3070//3070
f 3071//3071 3072//3072 3073//3073
f 3074//3074 3075//3075 3076//3076
f 3077//3077 3078//3078 3079//3079
f 3080//3080 3081//3081 3082//3082
f 3083//3083 3084//3084 3085//3085
f 3086//3086 3087//3087 3088//3088
f 3089//3089 3090//3090 3091//3091 3092//3092
f 3093//3093 3094//3094 3095//3095 3096//3096
f 3097//3097 3098//3098 3099//3099 3100//3100
f 3101//3101 3102//3102 3103//3103 3104//3104
f 3105//3105 3106//3106 3107//3107 3108//3108
f 3109//3109 3110//3110 3111//3111 3112//3112
f 3113//3113 3114//3114 3115//3115 3116//3116
f 3117//3117 3118//3118 3119//3119 3120//3120
f 3121//3121 3122//3122 3123//3123 3124//3124
f 3125//3125 3126//3126 3127//3127 3128//3128
f 3129//3129 3130//3130 3131//3131
f 3132//3132 3133//3133 3134//3134
f 3135//3135 3136//3136 3137//3137
f 3138//3138 3139//3139 3140//3140
f 3141//3141 3142//3142 3143//3143
f 3144//3144 3145//3145 3146//3146
f 3147//3147 3148//3148 3149//3149
f 3150//3150 3151//3151 3152//3152
f 3153//3153 3154//3154 3155//3155
f 3156//3156 3157//3157 3158//3158
f 3159//3159 3160//3160 3161//3161
f 3162//3162 3163//3163 3164//3164
f 3165//3165 3166//3166 3167//3167
f 3168//3168 3169//3169 3170//3170
f 3171//3171 3172//3172 3173//3173
f 3174//3174 3175//3175 3176//3176
f 3177//3177 3178//3178 3179//3179
f 3180//3180 3181//3181 3182//3182
f 3183//3183 3184//3184 3185//3185
f 3186//3186 3187//3187 3188//3188
