# BTR60 — parametric 8x8 APC
# Authored by tools/build_btr_model.py — a parametric solid.
# Metres; +x forward, +y up, +z right; origin on the ground.
v -3.7800 0.6600 -0.5094
v -3.7800 0.8436 -0.7075
v -3.4020 0.8436 -1.2169
v -3.4020 0.5200 -0.8762
v -3.7800 0.8436 -0.7075
v -3.7800 1.4151 -0.6085
v -3.4020 1.4151 -1.0465
v -3.4020 0.8436 -1.2169
v -3.7800 1.4151 -0.6085
v -3.7800 1.4787 -0.4670
v -3.4020 1.7187 -0.8032
v -3.4020 1.4151 -1.0465
v -3.7800 1.4787 -0.4670
v -3.7800 1.4787 0.4670
v -3.4020 1.7187 0.8032
v -3.4020 1.7187 -0.8032
v -3.7800 1.4787 0.4670
v -3.7800 1.4151 0.6085
v -3.4020 1.4151 1.0465
v -3.4020 1.7187 0.8032
v -3.7800 1.4151 0.6085
v -3.7800 0.8436 0.7075
v -3.4020 0.8436 1.2169
v -3.4020 1.4151 1.0465
v -3.7800 0.8436 0.7075
v -3.7800 0.6600 0.5094
v -3.4020 0.5200 0.8762
v -3.4020 0.8436 1.2169
v -3.7800 0.6600 0.5094
v -3.7800 0.6600 -0.5094
v -3.4020 0.5200 -0.8762
v -3.4020 0.5200 0.8762
v -3.4020 0.5200 -0.8762
v -3.4020 0.8436 -1.2169
v -2.3436 0.8436 -1.4008
v -2.3436 0.4800 -1.0086
v -3.4020 0.8436 -1.2169
v -3.4020 1.4151 -1.0465
v -2.3436 1.4151 -1.2047
v -2.3436 0.8436 -1.4008
v -3.4020 1.4151 -1.0465
v -3.4020 1.7187 -0.8032
v -2.3436 1.7787 -0.9246
v -2.3436 1.4151 -1.2047
v -3.4020 1.7187 -0.8032
v -3.4020 1.7187 0.8032
v -2.3436 1.7787 0.9246
v -2.3436 1.7787 -0.9246
v -3.4020 1.7187 0.8032
v -3.4020 1.4151 1.0465
v -2.3436 1.4151 1.2047
v -2.3436 1.7787 0.9246
v -3.4020 1.4151 1.0465
v -3.4020 0.8436 1.2169
v -2.3436 0.8436 1.4008
v -2.3436 1.4151 1.2047
v -3.4020 0.8436 1.2169
v -3.4020 0.5200 0.8762
v -2.3436 0.4800 1.0086
v -2.3436 0.8436 1.4008
v -3.4020 0.5200 0.8762
v -3.4020 0.5200 -0.8762
v -2.3436 0.4800 -1.0086
v -2.3436 0.4800 1.0086
v -2.3436 0.4800 -1.0086
v -2.3436 0.8436 -1.4008
v 2.0790 0.8436 -1.4150
v 2.0790 0.4800 -1.0188
v -2.3436 0.8436 -1.4008
v -2.3436 1.4151 -1.2047
v 2.0790 1.4151 -1.2169
v 2.0790 0.8436 -1.4150
v -2.3436 1.4151 -1.2047
v -2.3436 1.7787 -0.9246
v 2.0790 1.7787 -0.9339
v 2.0790 1.4151 -1.2169
v -2.3436 1.7787 -0.9246
v -2.3436 1.7787 0.9246
v 2.0790 1.7787 0.9339
v 2.0790 1.7787 -0.9339
v -2.3436 1.7787 0.9246
v -2.3436 1.4151 1.2047
v 2.0790 1.4151 1.2169
v 2.0790 1.7787 0.9339
v -2.3436 1.4151 1.2047
v -2.3436 0.8436 1.4008
v 2.0790 0.8436 1.4150
v 2.0790 1.4151 1.2169
v -2.3436 0.8436 1.4008
v -2.3436 0.4800 1.0086
v 2.0790 0.4800 1.0188
v 2.0790 0.8436 1.4150
v -2.3436 0.4800 1.0086
v -2.3436 0.4800 -1.0086
v 2.0790 0.4800 -1.0188
v 2.0790 0.4800 1.0188
v 2.0790 0.4800 -1.0188
v 2.0790 0.8436 -1.4150
v 2.7216 0.8436 -1.3867
v 2.7216 0.5400 -0.9984
v 2.0790 0.8436 -1.4150
v 2.0790 1.4151 -1.2169
v 2.7216 1.4151 -1.1926
v 2.7216 0.8436 -1.3867
v 2.0790 1.4151 -1.2169
v 2.0790 1.7787 -0.9339
v 2.7216 1.7587 -0.9152
v 2.7216 1.4151 -1.1926
v 2.0790 1.7787 -0.9339
v 2.0790 1.7787 0.9339
v 2.7216 1.7587 0.9152
v 2.7216 1.7587 -0.9152
v 2.0790 1.7787 0.9339
v 2.0790 1.4151 1.2169
v 2.7216 1.4151 1.1926
v 2.7216 1.7587 0.9152
v 2.0790 1.4151 1.2169
v 2.0790 0.8436 1.4150
v 2.7216 0.8436 1.3867
v 2.7216 1.4151 1.1926
v 2.0790 0.8436 1.4150
v 2.0790 0.4800 1.0188
v 2.7216 0.5400 0.9984
v 2.7216 0.8436 1.3867
v 2.0790 0.4800 1.0188
v 2.0790 0.4800 -1.0188
v 2.7216 0.5400 -0.9984
v 2.7216 0.5400 0.9984
v 2.7216 0.5400 -0.9984
v 2.7216 0.8436 -1.3867
v 3.2508 0.8436 -1.2169
v 3.2508 0.9000 -0.8762
v 2.7216 0.8436 -1.3867
v 2.7216 1.4151 -1.1926
v 3.2508 1.4151 -1.0465
v 3.2508 0.8436 -1.2169
v 2.7216 1.4151 -1.1926
v 2.7216 1.7587 -0.9152
v 3.2508 1.6987 -0.8032
v 3.2508 1.4151 -1.0465
v 2.7216 1.7587 -0.9152
v 2.7216 1.7587 0.9152
v 3.2508 1.6987 0.8032
v 3.2508 1.6987 -0.8032
v 2.7216 1.7587 0.9152
v 2.7216 1.4151 1.1926
v 3.2508 1.4151 1.0465
v 3.2508 1.6987 0.8032
v 2.7216 1.4151 1.1926
v 2.7216 0.8436 1.3867
v 3.2508 0.8436 1.2169
v 3.2508 1.4151 1.0465
v 2.7216 0.8436 1.3867
v 2.7216 0.5400 0.9984
v 3.2508 0.9000 0.8762
v 3.2508 0.8436 1.2169
v 2.7216 0.5400 0.9984
v 2.7216 0.5400 -0.9984
v 3.2508 0.9000 -0.8762
v 3.2508 0.9000 0.8762
v 3.2508 0.9000 -0.8762
v 3.2508 0.8436 -1.2169
v 3.6288 0.8436 -0.9339
v 3.6288 1.4000 -0.6724
v 3.2508 0.8436 -1.2169
v 3.2508 1.4151 -1.0465
v 3.6288 1.4151 -0.8032
v 3.6288 0.8436 -0.9339
v 3.2508 1.4151 -1.0465
v 3.2508 1.6987 -0.8032
v 3.6288 1.5787 -0.6164
v 3.6288 1.4151 -0.8032
v 3.2508 1.6987 -0.8032
v 3.2508 1.6987 0.8032
v 3.6288 1.5787 0.6164
v 3.6288 1.5787 -0.6164
v 3.2508 1.6987 0.8032
v 3.2508 1.4151 1.0465
v 3.6288 1.4151 0.8032
v 3.6288 1.5787 0.6164
v 3.2508 1.4151 1.0465
v 3.2508 0.8436 1.2169
v 3.6288 0.8436 0.9339
v 3.6288 1.4151 0.8032
v 3.2508 0.8436 1.2169
v 3.2508 0.9000 0.8762
v 3.6288 1.4000 0.6724
v 3.6288 0.8436 0.9339
v 3.2508 0.9000 0.8762
v 3.2508 0.9000 -0.8762
v 3.6288 1.4000 -0.6724
v 3.6288 1.4000 0.6724
v 3.6288 1.4000 -0.6724
v 3.6288 0.8436 -0.9339
v 3.7800 0.8436 -0.5943
v 3.7800 1.8200 -0.4279
v 3.6288 0.8436 -0.9339
v 3.6288 1.4151 -0.8032
v 3.7800 1.4151 -0.5111
v 3.7800 0.8436 -0.5943
v 3.6288 1.4151 -0.8032
v 3.6288 1.5787 -0.6164
v 3.7800 1.4387 -0.3922
v 3.7800 1.4151 -0.5111
v 3.6288 1.5787 -0.6164
v 3.6288 1.5787 0.6164
v 3.7800 1.4387 0.3922
v 3.7800 1.4387 -0.3922
v 3.6288 1.5787 0.6164
v 3.6288 1.4151 0.8032
v 3.7800 1.4151 0.5111
v 3.7800 1.4387 0.3922
v 3.6288 1.4151 0.8032
v 3.6288 0.8436 0.9339
v 3.7800 0.8436 0.5943
v 3.7800 1.4151 0.5111
v 3.6288 0.8436 0.9339
v 3.6288 1.4000 0.6724
v 3.7800 1.8200 0.4279
v 3.7800 0.8436 0.5943
v 3.6288 1.4000 0.6724
v 3.6288 1.4000 -0.6724
v 3.7800 1.8200 -0.4279
v 3.7800 1.8200 0.4279
v -3.7800 1.0994 0.0000
v -3.7800 0.8436 -0.7075
v -3.7800 0.6600 -0.5094
v -3.7800 1.0994 0.0000
v -3.7800 1.4151 -0.6085
v -3.7800 0.8436 -0.7075
v -3.7800 1.0994 0.0000
v -3.7800 1.4787 -0.4670
v -3.7800 1.4151 -0.6085
v -3.7800 1.0994 0.0000
v -3.7800 1.4787 0.4670
v -3.7800 1.4787 -0.4670
v -3.7800 1.0994 0.0000
v -3.7800 1.4151 0.6085
v -3.7800 1.4787 0.4670
v -3.7800 1.0994 0.0000
v -3.7800 0.8436 0.7075
v -3.7800 1.4151 0.6085
v -3.7800 1.0994 0.0000
v -3.7800 0.6600 0.5094
v -3.7800 0.8436 0.7075
v -3.7800 1.0994 0.0000
v -3.7800 0.6600 -0.5094
v -3.7800 0.6600 0.5094
v 3.7800 1.3794 0.0000
v 3.7800 1.8200 -0.4279
v 3.7800 0.8436 -0.5943
v 3.7800 1.3794 0.0000
v 3.7800 0.8436 -0.5943
v 3.7800 1.4151 -0.5111
v 3.7800 1.3794 0.0000
v 3.7800 1.4151 -0.5111
v 3.7800 1.4387 -0.3922
v 3.7800 1.3794 0.0000
v 3.7800 1.4387 -0.3922
v 3.7800 1.4387 0.3922
v 3.7800 1.3794 0.0000
v 3.7800 1.4387 0.3922
v 3.7800 1.4151 0.5111
v 3.7800 1.3794 0.0000
v 3.7800 1.4151 0.5111
v 3.7800 0.8436 0.5943
v 3.7800 1.3794 0.0000
v 3.7800 0.8436 0.5943
v 3.7800 1.8200 0.4279
v 3.7800 1.3794 0.0000
v 3.7800 1.8200 0.4279
v 3.7800 1.8200 -0.4279
v -1.2852 1.7587 -0.8032
v -1.2852 1.9387 -0.8032
v 1.6632 1.9387 -0.8032
v 1.6632 1.7587 -0.8032
v -1.2852 1.7587 0.8032
v 1.6632 1.7587 0.8032
v 1.6632 1.9387 0.8032
v -1.2852 1.9387 0.8032
v -1.2852 1.7587 -0.8032
v 1.6632 1.7587 -0.8032
v 1.6632 1.7587 0.8032
v -1.2852 1.7587 0.8032
v 1.6632 1.9387 -0.8032
v -1.2852 1.9387 -0.8032
v -1.2852 1.9387 0.8032
v 1.6632 1.9387 0.8032
v 1.6632 1.7587 -0.8032
v 1.6632 1.9387 -0.8032
v 1.6632 1.9387 0.8032
v 1.6632 1.7587 0.8032
v -1.2852 1.7587 -0.8032
v -1.2852 1.7587 0.8032
v -1.2852 1.9387 0.8032
v -1.2852 1.9387 -0.8032
v 1.0780 1.9387 0.0000
v 0.9380 2.2987 0.0000
v 0.8954 2.2987 0.2143
v 1.0247 1.9387 0.2679
v 1.0247 1.9387 0.2679
v 0.8954 2.2987 0.2143
v 0.7740 2.2987 0.3960
v 0.8730 1.9387 0.4950
v 0.8730 1.9387 0.4950
v 0.7740 2.2987 0.3960
v 0.5923 2.2987 0.5174
v 0.6459 1.9387 0.6467
v 0.6459 1.9387 0.6467
v 0.5923 2.2987 0.5174
v 0.3780 2.2987 0.5600
v 0.3780 1.9387 0.7000
v 0.3780 1.9387 0.7000
v 0.3780 2.2987 0.5600
v 0.1637 2.2987 0.5174
v 0.1101 1.9387 0.6467
v 0.1101 1.9387 0.6467
v 0.1637 2.2987 0.5174
v -0.0180 2.2987 0.3960
v -0.1170 1.9387 0.4950
v -0.1170 1.9387 0.4950
v -0.0180 2.2987 0.3960
v -0.1394 2.2987 0.2143
v -0.2687 1.9387 0.2679
v -0.2687 1.9387 0.2679
v -0.1394 2.2987 0.2143
v -0.1820 2.2987 0.0000
v -0.3220 1.9387 0.0000
v -0.3220 1.9387 0.0000
v -0.1820 2.2987 0.0000
v -0.1394 2.2987 -0.2143
v -0.2687 1.9387 -0.2679
v -0.2687 1.9387 -0.2679
v -0.1394 2.2987 -0.2143
v -0.0180 2.2987 -0.3960
v -0.1170 1.9387 -0.4950
v -0.1170 1.9387 -0.4950
v -0.0180 2.2987 -0.3960
v 0.1637 2.2987 -0.5174
v 0.1101 1.9387 -0.6467
v 0.1101 1.9387 -0.6467
v 0.1637 2.2987 -0.5174
v 0.3780 2.2987 -0.5600
v 0.3780 1.9387 -0.7000
v 0.3780 1.9387 -0.7000
v 0.3780 2.2987 -0.5600
v 0.5923 2.2987 -0.5174
v 0.6459 1.9387 -0.6467
v 0.6459 1.9387 -0.6467
v 0.5923 2.2987 -0.5174
v 0.7740 2.2987 -0.3960
v 0.8730 1.9387 -0.4950
v 0.8730 1.9387 -0.4950
v 0.7740 2.2987 -0.3960
v 0.8954 2.2987 -0.2143
v 1.0247 1.9387 -0.2679
v 1.0247 1.9387 -0.2679
v 0.8954 2.2987 -0.2143
v 0.9380 2.2987 0.0000
v 1.0780 1.9387 0.0000
v 0.3780 2.2987 0.0000
v 0.8954 2.2987 0.2143
v 0.9380 2.2987 0.0000
v 0.3780 1.9387 0.0000
v 1.0780 1.9387 0.0000
v 1.0247 1.9387 0.2679
v 0.3780 2.2987 0.0000
v 0.7740 2.2987 0.3960
v 0.8954 2.2987 0.2143
v 0.3780 1.9387 0.0000
v 1.0247 1.9387 0.2679
v 0.8730 1.9387 0.4950
v 0.3780 2.2987 0.0000
v 0.5923 2.2987 0.5174
v 0.7740 2.2987 0.3960
v 0.3780 1.9387 0.0000
v 0.8730 1.9387 0.4950
v 0.6459 1.9387 0.6467
v 0.3780 2.2987 0.0000
v 0.3780 2.2987 0.5600
v 0.5923 2.2987 0.5174
v 0.3780 1.9387 0.0000
v 0.6459 1.9387 0.6467
v 0.3780 1.9387 0.7000
v 0.3780 2.2987 0.0000
v 0.1637 2.2987 0.5174
v 0.3780 2.2987 0.5600
v 0.3780 1.9387 0.0000
v 0.3780 1.9387 0.7000
v 0.1101 1.9387 0.6467
v 0.3780 2.2987 0.0000
v -0.0180 2.2987 0.3960
v 0.1637 2.2987 0.5174
v 0.3780 1.9387 0.0000
v 0.1101 1.9387 0.6467
v -0.1170 1.9387 0.4950
v 0.3780 2.2987 0.0000
v -0.1394 2.2987 0.2143
v -0.0180 2.2987 0.3960
v 0.3780 1.9387 0.0000
v -0.1170 1.9387 0.4950
v -0.2687 1.9387 0.2679
v 0.3780 2.2987 0.0000
v -0.1820 2.2987 0.0000
v -0.1394 2.2987 0.2143
v 0.3780 1.9387 0.0000
v -0.2687 1.9387 0.2679
v -0.3220 1.9387 0.0000
v 0.3780 2.2987 0.0000
v -0.1394 2.2987 -0.2143
v -0.1820 2.2987 0.0000
v 0.3780 1.9387 0.0000
v -0.3220 1.9387 0.0000
v -0.2687 1.9387 -0.2679
v 0.3780 2.2987 0.0000
v -0.0180 2.2987 -0.3960
v -0.1394 2.2987 -0.2143
v 0.3780 1.9387 0.0000
v -0.2687 1.9387 -0.2679
v -0.1170 1.9387 -0.4950
v 0.3780 2.2987 0.0000
v 0.1637 2.2987 -0.5174
v -0.0180 2.2987 -0.3960
v 0.3780 1.9387 0.0000
v -0.1170 1.9387 -0.4950
v 0.1101 1.9387 -0.6467
v 0.3780 2.2987 0.0000
v 0.3780 2.2987 -0.5600
v 0.1637 2.2987 -0.5174
v 0.3780 1.9387 0.0000
v 0.1101 1.9387 -0.6467
v 0.3780 1.9387 -0.7000
v 0.3780 2.2987 0.0000
v 0.5923 2.2987 -0.5174
v 0.3780 2.2987 -0.5600
v 0.3780 1.9387 0.0000
v 0.3780 1.9387 -0.7000
v 0.6459 1.9387 -0.6467
v 0.3780 2.2987 0.0000
v 0.7740 2.2987 -0.3960
v 0.5923 2.2987 -0.5174
v 0.3780 1.9387 0.0000
v 0.6459 1.9387 -0.6467
v 0.8730 1.9387 -0.4950
v 0.3780 2.2987 0.0000
v 0.8954 2.2987 -0.2143
v 0.7740 2.2987 -0.3960
v 0.3780 1.9387 0.0000
v 0.8730 1.9387 -0.4950
v 1.0247 1.9387 -0.2679
v 0.3780 2.2987 0.0000
v 0.9380 2.2987 0.0000
v 0.8954 2.2987 -0.2143
v 0.3780 1.9387 0.0000
v 1.0247 1.9387 -0.2679
v 1.0780 1.9387 0.0000
v 0.8680 2.1007 0.0550
v 0.8717 2.0620 0.0389
v 1.9217 2.1620 0.0389
v 1.9180 2.2007 0.0550
v 0.8717 2.0620 0.0389
v 0.8732 2.0459 0.0000
v 1.9232 2.1459 0.0000
v 1.9217 2.1620 0.0389
v 0.8732 2.0459 0.0000
v 0.8717 2.0620 -0.0389
v 1.9217 2.1620 -0.0389
v 1.9232 2.1459 0.0000
v 0.8717 2.0620 -0.0389
v 0.8680 2.1007 -0.0550
v 1.9180 2.2007 -0.0550
v 1.9217 2.1620 -0.0389
v 0.8680 2.1007 -0.0550
v 0.8643 2.1394 -0.0389
v 1.9143 2.2394 -0.0389
v 1.9180 2.2007 -0.0550
v 0.8643 2.1394 -0.0389
v 0.8628 2.1555 -0.0000
v 1.9128 2.2555 -0.0000
v 1.9143 2.2394 -0.0389
v 0.8628 2.1555 -0.0000
v 0.8643 2.1394 0.0389
v 1.9143 2.2394 0.0389
v 1.9128 2.2555 -0.0000
v 0.8643 2.1394 0.0389
v 0.8680 2.1007 0.0550
v 1.9180 2.2007 0.0550
v 1.9143 2.2394 0.0389
v 1.9180 2.2007 0.0000
v 1.9180 2.2007 0.0550
v 1.9217 2.1620 0.0389
v 0.8680 2.1007 0.0000
v 0.8717 2.0620 0.0389
v 0.8680 2.1007 0.0550
v 1.9180 2.2007 0.0000
v 1.9217 2.1620 0.0389
v 1.9232 2.1459 0.0000
v 0.8680 2.1007 0.0000
v 0.8732 2.0459 0.0000
v 0.8717 2.0620 0.0389
v 1.9180 2.2007 0.0000
v 1.9232 2.1459 0.0000
v 1.9217 2.1620 -0.0389
v 0.8680 2.1007 0.0000
v 0.8717 2.0620 -0.0389
v 0.8732 2.0459 0.0000
v 1.9180 2.2007 0.0000
v 1.9217 2.1620 -0.0389
v 1.9180 2.2007 -0.0550
v 0.8680 2.1007 0.0000
v 0.8680 2.1007 -0.0550
v 0.8717 2.0620 -0.0389
v 1.9180 2.2007 0.0000
v 1.9180 2.2007 -0.0550
v 1.9143 2.2394 -0.0389
v 0.8680 2.1007 0.0000
v 0.8643 2.1394 -0.0389
v 0.8680 2.1007 -0.0550
v 1.9180 2.2007 0.0000
v 1.9143 2.2394 -0.0389
v 1.9128 2.2555 -0.0000
v 0.8680 2.1007 0.0000
v 0.8628 2.1555 -0.0000
v 0.8643 2.1394 -0.0389
v 1.9180 2.2007 0.0000
v 1.9128 2.2555 -0.0000
v 1.9143 2.2394 0.0389
v 0.8680 2.1007 0.0000
v 0.8643 2.1394 0.0389
v 0.8628 2.1555 -0.0000
v 1.9180 2.2007 0.0000
v 1.9143 2.2394 0.0389
v 1.9180 2.2007 0.0550
v 0.8680 2.1007 0.0000
v 0.8680 2.1007 0.0550
v 0.8643 2.1394 0.0389
v 3.0448 0.5500 1.1315
v 3.0179 0.7200 1.1315
v 3.0179 0.7200 1.4015
v 3.0448 0.5500 1.4015
v 3.0179 0.7200 1.1315
v 2.9398 0.8733 1.1315
v 2.9398 0.8733 1.4015
v 3.0179 0.7200 1.4015
v 2.9398 0.8733 1.1315
v 2.8181 0.9950 1.1315
v 2.8181 0.9950 1.4015
v 2.9398 0.8733 1.4015
v 2.8181 0.9950 1.1315
v 2.6648 1.0731 1.1315
v 2.6648 1.0731 1.4015
v 2.8181 0.9950 1.4015
v 2.6648 1.0731 1.1315
v 2.4948 1.1000 1.1315
v 2.4948 1.1000 1.4015
v 2.6648 1.0731 1.4015
v 2.4948 1.1000 1.1315
v 2.3248 1.0731 1.1315
v 2.3248 1.0731 1.4015
v 2.4948 1.1000 1.4015
v 2.3248 1.0731 1.1315
v 2.1715 0.9950 1.1315
v 2.1715 0.9950 1.4015
v 2.3248 1.0731 1.4015
v 2.1715 0.9950 1.1315
v 2.0498 0.8733 1.1315
v 2.0498 0.8733 1.4015
v 2.1715 0.9950 1.4015
v 2.0498 0.8733 1.1315
v 1.9717 0.7200 1.1315
v 1.9717 0.7200 1.4015
v 2.0498 0.8733 1.4015
v 1.9717 0.7200 1.1315
v 1.9448 0.5500 1.1315
v 1.9448 0.5500 1.4015
v 1.9717 0.7200 1.4015
v 1.9448 0.5500 1.1315
v 1.9717 0.3800 1.1315
v 1.9717 0.3800 1.4015
v 1.9448 0.5500 1.4015
v 1.9717 0.3800 1.1315
v 2.0498 0.2267 1.1315
v 2.0498 0.2267 1.4015
v 1.9717 0.3800 1.4015
v 2.0498 0.2267 1.1315
v 2.1715 0.1050 1.1315
v 2.1715 0.1050 1.4015
v 2.0498 0.2267 1.4015
v 2.1715 0.1050 1.1315
v 2.3248 0.0269 1.1315
v 2.3248 0.0269 1.4015
v 2.1715 0.1050 1.4015
v 2.3248 0.0269 1.1315
v 2.4948 0.0000 1.1315
v 2.4948 0.0000 1.4015
v 2.3248 0.0269 1.4015
v 2.4948 0.0000 1.1315
v 2.6648 0.0269 1.1315
v 2.6648 0.0269 1.4015
v 2.4948 0.0000 1.4015
v 2.6648 0.0269 1.1315
v 2.8181 0.1050 1.1315
v 2.8181 0.1050 1.4015
v 2.6648 0.0269 1.4015
v 2.8181 0.1050 1.1315
v 2.9398 0.2267 1.1315
v 2.9398 0.2267 1.4015
v 2.8181 0.1050 1.4015
v 2.9398 0.2267 1.1315
v 3.0179 0.3800 1.1315
v 3.0179 0.3800 1.4015
v 2.9398 0.2267 1.4015
v 3.0179 0.3800 1.1315
v 3.0448 0.5500 1.1315
v 3.0448 0.5500 1.4015
v 3.0179 0.3800 1.4015
v 2.4948 0.5500 1.1315
v 3.0179 0.7200 1.1315
v 3.0448 0.5500 1.1315
v 2.4948 0.5500 1.4015
v 3.0448 0.5500 1.4015
v 3.0179 0.7200 1.4015
v 2.4948 0.5500 1.1315
v 2.9398 0.8733 1.1315
v 3.0179 0.7200 1.1315
v 2.4948 0.5500 1.4015
v 3.0179 0.7200 1.4015
v 2.9398 0.8733 1.4015
v 2.4948 0.5500 1.1315
v 2.8181 0.9950 1.1315
v 2.9398 0.8733 1.1315
v 2.4948 0.5500 1.4015
v 2.9398 0.8733 1.4015
v 2.8181 0.9950 1.4015
v 2.4948 0.5500 1.1315
v 2.6648 1.0731 1.1315
v 2.8181 0.9950 1.1315
v 2.4948 0.5500 1.4015
v 2.8181 0.9950 1.4015
v 2.6648 1.0731 1.4015
v 2.4948 0.5500 1.1315
v 2.4948 1.1000 1.1315
v 2.6648 1.0731 1.1315
v 2.4948 0.5500 1.4015
v 2.6648 1.0731 1.4015
v 2.4948 1.1000 1.4015
v 2.4948 0.5500 1.1315
v 2.3248 1.0731 1.1315
v 2.4948 1.1000 1.1315
v 2.4948 0.5500 1.4015
v 2.4948 1.1000 1.4015
v 2.3248 1.0731 1.4015
v 2.4948 0.5500 1.1315
v 2.1715 0.9950 1.1315
v 2.3248 1.0731 1.1315
v 2.4948 0.5500 1.4015
v 2.3248 1.0731 1.4015
v 2.1715 0.9950 1.4015
v 2.4948 0.5500 1.1315
v 2.0498 0.8733 1.1315
v 2.1715 0.9950 1.1315
v 2.4948 0.5500 1.4015
v 2.1715 0.9950 1.4015
v 2.0498 0.8733 1.4015
v 2.4948 0.5500 1.1315
v 1.9717 0.7200 1.1315
v 2.0498 0.8733 1.1315
v 2.4948 0.5500 1.4015
v 2.0498 0.8733 1.4015
v 1.9717 0.7200 1.4015
v 2.4948 0.5500 1.1315
v 1.9448 0.5500 1.1315
v 1.9717 0.7200 1.1315
v 2.4948 0.5500 1.4015
v 1.9717 0.7200 1.4015
v 1.9448 0.5500 1.4015
v 2.4948 0.5500 1.1315
v 1.9717 0.3800 1.1315
v 1.9448 0.5500 1.1315
v 2.4948 0.5500 1.4015
v 1.9448 0.5500 1.4015
v 1.9717 0.3800 1.4015
v 2.4948 0.5500 1.1315
v 2.0498 0.2267 1.1315
v 1.9717 0.3800 1.1315
v 2.4948 0.5500 1.4015
v 1.9717 0.3800 1.4015
v 2.0498 0.2267 1.4015
v 2.4948 0.5500 1.1315
v 2.1715 0.1050 1.1315
v 2.0498 0.2267 1.1315
v 2.4948 0.5500 1.4015
v 2.0498 0.2267 1.4015
v 2.1715 0.1050 1.4015
v 2.4948 0.5500 1.1315
v 2.3248 0.0269 1.1315
v 2.1715 0.1050 1.1315
v 2.4948 0.5500 1.4015
v 2.1715 0.1050 1.4015
v 2.3248 0.0269 1.4015
v 2.4948 0.5500 1.1315
v 2.4948 0.0000 1.1315
v 2.3248 0.0269 1.1315
v 2.4948 0.5500 1.4015
v 2.3248 0.0269 1.4015
v 2.4948 0.0000 1.4015
v 2.4948 0.5500 1.1315
v 2.6648 0.0269 1.1315
v 2.4948 0.0000 1.1315
v 2.4948 0.5500 1.4015
v 2.4948 0.0000 1.4015
v 2.6648 0.0269 1.4015
v 2.4948 0.5500 1.1315
v 2.8181 0.1050 1.1315
v 2.6648 0.0269 1.1315
v 2.4948 0.5500 1.4015
v 2.6648 0.0269 1.4015
v 2.8181 0.1050 1.4015
v 2.4948 0.5500 1.1315
v 2.9398 0.2267 1.1315
v 2.8181 0.1050 1.1315
v 2.4948 0.5500 1.4015
v 2.8181 0.1050 1.4015
v 2.9398 0.2267 1.4015
v 2.4948 0.5500 1.1315
v 3.0179 0.3800 1.1315
v 2.9398 0.2267 1.1315
v 2.4948 0.5500 1.4015
v 2.9398 0.2267 1.4015
v 3.0179 0.3800 1.4015
v 2.4948 0.5500 1.1315
v 3.0448 0.5500 1.1315
v 3.0179 0.3800 1.1315
v 2.4948 0.5500 1.4015
v 3.0179 0.3800 1.4015
v 3.0448 0.5500 1.4015
v 2.7258 0.5500 1.0978
v 2.6949 0.6655 1.0978
v 2.6949 0.6655 1.3813
v 2.7258 0.5500 1.3813
v 2.6949 0.6655 1.0978
v 2.6103 0.7501 1.0978
v 2.6103 0.7501 1.3813
v 2.6949 0.6655 1.3813
v 2.6103 0.7501 1.0978
v 2.4948 0.7810 1.0978
v 2.4948 0.7810 1.3813
v 2.6103 0.7501 1.3813
v 2.4948 0.7810 1.0978
v 2.3793 0.7501 1.0978
v 2.3793 0.7501 1.3813
v 2.4948 0.7810 1.3813
v 2.3793 0.7501 1.0978
v 2.2947 0.6655 1.0978
v 2.2947 0.6655 1.3813
v 2.3793 0.7501 1.3813
v 2.2947 0.6655 1.0978
v 2.2638 0.5500 1.0978
v 2.2638 0.5500 1.3813
v 2.2947 0.6655 1.3813
v 2.2638 0.5500 1.0978
v 2.2947 0.4345 1.0978
v 2.2947 0.4345 1.3813
v 2.2638 0.5500 1.3813
v 2.2947 0.4345 1.0978
v 2.3793 0.3499 1.0978
v 2.3793 0.3499 1.3813
v 2.2947 0.4345 1.3813
v 2.3793 0.3499 1.0978
v 2.4948 0.3190 1.0978
v 2.4948 0.3190 1.3813
v 2.3793 0.3499 1.3813
v 2.4948 0.3190 1.0978
v 2.6103 0.3499 1.0978
v 2.6103 0.3499 1.3813
v 2.4948 0.3190 1.3813
v 2.6103 0.3499 1.0978
v 2.6949 0.4345 1.0978
v 2.6949 0.4345 1.3813
v 2.6103 0.3499 1.3813
v 2.6949 0.4345 1.0978
v 2.7258 0.5500 1.0978
v 2.7258 0.5500 1.3813
v 2.6949 0.4345 1.3813
v 2.4948 0.5500 1.0978
v 2.6949 0.6655 1.0978
v 2.7258 0.5500 1.0978
v 2.4948 0.5500 1.3813
v 2.7258 0.5500 1.3813
v 2.6949 0.6655 1.3813
v 2.4948 0.5500 1.0978
v 2.6103 0.7501 1.0978
v 2.6949 0.6655 1.0978
v 2.4948 0.5500 1.3813
v 2.6949 0.6655 1.3813
v 2.6103 0.7501 1.3813
v 2.4948 0.5500 1.0978
v 2.4948 0.7810 1.0978
v 2.6103 0.7501 1.0978
v 2.4948 0.5500 1.3813
v 2.6103 0.7501 1.3813
v 2.4948 0.7810 1.3813
v 2.4948 0.5500 1.0978
v 2.3793 0.7501 1.0978
v 2.4948 0.7810 1.0978
v 2.4948 0.5500 1.3813
v 2.4948 0.7810 1.3813
v 2.3793 0.7501 1.3813
v 2.4948 0.5500 1.0978
v 2.2947 0.6655 1.0978
v 2.3793 0.7501 1.0978
v 2.4948 0.5500 1.3813
v 2.3793 0.7501 1.3813
v 2.2947 0.6655 1.3813
v 2.4948 0.5500 1.0978
v 2.2638 0.5500 1.0978
v 2.2947 0.6655 1.0978
v 2.4948 0.5500 1.3813
v 2.2947 0.6655 1.3813
v 2.2638 0.5500 1.3813
v 2.4948 0.5500 1.0978
v 2.2947 0.4345 1.0978
v 2.2638 0.5500 1.0978
v 2.4948 0.5500 1.3813
v 2.2638 0.5500 1.3813
v 2.2947 0.4345 1.3813
v 2.4948 0.5500 1.0978
v 2.3793 0.3499 1.0978
v 2.2947 0.4345 1.0978
v 2.4948 0.5500 1.3813
v 2.2947 0.4345 1.3813
v 2.3793 0.3499 1.3813
v 2.4948 0.5500 1.0978
v 2.4948 0.3190 1.0978
v 2.3793 0.3499 1.0978
v 2.4948 0.5500 1.3813
v 2.3793 0.3499 1.3813
v 2.4948 0.3190 1.3813
v 2.4948 0.5500 1.0978
v 2.6103 0.3499 1.0978
v 2.4948 0.3190 1.0978
v 2.4948 0.5500 1.3813
v 2.4948 0.3190 1.3813
v 2.6103 0.3499 1.3813
v 2.4948 0.5500 1.0978
v 2.6949 0.4345 1.0978
v 2.6103 0.3499 1.0978
v 2.4948 0.5500 1.3813
v 2.6103 0.3499 1.3813
v 2.6949 0.4345 1.3813
v 2.4948 0.5500 1.0978
v 2.7258 0.5500 1.0978
v 2.6949 0.4345 1.0978
v 2.4948 0.5500 1.3813
v 2.6949 0.4345 1.3813
v 2.7258 0.5500 1.3813
v 3.0448 0.5500 -1.4015
v 3.0179 0.7200 -1.4015
v 3.0179 0.7200 -1.1315
v 3.0448 0.5500 -1.1315
v 3.0179 0.7200 -1.4015
v 2.9398 0.8733 -1.4015
v 2.9398 0.8733 -1.1315
v 3.0179 0.7200 -1.1315
v 2.9398 0.8733 -1.4015
v 2.8181 0.9950 -1.4015
v 2.8181 0.9950 -1.1315
v 2.9398 0.8733 -1.1315
v 2.8181 0.9950 -1.4015
v 2.6648 1.0731 -1.4015
v 2.6648 1.0731 -1.1315
v 2.8181 0.9950 -1.1315
v 2.6648 1.0731 -1.4015
v 2.4948 1.1000 -1.4015
v 2.4948 1.1000 -1.1315
v 2.6648 1.0731 -1.1315
v 2.4948 1.1000 -1.4015
v 2.3248 1.0731 -1.4015
v 2.3248 1.0731 -1.1315
v 2.4948 1.1000 -1.1315
v 2.3248 1.0731 -1.4015
v 2.1715 0.9950 -1.4015
v 2.1715 0.9950 -1.1315
v 2.3248 1.0731 -1.1315
v 2.1715 0.9950 -1.4015
v 2.0498 0.8733 -1.4015
v 2.0498 0.8733 -1.1315
v 2.1715 0.9950 -1.1315
v 2.0498 0.8733 -1.4015
v 1.9717 0.7200 -1.4015
v 1.9717 0.7200 -1.1315
v 2.0498 0.8733 -1.1315
v 1.9717 0.7200 -1.4015
v 1.9448 0.5500 -1.4015
v 1.9448 0.5500 -1.1315
v 1.9717 0.7200 -1.1315
v 1.9448 0.5500 -1.4015
v 1.9717 0.3800 -1.4015
v 1.9717 0.3800 -1.1315
v 1.9448 0.5500 -1.1315
v 1.9717 0.3800 -1.4015
v 2.0498 0.2267 -1.4015
v 2.0498 0.2267 -1.1315
v 1.9717 0.3800 -1.1315
v 2.0498 0.2267 -1.4015
v 2.1715 0.1050 -1.4015
v 2.1715 0.1050 -1.1315
v 2.0498 0.2267 -1.1315
v 2.1715 0.1050 -1.4015
v 2.3248 0.0269 -1.4015
v 2.3248 0.0269 -1.1315
v 2.1715 0.1050 -1.1315
v 2.3248 0.0269 -1.4015
v 2.4948 0.0000 -1.4015
v 2.4948 0.0000 -1.1315
v 2.3248 0.0269 -1.1315
v 2.4948 0.0000 -1.4015
v 2.6648 0.0269 -1.4015
v 2.6648 0.0269 -1.1315
v 2.4948 0.0000 -1.1315
v 2.6648 0.0269 -1.4015
v 2.8181 0.1050 -1.4015
v 2.8181 0.1050 -1.1315
v 2.6648 0.0269 -1.1315
v 2.8181 0.1050 -1.4015
v 2.9398 0.2267 -1.4015
v 2.9398 0.2267 -1.1315
v 2.8181 0.1050 -1.1315
v 2.9398 0.2267 -1.4015
v 3.0179 0.3800 -1.4015
v 3.0179 0.3800 -1.1315
v 2.9398 0.2267 -1.1315
v 3.0179 0.3800 -1.4015
v 3.0448 0.5500 -1.4015
v 3.0448 0.5500 -1.1315
v 3.0179 0.3800 -1.1315
v 2.4948 0.5500 -1.4015
v 3.0179 0.7200 -1.4015
v 3.0448 0.5500 -1.4015
v 2.4948 0.5500 -1.1315
v 3.0448 0.5500 -1.1315
v 3.0179 0.7200 -1.1315
v 2.4948 0.5500 -1.4015
v 2.9398 0.8733 -1.4015
v 3.0179 0.7200 -1.4015
v 2.4948 0.5500 -1.1315
v 3.0179 0.7200 -1.1315
v 2.9398 0.8733 -1.1315
v 2.4948 0.5500 -1.4015
v 2.8181 0.9950 -1.4015
v 2.9398 0.8733 -1.4015
v 2.4948 0.5500 -1.1315
v 2.9398 0.8733 -1.1315
v 2.8181 0.9950 -1.1315
v 2.4948 0.5500 -1.4015
v 2.6648 1.0731 -1.4015
v 2.8181 0.9950 -1.4015
v 2.4948 0.5500 -1.1315
v 2.8181 0.9950 -1.1315
v 2.6648 1.0731 -1.1315
v 2.4948 0.5500 -1.4015
v 2.4948 1.1000 -1.4015
v 2.6648 1.0731 -1.4015
v 2.4948 0.5500 -1.1315
v 2.6648 1.0731 -1.1315
v 2.4948 1.1000 -1.1315
v 2.4948 0.5500 -1.4015
v 2.3248 1.0731 -1.4015
v 2.4948 1.1000 -1.4015
v 2.4948 0.5500 -1.1315
v 2.4948 1.1000 -1.1315
v 2.3248 1.0731 -1.1315
v 2.4948 0.5500 -1.4015
v 2.1715 0.9950 -1.4015
v 2.3248 1.0731 -1.4015
v 2.4948 0.5500 -1.1315
v 2.3248 1.0731 -1.1315
v 2.1715 0.9950 -1.1315
v 2.4948 0.5500 -1.4015
v 2.0498 0.8733 -1.4015
v 2.1715 0.9950 -1.4015
v 2.4948 0.5500 -1.1315
v 2.1715 0.9950 -1.1315
v 2.0498 0.8733 -1.1315
v 2.4948 0.5500 -1.4015
v 1.9717 0.7200 -1.4015
v 2.0498 0.8733 -1.4015
v 2.4948 0.5500 -1.1315
v 2.0498 0.8733 -1.1315
v 1.9717 0.7200 -1.1315
v 2.4948 0.5500 -1.4015
v 1.9448 0.5500 -1.4015
v 1.9717 0.7200 -1.4015
v 2.4948 0.5500 -1.1315
v 1.9717 0.7200 -1.1315
v 1.9448 0.5500 -1.1315
v 2.4948 0.5500 -1.4015
v 1.9717 0.3800 -1.4015
v 1.9448 0.5500 -1.4015
v 2.4948 0.5500 -1.1315
v 1.9448 0.5500 -1.1315
v 1.9717 0.3800 -1.1315
v 2.4948 0.5500 -1.4015
v 2.0498 0.2267 -1.4015
v 1.9717 0.3800 -1.4015
v 2.4948 0.5500 -1.1315
v 1.9717 0.3800 -1.1315
v 2.0498 0.2267 -1.1315
v 2.4948 0.5500 -1.4015
v 2.1715 0.1050 -1.4015
v 2.0498 0.2267 -1.4015
v 2.4948 0.5500 -1.1315
v 2.0498 0.2267 -1.1315
v 2.1715 0.1050 -1.1315
v 2.4948 0.5500 -1.4015
v 2.3248 0.0269 -1.4015
v 2.1715 0.1050 -1.4015
v 2.4948 0.5500 -1.1315
v 2.1715 0.1050 -1.1315
v 2.3248 0.0269 -1.1315
v 2.4948 0.5500 -1.4015
v 2.4948 0.0000 -1.4015
v 2.3248 0.0269 -1.4015
v 2.4948 0.5500 -1.1315
v 2.3248 0.0269 -1.1315
v 2.4948 0.0000 -1.1315
v 2.4948 0.5500 -1.4015
v 2.6648 0.0269 -1.4015
v 2.4948 0.0000 -1.4015
v 2.4948 0.5500 -1.1315
v 2.4948 0.0000 -1.1315
v 2.6648 0.0269 -1.1315
v 2.4948 0.5500 -1.4015
v 2.8181 0.1050 -1.4015
v 2.6648 0.0269 -1.4015
v 2.4948 0.5500 -1.1315
v 2.6648 0.0269 -1.1315
v 2.8181 0.1050 -1.1315
v 2.4948 0.5500 -1.4015
v 2.9398 0.2267 -1.4015
v 2.8181 0.1050 -1.4015
v 2.4948 0.5500 -1.1315
v 2.8181 0.1050 -1.1315
v 2.9398 0.2267 -1.1315
v 2.4948 0.5500 -1.4015
v 3.0179 0.3800 -1.4015
v 2.9398 0.2267 -1.4015
v 2.4948 0.5500 -1.1315
v 2.9398 0.2267 -1.1315
v 3.0179 0.3800 -1.1315
v 2.4948 0.5500 -1.4015
v 3.0448 0.5500 -1.4015
v 3.0179 0.3800 -1.4015
v 2.4948 0.5500 -1.1315
v 3.0179 0.3800 -1.1315
v 3.0448 0.5500 -1.1315
v 2.7258 0.5500 -1.3813
v 2.6949 0.6655 -1.3813
v 2.6949 0.6655 -1.0978
v 2.7258 0.5500 -1.0978
v 2.6949 0.6655 -1.3813
v 2.6103 0.7501 -1.3813
v 2.6103 0.7501 -1.0978
v 2.6949 0.6655 -1.0978
v 2.6103 0.7501 -1.3813
v 2.4948 0.7810 -1.3813
v 2.4948 0.7810 -1.0978
v 2.6103 0.7501 -1.0978
v 2.4948 0.7810 -1.3813
v 2.3793 0.7501 -1.3813
v 2.3793 0.7501 -1.0978
v 2.4948 0.7810 -1.0978
v 2.3793 0.7501 -1.3813
v 2.2947 0.6655 -1.3813
v 2.2947 0.6655 -1.0978
v 2.3793 0.7501 -1.0978
v 2.2947 0.6655 -1.3813
v 2.2638 0.5500 -1.3813
v 2.2638 0.5500 -1.0978
v 2.2947 0.6655 -1.0978
v 2.2638 0.5500 -1.3813
v 2.2947 0.4345 -1.3813
v 2.2947 0.4345 -1.0978
v 2.2638 0.5500 -1.0978
v 2.2947 0.4345 -1.3813
v 2.3793 0.3499 -1.3813
v 2.3793 0.3499 -1.0978
v 2.2947 0.4345 -1.0978
v 2.3793 0.3499 -1.3813
v 2.4948 0.3190 -1.3813
v 2.4948 0.3190 -1.0978
v 2.3793 0.3499 -1.0978
v 2.4948 0.3190 -1.3813
v 2.6103 0.3499 -1.3813
v 2.6103 0.3499 -1.0978
v 2.4948 0.3190 -1.0978
v 2.6103 0.3499 -1.3813
v 2.6949 0.4345 -1.3813
v 2.6949 0.4345 -1.0978
v 2.6103 0.3499 -1.0978
v 2.6949 0.4345 -1.3813
v 2.7258 0.5500 -1.3813
v 2.7258 0.5500 -1.0978
v 2.6949 0.4345 -1.0978
v 2.4948 0.5500 -1.3813
v 2.6949 0.6655 -1.3813
v 2.7258 0.5500 -1.3813
v 2.4948 0.5500 -1.0978
v 2.7258 0.5500 -1.0978
v 2.6949 0.6655 -1.0978
v 2.4948 0.5500 -1.3813
v 2.6103 0.7501 -1.3813
v 2.6949 0.6655 -1.3813
v 2.4948 0.5500 -1.0978
v 2.6949 0.6655 -1.0978
v 2.6103 0.7501 -1.0978
v 2.4948 0.5500 -1.3813
v 2.4948 0.7810 -1.3813
v 2.6103 0.7501 -1.3813
v 2.4948 0.5500 -1.0978
v 2.6103 0.7501 -1.0978
v 2.4948 0.7810 -1.0978
v 2.4948 0.5500 -1.3813
v 2.3793 0.7501 -1.3813
v 2.4948 0.7810 -1.3813
v 2.4948 0.5500 -1.0978
v 2.4948 0.7810 -1.0978
v 2.3793 0.7501 -1.0978
v 2.4948 0.5500 -1.3813
v 2.2947 0.6655 -1.3813
v 2.3793 0.7501 -1.3813
v 2.4948 0.5500 -1.0978
v 2.3793 0.7501 -1.0978
v 2.2947 0.6655 -1.0978
v 2.4948 0.5500 -1.3813
v 2.2638 0.5500 -1.3813
v 2.2947 0.6655 -1.3813
v 2.4948 0.5500 -1.0978
v 2.2947 0.6655 -1.0978
v 2.2638 0.5500 -1.0978
v 2.4948 0.5500 -1.3813
v 2.2947 0.4345 -1.3813
v 2.2638 0.5500 -1.3813
v 2.4948 0.5500 -1.0978
v 2.2638 0.5500 -1.0978
v 2.2947 0.4345 -1.0978
v 2.4948 0.5500 -1.3813
v 2.3793 0.3499 -1.3813
v 2.2947 0.4345 -1.3813
v 2.4948 0.5500 -1.0978
v 2.2947 0.4345 -1.0978
v 2.3793 0.3499 -1.0978
v 2.4948 0.5500 -1.3813
v 2.4948 0.3190 -1.3813
v 2.3793 0.3499 -1.3813
v 2.4948 0.5500 -1.0978
v 2.3793 0.3499 -1.0978
v 2.4948 0.3190 -1.0978
v 2.4948 0.5500 -1.3813
v 2.6103 0.3499 -1.3813
v 2.4948 0.3190 -1.3813
v 2.4948 0.5500 -1.0978
v 2.4948 0.3190 -1.0978
v 2.6103 0.3499 -1.0978
v 2.4948 0.5500 -1.3813
v 2.6949 0.4345 -1.3813
v 2.6103 0.3499 -1.3813
v 2.4948 0.5500 -1.0978
v 2.6103 0.3499 -1.0978
v 2.6949 0.4345 -1.0978
v 2.4948 0.5500 -1.3813
v 2.7258 0.5500 -1.3813
v 2.6949 0.4345 -1.3813
v 2.4948 0.5500 -1.0978
v 2.6949 0.4345 -1.0978
v 2.7258 0.5500 -1.0978
v 1.6840 0.5500 1.1315
v 1.6571 0.7200 1.1315
v 1.6571 0.7200 1.4015
v 1.6840 0.5500 1.4015
v 1.6571 0.7200 1.1315
v 1.5790 0.8733 1.1315
v 1.5790 0.8733 1.4015
v 1.6571 0.7200 1.4015
v 1.5790 0.8733 1.1315
v 1.4573 0.9950 1.1315
v 1.4573 0.9950 1.4015
v 1.5790 0.8733 1.4015
v 1.4573 0.9950 1.1315
v 1.3040 1.0731 1.1315
v 1.3040 1.0731 1.4015
v 1.4573 0.9950 1.4015
v 1.3040 1.0731 1.1315
v 1.1340 1.1000 1.1315
v 1.1340 1.1000 1.4015
v 1.3040 1.0731 1.4015
v 1.1340 1.1000 1.1315
v 0.9640 1.0731 1.1315
v 0.9640 1.0731 1.4015
v 1.1340 1.1000 1.4015
v 0.9640 1.0731 1.1315
v 0.8107 0.9950 1.1315
v 0.8107 0.9950 1.4015
v 0.9640 1.0731 1.4015
v 0.8107 0.9950 1.1315
v 0.6890 0.8733 1.1315
v 0.6890 0.8733 1.4015
v 0.8107 0.9950 1.4015
v 0.6890 0.8733 1.1315
v 0.6109 0.7200 1.1315
v 0.6109 0.7200 1.4015
v 0.6890 0.8733 1.4015
v 0.6109 0.7200 1.1315
v 0.5840 0.5500 1.1315
v 0.5840 0.5500 1.4015
v 0.6109 0.7200 1.4015
v 0.5840 0.5500 1.1315
v 0.6109 0.3800 1.1315
v 0.6109 0.3800 1.4015
v 0.5840 0.5500 1.4015
v 0.6109 0.3800 1.1315
v 0.6890 0.2267 1.1315
v 0.6890 0.2267 1.4015
v 0.6109 0.3800 1.4015
v 0.6890 0.2267 1.1315
v 0.8107 0.1050 1.1315
v 0.8107 0.1050 1.4015
v 0.6890 0.2267 1.4015
v 0.8107 0.1050 1.1315
v 0.9640 0.0269 1.1315
v 0.9640 0.0269 1.4015
v 0.8107 0.1050 1.4015
v 0.9640 0.0269 1.1315
v 1.1340 0.0000 1.1315
v 1.1340 0.0000 1.4015
v 0.9640 0.0269 1.4015
v 1.1340 0.0000 1.1315
v 1.3040 0.0269 1.1315
v 1.3040 0.0269 1.4015
v 1.1340 0.0000 1.4015
v 1.3040 0.0269 1.1315
v 1.4573 0.1050 1.1315
v 1.4573 0.1050 1.4015
v 1.3040 0.0269 1.4015
v 1.4573 0.1050 1.1315
v 1.5790 0.2267 1.1315
v 1.5790 0.2267 1.4015
v 1.4573 0.1050 1.4015
v 1.5790 0.2267 1.1315
v 1.6571 0.3800 1.1315
v 1.6571 0.3800 1.4015
v 1.5790 0.2267 1.4015
v 1.6571 0.3800 1.1315
v 1.6840 0.5500 1.1315
v 1.6840 0.5500 1.4015
v 1.6571 0.3800 1.4015
v 1.1340 0.5500 1.1315
v 1.6571 0.7200 1.1315
v 1.6840 0.5500 1.1315
v 1.1340 0.5500 1.4015
v 1.6840 0.5500 1.4015
v 1.6571 0.7200 1.4015
v 1.1340 0.5500 1.1315
v 1.5790 0.8733 1.1315
v 1.6571 0.7200 1.1315
v 1.1340 0.5500 1.4015
v 1.6571 0.7200 1.4015
v 1.5790 0.8733 1.4015
v 1.1340 0.5500 1.1315
v 1.4573 0.9950 1.1315
v 1.5790 0.8733 1.1315
v 1.1340 0.5500 1.4015
v 1.5790 0.8733 1.4015
v 1.4573 0.9950 1.4015
v 1.1340 0.5500 1.1315
v 1.3040 1.0731 1.1315
v 1.4573 0.9950 1.1315
v 1.1340 0.5500 1.4015
v 1.4573 0.9950 1.4015
v 1.3040 1.0731 1.4015
v 1.1340 0.5500 1.1315
v 1.1340 1.1000 1.1315
v 1.3040 1.0731 1.1315
v 1.1340 0.5500 1.4015
v 1.3040 1.0731 1.4015
v 1.1340 1.1000 1.4015
v 1.1340 0.5500 1.1315
v 0.9640 1.0731 1.1315
v 1.1340 1.1000 1.1315
v 1.1340 0.5500 1.4015
v 1.1340 1.1000 1.4015
v 0.9640 1.0731 1.4015
v 1.1340 0.5500 1.1315
v 0.8107 0.9950 1.1315
v 0.9640 1.0731 1.1315
v 1.1340 0.5500 1.4015
v 0.9640 1.0731 1.4015
v 0.8107 0.9950 1.4015
v 1.1340 0.5500 1.1315
v 0.6890 0.8733 1.1315
v 0.8107 0.9950 1.1315
v 1.1340 0.5500 1.4015
v 0.8107 0.9950 1.4015
v 0.6890 0.8733 1.4015
v 1.1340 0.5500 1.1315
v 0.6109 0.7200 1.1315
v 0.6890 0.8733 1.1315
v 1.1340 0.5500 1.4015
v 0.6890 0.8733 1.4015
v 0.6109 0.7200 1.4015
v 1.1340 0.5500 1.1315
v 0.5840 0.5500 1.1315
v 0.6109 0.7200 1.1315
v 1.1340 0.5500 1.4015
v 0.6109 0.7200 1.4015
v 0.5840 0.5500 1.4015
v 1.1340 0.5500 1.1315
v 0.6109 0.3800 1.1315
v 0.5840 0.5500 1.1315
v 1.1340 0.5500 1.4015
v 0.5840 0.5500 1.4015
v 0.6109 0.3800 1.4015
v 1.1340 0.5500 1.1315
v 0.6890 0.2267 1.1315
v 0.6109 0.3800 1.1315
v 1.1340 0.5500 1.4015
v 0.6109 0.3800 1.4015
v 0.6890 0.2267 1.4015
v 1.1340 0.5500 1.1315
v 0.8107 0.1050 1.1315
v 0.6890 0.2267 1.1315
v 1.1340 0.5500 1.4015
v 0.6890 0.2267 1.4015
v 0.8107 0.1050 1.4015
v 1.1340 0.5500 1.1315
v 0.9640 0.0269 1.1315
v 0.8107 0.1050 1.1315
v 1.1340 0.5500 1.4015
v 0.8107 0.1050 1.4015
v 0.9640 0.0269 1.4015
v 1.1340 0.5500 1.1315
v 1.1340 0.0000 1.1315
v 0.9640 0.0269 1.1315
v 1.1340 0.5500 1.4015
v 0.9640 0.0269 1.4015
v 1.1340 0.0000 1.4015
v 1.1340 0.5500 1.1315
v 1.3040 0.0269 1.1315
v 1.1340 0.0000 1.1315
v 1.1340 0.5500 1.4015
v 1.1340 0.0000 1.4015
v 1.3040 0.0269 1.4015
v 1.1340 0.5500 1.1315
v 1.4573 0.1050 1.1315
v 1.3040 0.0269 1.1315
v 1.1340 0.5500 1.4015
v 1.3040 0.0269 1.4015
v 1.4573 0.1050 1.4015
v 1.1340 0.5500 1.1315
v 1.5790 0.2267 1.1315
v 1.4573 0.1050 1.1315
v 1.1340 0.5500 1.4015
v 1.4573 0.1050 1.4015
v 1.5790 0.2267 1.4015
v 1.1340 0.5500 1.1315
v 1.6571 0.3800 1.1315
v 1.5790 0.2267 1.1315
v 1.1340 0.5500 1.4015
v 1.5790 0.2267 1.4015
v 1.6571 0.3800 1.4015
v 1.1340 0.5500 1.1315
v 1.6840 0.5500 1.1315
v 1.6571 0.3800 1.1315
v 1.1340 0.5500 1.4015
v 1.6571 0.3800 1.4015
v 1.6840 0.5500 1.4015
v 1.3650 0.5500 1.0978
v 1.3341 0.6655 1.0978
v 1.3341 0.6655 1.3813
v 1.3650 0.5500 1.3813
v 1.3341 0.6655 1.0978
v 1.2495 0.7501 1.0978
v 1.2495 0.7501 1.3813
v 1.3341 0.6655 1.3813
v 1.2495 0.7501 1.0978
v 1.1340 0.7810 1.0978
v 1.1340 0.7810 1.3813
v 1.2495 0.7501 1.3813
v 1.1340 0.7810 1.0978
v 1.0185 0.7501 1.0978
v 1.0185 0.7501 1.3813
v 1.1340 0.7810 1.3813
v 1.0185 0.7501 1.0978
v 0.9339 0.6655 1.0978
v 0.9339 0.6655 1.3813
v 1.0185 0.7501 1.3813
v 0.9339 0.6655 1.0978
v 0.9030 0.5500 1.0978
v 0.9030 0.5500 1.3813
v 0.9339 0.6655 1.3813
v 0.9030 0.5500 1.0978
v 0.9339 0.4345 1.0978
v 0.9339 0.4345 1.3813
v 0.9030 0.5500 1.3813
v 0.9339 0.4345 1.0978
v 1.0185 0.3499 1.0978
v 1.0185 0.3499 1.3813
v 0.9339 0.4345 1.3813
v 1.0185 0.3499 1.0978
v 1.1340 0.3190 1.0978
v 1.1340 0.3190 1.3813
v 1.0185 0.3499 1.3813
v 1.1340 0.3190 1.0978
v 1.2495 0.3499 1.0978
v 1.2495 0.3499 1.3813
v 1.1340 0.3190 1.3813
v 1.2495 0.3499 1.0978
v 1.3341 0.4345 1.0978
v 1.3341 0.4345 1.3813
v 1.2495 0.3499 1.3813
v 1.3341 0.4345 1.0978
v 1.3650 0.5500 1.0978
v 1.3650 0.5500 1.3813
v 1.3341 0.4345 1.3813
v 1.1340 0.5500 1.0978
v 1.3341 0.6655 1.0978
v 1.3650 0.5500 1.0978
v 1.1340 0.5500 1.3813
v 1.3650 0.5500 1.3813
v 1.3341 0.6655 1.3813
v 1.1340 0.5500 1.0978
v 1.2495 0.7501 1.0978
v 1.3341 0.6655 1.0978
v 1.1340 0.5500 1.3813
v 1.3341 0.6655 1.3813
v 1.2495 0.7501 1.3813
v 1.1340 0.5500 1.0978
v 1.1340 0.7810 1.0978
v 1.2495 0.7501 1.0978
v 1.1340 0.5500 1.3813
v 1.2495 0.7501 1.3813
v 1.1340 0.7810 1.3813
v 1.1340 0.5500 1.0978
v 1.0185 0.7501 1.0978
v 1.1340 0.7810 1.0978
v 1.1340 0.5500 1.3813
v 1.1340 0.7810 1.3813
v 1.0185 0.7501 1.3813
v 1.1340 0.5500 1.0978
v 0.9339 0.6655 1.0978
v 1.0185 0.7501 1.0978
v 1.1340 0.5500 1.3813
v 1.0185 0.7501 1.3813
v 0.9339 0.6655 1.3813
v 1.1340 0.5500 1.0978
v 0.9030 0.5500 1.0978
v 0.9339 0.6655 1.0978
v 1.1340 0.5500 1.3813
v 0.9339 0.6655 1.3813
v 0.9030 0.5500 1.3813
v 1.1340 0.5500 1.0978
v 0.9339 0.4345 1.0978
v 0.9030 0.5500 1.0978
v 1.1340 0.5500 1.3813
v 0.9030 0.5500 1.3813
v 0.9339 0.4345 1.3813
v 1.1340 0.5500 1.0978
v 1.0185 0.3499 1.0978
v 0.9339 0.4345 1.0978
v 1.1340 0.5500 1.3813
v 0.9339 0.4345 1.3813
v 1.0185 0.3499 1.3813
v 1.1340 0.5500 1.0978
v 1.1340 0.3190 1.0978
v 1.0185 0.3499 1.0978
v 1.1340 0.5500 1.3813
v 1.0185 0.3499 1.3813
v 1.1340 0.3190 1.3813
v 1.1340 0.5500 1.0978
v 1.2495 0.3499 1.0978
v 1.1340 0.3190 1.0978
v 1.1340 0.5500 1.3813
v 1.1340 0.3190 1.3813
v 1.2495 0.3499 1.3813
v 1.1340 0.5500 1.0978
v 1.3341 0.4345 1.0978
v 1.2495 0.3499 1.0978
v 1.1340 0.5500 1.3813
v 1.2495 0.3499 1.3813
v 1.3341 0.4345 1.3813
v 1.1340 0.5500 1.0978
v 1.3650 0.5500 1.0978
v 1.3341 0.4345 1.0978
v 1.1340 0.5500 1.3813
v 1.3341 0.4345 1.3813
v 1.3650 0.5500 1.3813
v 1.6840 0.5500 -1.4015
v 1.6571 0.7200 -1.4015
v 1.6571 0.7200 -1.1315
v 1.6840 0.5500 -1.1315
v 1.6571 0.7200 -1.4015
v 1.5790 0.8733 -1.4015
v 1.5790 0.8733 -1.1315
v 1.6571 0.7200 -1.1315
v 1.5790 0.8733 -1.4015
v 1.4573 0.9950 -1.4015
v 1.4573 0.9950 -1.1315
v 1.5790 0.8733 -1.1315
v 1.4573 0.9950 -1.4015
v 1.3040 1.0731 -1.4015
v 1.3040 1.0731 -1.1315
v 1.4573 0.9950 -1.1315
v 1.3040 1.0731 -1.4015
v 1.1340 1.1000 -1.4015
v 1.1340 1.1000 -1.1315
v 1.3040 1.0731 -1.1315
v 1.1340 1.1000 -1.4015
v 0.9640 1.0731 -1.4015
v 0.9640 1.0731 -1.1315
v 1.1340 1.1000 -1.1315
v 0.9640 1.0731 -1.4015
v 0.8107 0.9950 -1.4015
v 0.8107 0.9950 -1.1315
v 0.9640 1.0731 -1.1315
v 0.8107 0.9950 -1.4015
v 0.6890 0.8733 -1.4015
v 0.6890 0.8733 -1.1315
v 0.8107 0.9950 -1.1315
v 0.6890 0.8733 -1.4015
v 0.6109 0.7200 -1.4015
v 0.6109 0.7200 -1.1315
v 0.6890 0.8733 -1.1315
v 0.6109 0.7200 -1.4015
v 0.5840 0.5500 -1.4015
v 0.5840 0.5500 -1.1315
v 0.6109 0.7200 -1.1315
v 0.5840 0.5500 -1.4015
v 0.6109 0.3800 -1.4015
v 0.6109 0.3800 -1.1315
v 0.5840 0.5500 -1.1315
v 0.6109 0.3800 -1.4015
v 0.6890 0.2267 -1.4015
v 0.6890 0.2267 -1.1315
v 0.6109 0.3800 -1.1315
v 0.6890 0.2267 -1.4015
v 0.8107 0.1050 -1.4015
v 0.8107 0.1050 -1.1315
v 0.6890 0.2267 -1.1315
v 0.8107 0.1050 -1.4015
v 0.9640 0.0269 -1.4015
v 0.9640 0.0269 -1.1315
v 0.8107 0.1050 -1.1315
v 0.9640 0.0269 -1.4015
v 1.1340 0.0000 -1.4015
v 1.1340 0.0000 -1.1315
v 0.9640 0.0269 -1.1315
v 1.1340 0.0000 -1.4015
v 1.3040 0.0269 -1.4015
v 1.3040 0.0269 -1.1315
v 1.1340 0.0000 -1.1315
v 1.3040 0.0269 -1.4015
v 1.4573 0.1050 -1.4015
v 1.4573 0.1050 -1.1315
v 1.3040 0.0269 -1.1315
v 1.4573 0.1050 -1.4015
v 1.5790 0.2267 -1.4015
v 1.5790 0.2267 -1.1315
v 1.4573 0.1050 -1.1315
v 1.5790 0.2267 -1.4015
v 1.6571 0.3800 -1.4015
v 1.6571 0.3800 -1.1315
v 1.5790 0.2267 -1.1315
v 1.6571 0.3800 -1.4015
v 1.6840 0.5500 -1.4015
v 1.6840 0.5500 -1.1315
v 1.6571 0.3800 -1.1315
v 1.1340 0.5500 -1.4015
v 1.6571 0.7200 -1.4015
v 1.6840 0.5500 -1.4015
v 1.1340 0.5500 -1.1315
v 1.6840 0.5500 -1.1315
v 1.6571 0.7200 -1.1315
v 1.1340 0.5500 -1.4015
v 1.5790 0.8733 -1.4015
v 1.6571 0.7200 -1.4015
v 1.1340 0.5500 -1.1315
v 1.6571 0.7200 -1.1315
v 1.5790 0.8733 -1.1315
v 1.1340 0.5500 -1.4015
v 1.4573 0.9950 -1.4015
v 1.5790 0.8733 -1.4015
v 1.1340 0.5500 -1.1315
v 1.5790 0.8733 -1.1315
v 1.4573 0.9950 -1.1315
v 1.1340 0.5500 -1.4015
v 1.3040 1.0731 -1.4015
v 1.4573 0.9950 -1.4015
v 1.1340 0.5500 -1.1315
v 1.4573 0.9950 -1.1315
v 1.3040 1.0731 -1.1315
v 1.1340 0.5500 -1.4015
v 1.1340 1.1000 -1.4015
v 1.3040 1.0731 -1.4015
v 1.1340 0.5500 -1.1315
v 1.3040 1.0731 -1.1315
v 1.1340 1.1000 -1.1315
v 1.1340 0.5500 -1.4015
v 0.9640 1.0731 -1.4015
v 1.1340 1.1000 -1.4015
v 1.1340 0.5500 -1.1315
v 1.1340 1.1000 -1.1315
v 0.9640 1.0731 -1.1315
v 1.1340 0.5500 -1.4015
v 0.8107 0.9950 -1.4015
v 0.9640 1.0731 -1.4015
v 1.1340 0.5500 -1.1315
v 0.9640 1.0731 -1.1315
v 0.8107 0.9950 -1.1315
v 1.1340 0.5500 -1.4015
v 0.6890 0.8733 -1.4015
v 0.8107 0.9950 -1.4015
v 1.1340 0.5500 -1.1315
v 0.8107 0.9950 -1.1315
v 0.6890 0.8733 -1.1315
v 1.1340 0.5500 -1.4015
v 0.6109 0.7200 -1.4015
v 0.6890 0.8733 -1.4015
v 1.1340 0.5500 -1.1315
v 0.6890 0.8733 -1.1315
v 0.6109 0.7200 -1.1315
v 1.1340 0.5500 -1.4015
v 0.5840 0.5500 -1.4015
v 0.6109 0.7200 -1.4015
v 1.1340 0.5500 -1.1315
v 0.6109 0.7200 -1.1315
v 0.5840 0.5500 -1.1315
v 1.1340 0.5500 -1.4015
v 0.6109 0.3800 -1.4015
v 0.5840 0.5500 -1.4015
v 1.1340 0.5500 -1.1315
v 0.5840 0.5500 -1.1315
v 0.6109 0.3800 -1.1315
v 1.1340 0.5500 -1.4015
v 0.6890 0.2267 -1.4015
v 0.6109 0.3800 -1.4015
v 1.1340 0.5500 -1.1315
v 0.6109 0.3800 -1.1315
v 0.6890 0.2267 -1.1315
v 1.1340 0.5500 -1.4015
v 0.8107 0.1050 -1.4015
v 0.6890 0.2267 -1.4015
v 1.1340 0.5500 -1.1315
v 0.6890 0.2267 -1.1315
v 0.8107 0.1050 -1.1315
v 1.1340 0.5500 -1.4015
v 0.9640 0.0269 -1.4015
v 0.8107 0.1050 -1.4015
v 1.1340 0.5500 -1.1315
v 0.8107 0.1050 -1.1315
v 0.9640 0.0269 -1.1315
v 1.1340 0.5500 -1.4015
v 1.1340 0.0000 -1.4015
v 0.9640 0.0269 -1.4015
v 1.1340 0.5500 -1.1315
v 0.9640 0.0269 -1.1315
v 1.1340 0.0000 -1.1315
v 1.1340 0.5500 -1.4015
v 1.3040 0.0269 -1.4015
v 1.1340 0.0000 -1.4015
v 1.1340 0.5500 -1.1315
v 1.1340 0.0000 -1.1315
v 1.3040 0.0269 -1.1315
v 1.1340 0.5500 -1.4015
v 1.4573 0.1050 -1.4015
v 1.3040 0.0269 -1.4015
v 1.1340 0.5500 -1.1315
v 1.3040 0.0269 -1.1315
v 1.4573 0.1050 -1.1315
v 1.1340 0.5500 -1.4015
v 1.5790 0.2267 -1.4015
v 1.4573 0.1050 -1.4015
v 1.1340 0.5500 -1.1315
v 1.4573 0.1050 -1.1315
v 1.5790 0.2267 -1.1315
v 1.1340 0.5500 -1.4015
v 1.6571 0.3800 -1.4015
v 1.5790 0.2267 -1.4015
v 1.1340 0.5500 -1.1315
v 1.5790 0.2267 -1.1315
v 1.6571 0.3800 -1.1315
v 1.1340 0.5500 -1.4015
v 1.6840 0.5500 -1.4015
v 1.6571 0.3800 -1.4015
v 1.1340 0.5500 -1.1315
v 1.6571 0.3800 -1.1315
v 1.6840 0.5500 -1.1315
v 1.3650 0.5500 -1.3813
v 1.3341 0.6655 -1.3813
v 1.3341 0.6655 -1.0978
v 1.3650 0.5500 -1.0978
v 1.3341 0.6655 -1.3813
v 1.2495 0.7501 -1.3813
v 1.2495 0.7501 -1.0978
v 1.3341 0.6655 -1.0978
v 1.2495 0.7501 -1.3813
v 1.1340 0.7810 -1.3813
v 1.1340 0.7810 -1.0978
v 1.2495 0.7501 -1.0978
v 1.1340 0.7810 -1.3813
v 1.0185 0.7501 -1.3813
v 1.0185 0.7501 -1.0978
v 1.1340 0.7810 -1.0978
v 1.0185 0.7501 -1.3813
v 0.9339 0.6655 -1.3813
v 0.9339 0.6655 -1.0978
v 1.0185 0.7501 -1.0978
v 0.9339 0.6655 -1.3813
v 0.9030 0.5500 -1.3813
v 0.9030 0.5500 -1.0978
v 0.9339 0.6655 -1.0978
v 0.9030 0.5500 -1.3813
v 0.9339 0.4345 -1.3813
v 0.9339 0.4345 -1.0978
v 0.9030 0.5500 -1.0978
v 0.9339 0.4345 -1.3813
v 1.0185 0.3499 -1.3813
v 1.0185 0.3499 -1.0978
v 0.9339 0.4345 -1.0978
v 1.0185 0.3499 -1.3813
v 1.1340 0.3190 -1.3813
v 1.1340 0.3190 -1.0978
v 1.0185 0.3499 -1.0978
v 1.1340 0.3190 -1.3813
v 1.2495 0.3499 -1.3813
v 1.2495 0.3499 -1.0978
v 1.1340 0.3190 -1.0978
v 1.2495 0.3499 -1.3813
v 1.3341 0.4345 -1.3813
v 1.3341 0.4345 -1.0978
v 1.2495 0.3499 -1.0978
v 1.3341 0.4345 -1.3813
v 1.3650 0.5500 -1.3813
v 1.3650 0.5500 -1.0978
v 1.3341 0.4345 -1.0978
v 1.1340 0.5500 -1.3813
v 1.3341 0.6655 -1.3813
v 1.3650 0.5500 -1.3813
v 1.1340 0.5500 -1.0978
v 1.3650 0.5500 -1.0978
v 1.3341 0.6655 -1.0978
v 1.1340 0.5500 -1.3813
v 1.2495 0.7501 -1.3813
v 1.3341 0.6655 -1.3813
v 1.1340 0.5500 -1.0978
v 1.3341 0.6655 -1.0978
v 1.2495 0.7501 -1.0978
v 1.1340 0.5500 -1.3813
v 1.1340 0.7810 -1.3813
v 1.2495 0.7501 -1.3813
v 1.1340 0.5500 -1.0978
v 1.2495 0.7501 -1.0978
v 1.1340 0.7810 -1.0978
v 1.1340 0.5500 -1.3813
v 1.0185 0.7501 -1.3813
v 1.1340 0.7810 -1.3813
v 1.1340 0.5500 -1.0978
v 1.1340 0.7810 -1.0978
v 1.0185 0.7501 -1.0978
v 1.1340 0.5500 -1.3813
v 0.9339 0.6655 -1.3813
v 1.0185 0.7501 -1.3813
v 1.1340 0.5500 -1.0978
v 1.0185 0.7501 -1.0978
v 0.9339 0.6655 -1.0978
v 1.1340 0.5500 -1.3813
v 0.9030 0.5500 -1.3813
v 0.9339 0.6655 -1.3813
v 1.1340 0.5500 -1.0978
v 0.9339 0.6655 -1.0978
v 0.9030 0.5500 -1.0978
v 1.1340 0.5500 -1.3813
v 0.9339 0.4345 -1.3813
v 0.9030 0.5500 -1.3813
v 1.1340 0.5500 -1.0978
v 0.9030 0.5500 -1.0978
v 0.9339 0.4345 -1.0978
v 1.1340 0.5500 -1.3813
v 1.0185 0.3499 -1.3813
v 0.9339 0.4345 -1.3813
v 1.1340 0.5500 -1.0978
v 0.9339 0.4345 -1.0978
v 1.0185 0.3499 -1.0978
v 1.1340 0.5500 -1.3813
v 1.1340 0.3190 -1.3813
v 1.0185 0.3499 -1.3813
v 1.1340 0.5500 -1.0978
v 1.0185 0.3499 -1.0978
v 1.1340 0.3190 -1.0978
v 1.1340 0.5500 -1.3813
v 1.2495 0.3499 -1.3813
v 1.1340 0.3190 -1.3813
v 1.1340 0.5500 -1.0978
v 1.1340 0.3190 -1.0978
v 1.2495 0.3499 -1.0978
v 1.1340 0.5500 -1.3813
v 1.3341 0.4345 -1.3813
v 1.2495 0.3499 -1.3813
v 1.1340 0.5500 -1.0978
v 1.2495 0.3499 -1.0978
v 1.3341 0.4345 -1.0978
v 1.1340 0.5500 -1.3813
v 1.3650 0.5500 -1.3813
v 1.3341 0.4345 -1.3813
v 1.1340 0.5500 -1.0978
v 1.3341 0.4345 -1.0978
v 1.3650 0.5500 -1.0978
v -0.4706 0.5500 1.1315
v -0.4975 0.7200 1.1315
v -0.4975 0.7200 1.4015
v -0.4706 0.5500 1.4015
v -0.4975 0.7200 1.1315
v -0.5756 0.8733 1.1315
v -0.5756 0.8733 1.4015
v -0.4975 0.7200 1.4015
v -0.5756 0.8733 1.1315
v -0.6973 0.9950 1.1315
v -0.6973 0.9950 1.4015
v -0.5756 0.8733 1.4015
v -0.6973 0.9950 1.1315
v -0.8506 1.0731 1.1315
v -0.8506 1.0731 1.4015
v -0.6973 0.9950 1.4015
v -0.8506 1.0731 1.1315
v -1.0206 1.1000 1.1315
v -1.0206 1.1000 1.4015
v -0.8506 1.0731 1.4015
v -1.0206 1.1000 1.1315
v -1.1906 1.0731 1.1315
v -1.1906 1.0731 1.4015
v -1.0206 1.1000 1.4015
v -1.1906 1.0731 1.1315
v -1.3439 0.9950 1.1315
v -1.3439 0.9950 1.4015
v -1.1906 1.0731 1.4015
v -1.3439 0.9950 1.1315
v -1.4656 0.8733 1.1315
v -1.4656 0.8733 1.4015
v -1.3439 0.9950 1.4015
v -1.4656 0.8733 1.1315
v -1.5437 0.7200 1.1315
v -1.5437 0.7200 1.4015
v -1.4656 0.8733 1.4015
v -1.5437 0.7200 1.1315
v -1.5706 0.5500 1.1315
v -1.5706 0.5500 1.4015
v -1.5437 0.7200 1.4015
v -1.5706 0.5500 1.1315
v -1.5437 0.3800 1.1315
v -1.5437 0.3800 1.4015
v -1.5706 0.5500 1.4015
v -1.5437 0.3800 1.1315
v -1.4656 0.2267 1.1315
v -1.4656 0.2267 1.4015
v -1.5437 0.3800 1.4015
v -1.4656 0.2267 1.1315
v -1.3439 0.1050 1.1315
v -1.3439 0.1050 1.4015
v -1.4656 0.2267 1.4015
v -1.3439 0.1050 1.1315
v -1.1906 0.0269 1.1315
v -1.1906 0.0269 1.4015
v -1.3439 0.1050 1.4015
v -1.1906 0.0269 1.1315
v -1.0206 0.0000 1.1315
v -1.0206 0.0000 1.4015
v -1.1906 0.0269 1.4015
v -1.0206 0.0000 1.1315
v -0.8506 0.0269 1.1315
v -0.8506 0.0269 1.4015
v -1.0206 0.0000 1.4015
v -0.8506 0.0269 1.1315
v -0.6973 0.1050 1.1315
v -0.6973 0.1050 1.4015
v -0.8506 0.0269 1.4015
v -0.6973 0.1050 1.1315
v -0.5756 0.2267 1.1315
v -0.5756 0.2267 1.4015
v -0.6973 0.1050 1.4015
v -0.5756 0.2267 1.1315
v -0.4975 0.3800 1.1315
v -0.4975 0.3800 1.4015
v -0.5756 0.2267 1.4015
v -0.4975 0.3800 1.1315
v -0.4706 0.5500 1.1315
v -0.4706 0.5500 1.4015
v -0.4975 0.3800 1.4015
v -1.0206 0.5500 1.1315
v -0.4975 0.7200 1.1315
v -0.4706 0.5500 1.1315
v -1.0206 0.5500 1.4015
v -0.4706 0.5500 1.4015
v -0.4975 0.7200 1.4015
v -1.0206 0.5500 1.1315
v -0.5756 0.8733 1.1315
v -0.4975 0.7200 1.1315
v -1.0206 0.5500 1.4015
v -0.4975 0.7200 1.4015
v -0.5756 0.8733 1.4015
v -1.0206 0.5500 1.1315
v -0.6973 0.9950 1.1315
v -0.5756 0.8733 1.1315
v -1.0206 0.5500 1.4015
v -0.5756 0.8733 1.4015
v -0.6973 0.9950 1.4015
v -1.0206 0.5500 1.1315
v -0.8506 1.0731 1.1315
v -0.6973 0.9950 1.1315
v -1.0206 0.5500 1.4015
v -0.6973 0.9950 1.4015
v -0.8506 1.0731 1.4015
v -1.0206 0.5500 1.1315
v -1.0206 1.1000 1.1315
v -0.8506 1.0731 1.1315
v -1.0206 0.5500 1.4015
v -0.8506 1.0731 1.4015
v -1.0206 1.1000 1.4015
v -1.0206 0.5500 1.1315
v -1.1906 1.0731 1.1315
v -1.0206 1.1000 1.1315
v -1.0206 0.5500 1.4015
v -1.0206 1.1000 1.4015
v -1.1906 1.0731 1.4015
v -1.0206 0.5500 1.1315
v -1.3439 0.9950 1.1315
v -1.1906 1.0731 1.1315
v -1.0206 0.5500 1.4015
v -1.1906 1.0731 1.4015
v -1.3439 0.9950 1.4015
v -1.0206 0.5500 1.1315
v -1.4656 0.8733 1.1315
v -1.3439 0.9950 1.1315
v -1.0206 0.5500 1.4015
v -1.3439 0.9950 1.4015
v -1.4656 0.8733 1.4015
v -1.0206 0.5500 1.1315
v -1.5437 0.7200 1.1315
v -1.4656 0.8733 1.1315
v -1.0206 0.5500 1.4015
v -1.4656 0.8733 1.4015
v -1.5437 0.7200 1.4015
v -1.0206 0.5500 1.1315
v -1.5706 0.5500 1.1315
v -1.5437 0.7200 1.1315
v -1.0206 0.5500 1.4015
v -1.5437 0.7200 1.4015
v -1.5706 0.5500 1.4015
v -1.0206 0.5500 1.1315
v -1.5437 0.3800 1.1315
v -1.5706 0.5500 1.1315
v -1.0206 0.5500 1.4015
v -1.5706 0.5500 1.4015
v -1.5437 0.3800 1.4015
v -1.0206 0.5500 1.1315
v -1.4656 0.2267 1.1315
v -1.5437 0.3800 1.1315
v -1.0206 0.5500 1.4015
v -1.5437 0.3800 1.4015
v -1.4656 0.2267 1.4015
v -1.0206 0.5500 1.1315
v -1.3439 0.1050 1.1315
v -1.4656 0.2267 1.1315
v -1.0206 0.5500 1.4015
v -1.4656 0.2267 1.4015
v -1.3439 0.1050 1.4015
v -1.0206 0.5500 1.1315
v -1.1906 0.0269 1.1315
v -1.3439 0.1050 1.1315
v -1.0206 0.5500 1.4015
v -1.3439 0.1050 1.4015
v -1.1906 0.0269 1.4015
v -1.0206 0.5500 1.1315
v -1.0206 0.0000 1.1315
v -1.1906 0.0269 1.1315
v -1.0206 0.5500 1.4015
v -1.1906 0.0269 1.4015
v -1.0206 0.0000 1.4015
v -1.0206 0.5500 1.1315
v -0.8506 0.0269 1.1315
v -1.0206 0.0000 1.1315
v -1.0206 0.5500 1.4015
v -1.0206 0.0000 1.4015
v -0.8506 0.0269 1.4015
v -1.0206 0.5500 1.1315
v -0.6973 0.1050 1.1315
v -0.8506 0.0269 1.1315
v -1.0206 0.5500 1.4015
v -0.8506 0.0269 1.4015
v -0.6973 0.1050 1.4015
v -1.0206 0.5500 1.1315
v -0.5756 0.2267 1.1315
v -0.6973 0.1050 1.1315
v -1.0206 0.5500 1.4015
v -0.6973 0.1050 1.4015
v -0.5756 0.2267 1.4015
v -1.0206 0.5500 1.1315
v -0.4975 0.3800 1.1315
v -0.5756 0.2267 1.1315
v -1.0206 0.5500 1.4015
v -0.5756 0.2267 1.4015
v -0.4975 0.3800 1.4015
v -1.0206 0.5500 1.1315
v -0.4706 0.5500 1.1315
v -0.4975 0.3800 1.1315
v -1.0206 0.5500 1.4015
v -0.4975 0.3800 1.4015
v -0.4706 0.5500 1.4015
v -0.7896 0.5500 1.0978
v -0.8205 0.6655 1.0978
v -0.8205 0.6655 1.3813
v -0.7896 0.5500 1.3813
v -0.8205 0.6655 1.0978
v -0.9051 0.7501 1.0978
v -0.9051 0.7501 1.3813
v -0.8205 0.6655 1.3813
v -0.9051 0.7501 1.0978
v -1.0206 0.7810 1.0978
v -1.0206 0.7810 1.3813
v -0.9051 0.7501 1.3813
v -1.0206 0.7810 1.0978
v -1.1361 0.7501 1.0978
v -1.1361 0.7501 1.3813
v -1.0206 0.7810 1.3813
v -1.1361 0.7501 1.0978
v -1.2207 0.6655 1.0978
v -1.2207 0.6655 1.3813
v -1.1361 0.7501 1.3813
v -1.2207 0.6655 1.0978
v -1.2516 0.5500 1.0978
v -1.2516 0.5500 1.3813
v -1.2207 0.6655 1.3813
v -1.2516 0.5500 1.0978
v -1.2207 0.4345 1.0978
v -1.2207 0.4345 1.3813
v -1.2516 0.5500 1.3813
v -1.2207 0.4345 1.0978
v -1.1361 0.3499 1.0978
v -1.1361 0.3499 1.3813
v -1.2207 0.4345 1.3813
v -1.1361 0.3499 1.0978
v -1.0206 0.3190 1.0978
v -1.0206 0.3190 1.3813
v -1.1361 0.3499 1.3813
v -1.0206 0.3190 1.0978
v -0.9051 0.3499 1.0978
v -0.9051 0.3499 1.3813
v -1.0206 0.3190 1.3813
v -0.9051 0.3499 1.0978
v -0.8205 0.4345 1.0978
v -0.8205 0.4345 1.3813
v -0.9051 0.3499 1.3813
v -0.8205 0.4345 1.0978
v -0.7896 0.5500 1.0978
v -0.7896 0.5500 1.3813
v -0.8205 0.4345 1.3813
v -1.0206 0.5500 1.0978
v -0.8205 0.6655 1.0978
v -0.7896 0.5500 1.0978
v -1.0206 0.5500 1.3813
v -0.7896 0.5500 1.3813
v -0.8205 0.6655 1.3813
v -1.0206 0.5500 1.0978
v -0.9051 0.7501 1.0978
v -0.8205 0.6655 1.0978
v -1.0206 0.5500 1.3813
v -0.8205 0.6655 1.3813
v -0.9051 0.7501 1.3813
v -1.0206 0.5500 1.0978
v -1.0206 0.7810 1.0978
v -0.9051 0.7501 1.0978
v -1.0206 0.5500 1.3813
v -0.9051 0.7501 1.3813
v -1.0206 0.7810 1.3813
v -1.0206 0.5500 1.0978
v -1.1361 0.7501 1.0978
v -1.0206 0.7810 1.0978
v -1.0206 0.5500 1.3813
v -1.0206 0.7810 1.3813
v -1.1361 0.7501 1.3813
v -1.0206 0.5500 1.0978
v -1.2207 0.6655 1.0978
v -1.1361 0.7501 1.0978
v -1.0206 0.5500 1.3813
v -1.1361 0.7501 1.3813
v -1.2207 0.6655 1.3813
v -1.0206 0.5500 1.0978
v -1.2516 0.5500 1.0978
v -1.2207 0.6655 1.0978
v -1.0206 0.5500 1.3813
v -1.2207 0.6655 1.3813
v -1.2516 0.5500 1.3813
v -1.0206 0.5500 1.0978
v -1.2207 0.4345 1.0978
v -1.2516 0.5500 1.0978
v -1.0206 0.5500 1.3813
v -1.2516 0.5500 1.3813
v -1.2207 0.4345 1.3813
v -1.0206 0.5500 1.0978
v -1.1361 0.3499 1.0978
v -1.2207 0.4345 1.0978
v -1.0206 0.5500 1.3813
v -1.2207 0.4345 1.3813
v -1.1361 0.3499 1.3813
v -1.0206 0.5500 1.0978
v -1.0206 0.3190 1.0978
v -1.1361 0.3499 1.0978
v -1.0206 0.5500 1.3813
v -1.1361 0.3499 1.3813
v -1.0206 0.3190 1.3813
v -1.0206 0.5500 1.0978
v -0.9051 0.3499 1.0978
v -1.0206 0.3190 1.0978
v -1.0206 0.5500 1.3813
v -1.0206 0.3190 1.3813
v -0.9051 0.3499 1.3813
v -1.0206 0.5500 1.0978
v -0.8205 0.4345 1.0978
v -0.9051 0.3499 1.0978
v -1.0206 0.5500 1.3813
v -0.9051 0.3499 1.3813
v -0.8205 0.4345 1.3813
v -1.0206 0.5500 1.0978
v -0.7896 0.5500 1.0978
v -0.8205 0.4345 1.0978
v -1.0206 0.5500 1.3813
v -0.8205 0.4345 1.3813
v -0.7896 0.5500 1.3813
v -0.4706 0.5500 -1.4015
v -0.4975 0.7200 -1.4015
v -0.4975 0.7200 -1.1315
v -0.4706 0.5500 -1.1315
v -0.4975 0.7200 -1.4015
v -0.5756 0.8733 -1.4015
v -0.5756 0.8733 -1.1315
v -0.4975 0.7200 -1.1315
v -0.5756 0.8733 -1.4015
v -0.6973 0.9950 -1.4015
v -0.6973 0.9950 -1.1315
v -0.5756 0.8733 -1.1315
v -0.6973 0.9950 -1.4015
v -0.8506 1.0731 -1.4015
v -0.8506 1.0731 -1.1315
v -0.6973 0.9950 -1.1315
v -0.8506 1.0731 -1.4015
v -1.0206 1.1000 -1.4015
v -1.0206 1.1000 -1.1315
v -0.8506 1.0731 -1.1315
v -1.0206 1.1000 -1.4015
v -1.1906 1.0731 -1.4015
v -1.1906 1.0731 -1.1315
v -1.0206 1.1000 -1.1315
v -1.1906 1.0731 -1.4015
v -1.3439 0.9950 -1.4015
v -1.3439 0.9950 -1.1315
v -1.1906 1.0731 -1.1315
v -1.3439 0.9950 -1.4015
v -1.4656 0.8733 -1.4015
v -1.4656 0.8733 -1.1315
v -1.3439 0.9950 -1.1315
v -1.4656 0.8733 -1.4015
v -1.5437 0.7200 -1.4015
v -1.5437 0.7200 -1.1315
v -1.4656 0.8733 -1.1315
v -1.5437 0.7200 -1.4015
v -1.5706 0.5500 -1.4015
v -1.5706 0.5500 -1.1315
v -1.5437 0.7200 -1.1315
v -1.5706 0.5500 -1.4015
v -1.5437 0.3800 -1.4015
v -1.5437 0.3800 -1.1315
v -1.5706 0.5500 -1.1315
v -1.5437 0.3800 -1.4015
v -1.4656 0.2267 -1.4015
v -1.4656 0.2267 -1.1315
v -1.5437 0.3800 -1.1315
v -1.4656 0.2267 -1.4015
v -1.3439 0.1050 -1.4015
v -1.3439 0.1050 -1.1315
v -1.4656 0.2267 -1.1315
v -1.3439 0.1050 -1.4015
v -1.1906 0.0269 -1.4015
v -1.1906 0.0269 -1.1315
v -1.3439 0.1050 -1.1315
v -1.1906 0.0269 -1.4015
v -1.0206 0.0000 -1.4015
v -1.0206 0.0000 -1.1315
v -1.1906 0.0269 -1.1315
v -1.0206 0.0000 -1.4015
v -0.8506 0.0269 -1.4015
v -0.8506 0.0269 -1.1315
v -1.0206 0.0000 -1.1315
v -0.8506 0.0269 -1.4015
v -0.6973 0.1050 -1.4015
v -0.6973 0.1050 -1.1315
v -0.8506 0.0269 -1.1315
v -0.6973 0.1050 -1.4015
v -0.5756 0.2267 -1.4015
v -0.5756 0.2267 -1.1315
v -0.6973 0.1050 -1.1315
v -0.5756 0.2267 -1.4015
v -0.4975 0.3800 -1.4015
v -0.4975 0.3800 -1.1315
v -0.5756 0.2267 -1.1315
v -0.4975 0.3800 -1.4015
v -0.4706 0.5500 -1.4015
v -0.4706 0.5500 -1.1315
v -0.4975 0.3800 -1.1315
v -1.0206 0.5500 -1.4015
v -0.4975 0.7200 -1.4015
v -0.4706 0.5500 -1.4015
v -1.0206 0.5500 -1.1315
v -0.4706 0.5500 -1.1315
v -0.4975 0.7200 -1.1315
v -1.0206 0.5500 -1.4015
v -0.5756 0.8733 -1.4015
v -0.4975 0.7200 -1.4015
v -1.0206 0.5500 -1.1315
v -0.4975 0.7200 -1.1315
v -0.5756 0.8733 -1.1315
v -1.0206 0.5500 -1.4015
v -0.6973 0.9950 -1.4015
v -0.5756 0.8733 -1.4015
v -1.0206 0.5500 -1.1315
v -0.5756 0.8733 -1.1315
v -0.6973 0.9950 -1.1315
v -1.0206 0.5500 -1.4015
v -0.8506 1.0731 -1.4015
v -0.6973 0.9950 -1.4015
v -1.0206 0.5500 -1.1315
v -0.6973 0.9950 -1.1315
v -0.8506 1.0731 -1.1315
v -1.0206 0.5500 -1.4015
v -1.0206 1.1000 -1.4015
v -0.8506 1.0731 -1.4015
v -1.0206 0.5500 -1.1315
v -0.8506 1.0731 -1.1315
v -1.0206 1.1000 -1.1315
v -1.0206 0.5500 -1.4015
v -1.1906 1.0731 -1.4015
v -1.0206 1.1000 -1.4015
v -1.0206 0.5500 -1.1315
v -1.0206 1.1000 -1.1315
v -1.1906 1.0731 -1.1315
v -1.0206 0.5500 -1.4015
v -1.3439 0.9950 -1.4015
v -1.1906 1.0731 -1.4015
v -1.0206 0.5500 -1.1315
v -1.1906 1.0731 -1.1315
v -1.3439 0.9950 -1.1315
v -1.0206 0.5500 -1.4015
v -1.4656 0.8733 -1.4015
v -1.3439 0.9950 -1.4015
v -1.0206 0.5500 -1.1315
v -1.3439 0.9950 -1.1315
v -1.4656 0.8733 -1.1315
v -1.0206 0.5500 -1.4015
v -1.5437 0.7200 -1.4015
v -1.4656 0.8733 -1.4015
v -1.0206 0.5500 -1.1315
v -1.4656 0.8733 -1.1315
v -1.5437 0.7200 -1.1315
v -1.0206 0.5500 -1.4015
v -1.5706 0.5500 -1.4015
v -1.5437 0.7200 -1.4015
v -1.0206 0.5500 -1.1315
v -1.5437 0.7200 -1.1315
v -1.5706 0.5500 -1.1315
v -1.0206 0.5500 -1.4015
v -1.5437 0.3800 -1.4015
v -1.5706 0.5500 -1.4015
v -1.0206 0.5500 -1.1315
v -1.5706 0.5500 -1.1315
v -1.5437 0.3800 -1.1315
v -1.0206 0.5500 -1.4015
v -1.4656 0.2267 -1.4015
v -1.5437 0.3800 -1.4015
v -1.0206 0.5500 -1.1315
v -1.5437 0.3800 -1.1315
v -1.4656 0.2267 -1.1315
v -1.0206 0.5500 -1.4015
v -1.3439 0.1050 -1.4015
v -1.4656 0.2267 -1.4015
v -1.0206 0.5500 -1.1315
v -1.4656 0.2267 -1.1315
v -1.3439 0.1050 -1.1315
v -1.0206 0.5500 -1.4015
v -1.1906 0.0269 -1.4015
v -1.3439 0.1050 -1.4015
v -1.0206 0.5500 -1.1315
v -1.3439 0.1050 -1.1315
v -1.1906 0.0269 -1.1315
v -1.0206 0.5500 -1.4015
v -1.0206 0.0000 -1.4015
v -1.1906 0.0269 -1.4015
v -1.0206 0.5500 -1.1315
v -1.1906 0.0269 -1.1315
v -1.0206 0.0000 -1.1315
v -1.0206 0.5500 -1.4015
v -0.8506 0.0269 -1.4015
v -1.0206 0.0000 -1.4015
v -1.0206 0.5500 -1.1315
v -1.0206 0.0000 -1.1315
v -0.8506 0.0269 -1.1315
v -1.0206 0.5500 -1.4015
v -0.6973 0.1050 -1.4015
v -0.8506 0.0269 -1.4015
v -1.0206 0.5500 -1.1315
v -0.8506 0.0269 -1.1315
v -0.6973 0.1050 -1.1315
v -1.0206 0.5500 -1.4015
v -0.5756 0.2267 -1.4015
v -0.6973 0.1050 -1.4015
v -1.0206 0.5500 -1.1315
v -0.6973 0.1050 -1.1315
v -0.5756 0.2267 -1.1315
v -1.0206 0.5500 -1.4015
v -0.4975 0.3800 -1.4015
v -0.5756 0.2267 -1.4015
v -1.0206 0.5500 -1.1315
v -0.5756 0.2267 -1.1315
v -0.4975 0.3800 -1.1315
v -1.0206 0.5500 -1.4015
v -0.4706 0.5500 -1.4015
v -0.4975 0.3800 -1.4015
v -1.0206 0.5500 -1.1315
v -0.4975 0.3800 -1.1315
v -0.4706 0.5500 -1.1315
v -0.7896 0.5500 -1.3813
v -0.8205 0.6655 -1.3813
v -0.8205 0.6655 -1.0978
v -0.7896 0.5500 -1.0978
v -0.8205 0.6655 -1.3813
v -0.9051 0.7501 -1.3813
v -0.9051 0.7501 -1.0978
v -0.8205 0.6655 -1.0978
v -0.9051 0.7501 -1.3813
v -1.0206 0.7810 -1.3813
v -1.0206 0.7810 -1.0978
v -0.9051 0.7501 -1.0978
v -1.0206 0.7810 -1.3813
v -1.1361 0.7501 -1.3813
v -1.1361 0.7501 -1.0978
v -1.0206 0.7810 -1.0978
v -1.1361 0.7501 -1.3813
v -1.2207 0.6655 -1.3813
v -1.2207 0.6655 -1.0978
v -1.1361 0.7501 -1.0978
v -1.2207 0.6655 -1.3813
v -1.2516 0.5500 -1.3813
v -1.2516 0.5500 -1.0978
v -1.2207 0.6655 -1.0978
v -1.2516 0.5500 -1.3813
v -1.2207 0.4345 -1.3813
v -1.2207 0.4345 -1.0978
v -1.2516 0.5500 -1.0978
v -1.2207 0.4345 -1.3813
v -1.1361 0.3499 -1.3813
v -1.1361 0.3499 -1.0978
v -1.2207 0.4345 -1.0978
v -1.1361 0.3499 -1.3813
v -1.0206 0.3190 -1.3813
v -1.0206 0.3190 -1.0978
v -1.1361 0.3499 -1.0978
v -1.0206 0.3190 -1.3813
v -0.9051 0.3499 -1.3813
v -0.9051 0.3499 -1.0978
v -1.0206 0.3190 -1.0978
v -0.9051 0.3499 -1.3813
v -0.8205 0.4345 -1.3813
v -0.8205 0.4345 -1.0978
v -0.9051 0.3499 -1.0978
v -0.8205 0.4345 -1.3813
v -0.7896 0.5500 -1.3813
v -0.7896 0.5500 -1.0978
v -0.8205 0.4345 -1.0978
v -1.0206 0.5500 -1.3813
v -0.8205 0.6655 -1.3813
v -0.7896 0.5500 -1.3813
v -1.0206 0.5500 -1.0978
v -0.7896 0.5500 -1.0978
v -0.8205 0.6655 -1.0978
v -1.0206 0.5500 -1.3813
v -0.9051 0.7501 -1.3813
v -0.8205 0.6655 -1.3813
v -1.0206 0.5500 -1.0978
v -0.8205 0.6655 -1.0978
v -0.9051 0.7501 -1.0978
v -1.0206 0.5500 -1.3813
v -1.0206 0.7810 -1.3813
v -0.9051 0.7501 -1.3813
v -1.0206 0.5500 -1.0978
v -0.9051 0.7501 -1.0978
v -1.0206 0.7810 -1.0978
v -1.0206 0.5500 -1.3813
v -1.1361 0.7501 -1.3813
v -1.0206 0.7810 -1.3813
v -1.0206 0.5500 -1.0978
v -1.0206 0.7810 -1.0978
v -1.1361 0.7501 -1.0978
v -1.0206 0.5500 -1.3813
v -1.2207 0.6655 -1.3813
v -1.1361 0.7501 -1.3813
v -1.0206 0.5500 -1.0978
v -1.1361 0.7501 -1.0978
v -1.2207 0.6655 -1.0978
v -1.0206 0.5500 -1.3813
v -1.2516 0.5500 -1.3813
v -1.2207 0.6655 -1.3813
v -1.0206 0.5500 -1.0978
v -1.2207 0.6655 -1.0978
v -1.2516 0.5500 -1.0978
v -1.0206 0.5500 -1.3813
v -1.2207 0.4345 -1.3813
v -1.2516 0.5500 -1.3813
v -1.0206 0.5500 -1.0978
v -1.2516 0.5500 -1.0978
v -1.2207 0.4345 -1.0978
v -1.0206 0.5500 -1.3813
v -1.1361 0.3499 -1.3813
v -1.2207 0.4345 -1.3813
v -1.0206 0.5500 -1.0978
v -1.2207 0.4345 -1.0978
v -1.1361 0.3499 -1.0978
v -1.0206 0.5500 -1.3813
v -1.0206 0.3190 -1.3813
v -1.1361 0.3499 -1.3813
v -1.0206 0.5500 -1.0978
v -1.1361 0.3499 -1.0978
v -1.0206 0.3190 -1.0978
v -1.0206 0.5500 -1.3813
v -0.9051 0.3499 -1.3813
v -1.0206 0.3190 -1.3813
v -1.0206 0.5500 -1.0978
v -1.0206 0.3190 -1.0978
v -0.9051 0.3499 -1.0978
v -1.0206 0.5500 -1.3813
v -0.8205 0.4345 -1.3813
v -0.9051 0.3499 -1.3813
v -1.0206 0.5500 -1.0978
v -0.9051 0.3499 -1.0978
v -0.8205 0.4345 -1.0978
v -1.0206 0.5500 -1.3813
v -0.7896 0.5500 -1.3813
v -0.8205 0.4345 -1.3813
v -1.0206 0.5500 -1.0978
v -0.8205 0.4345 -1.0978
v -0.7896 0.5500 -1.0978
v -1.8692 0.5500 1.1315
v -1.8961 0.7200 1.1315
v -1.8961 0.7200 1.4015
v -1.8692 0.5500 1.4015
v -1.8961 0.7200 1.1315
v -1.9742 0.8733 1.1315
v -1.9742 0.8733 1.4015
v -1.8961 0.7200 1.4015
v -1.9742 0.8733 1.1315
v -2.0959 0.9950 1.1315
v -2.0959 0.9950 1.4015
v -1.9742 0.8733 1.4015
v -2.0959 0.9950 1.1315
v -2.2492 1.0731 1.1315
v -2.2492 1.0731 1.4015
v -2.0959 0.9950 1.4015
v -2.2492 1.0731 1.1315
v -2.4192 1.1000 1.1315
v -2.4192 1.1000 1.4015
v -2.2492 1.0731 1.4015
v -2.4192 1.1000 1.1315
v -2.5892 1.0731 1.1315
v -2.5892 1.0731 1.4015
v -2.4192 1.1000 1.4015
v -2.5892 1.0731 1.1315
v -2.7425 0.9950 1.1315
v -2.7425 0.9950 1.4015
v -2.5892 1.0731 1.4015
v -2.7425 0.9950 1.1315
v -2.8642 0.8733 1.1315
v -2.8642 0.8733 1.4015
v -2.7425 0.9950 1.4015
v -2.8642 0.8733 1.1315
v -2.9423 0.7200 1.1315
v -2.9423 0.7200 1.4015
v -2.8642 0.8733 1.4015
v -2.9423 0.7200 1.1315
v -2.9692 0.5500 1.1315
v -2.9692 0.5500 1.4015
v -2.9423 0.7200 1.4015
v -2.9692 0.5500 1.1315
v -2.9423 0.3800 1.1315
v -2.9423 0.3800 1.4015
v -2.9692 0.5500 1.4015
v -2.9423 0.3800 1.1315
v -2.8642 0.2267 1.1315
v -2.8642 0.2267 1.4015
v -2.9423 0.3800 1.4015
v -2.8642 0.2267 1.1315
v -2.7425 0.1050 1.1315
v -2.7425 0.1050 1.4015
v -2.8642 0.2267 1.4015
v -2.7425 0.1050 1.1315
v -2.5892 0.0269 1.1315
v -2.5892 0.0269 1.4015
v -2.7425 0.1050 1.4015
v -2.5892 0.0269 1.1315
v -2.4192 0.0000 1.1315
v -2.4192 0.0000 1.4015
v -2.5892 0.0269 1.4015
v -2.4192 0.0000 1.1315
v -2.2492 0.0269 1.1315
v -2.2492 0.0269 1.4015
v -2.4192 0.0000 1.4015
v -2.2492 0.0269 1.1315
v -2.0959 0.1050 1.1315
v -2.0959 0.1050 1.4015
v -2.2492 0.0269 1.4015
v -2.0959 0.1050 1.1315
v -1.9742 0.2267 1.1315
v -1.9742 0.2267 1.4015
v -2.0959 0.1050 1.4015
v -1.9742 0.2267 1.1315
v -1.8961 0.3800 1.1315
v -1.8961 0.3800 1.4015
v -1.9742 0.2267 1.4015
v -1.8961 0.3800 1.1315
v -1.8692 0.5500 1.1315
v -1.8692 0.5500 1.4015
v -1.8961 0.3800 1.4015
v -2.4192 0.5500 1.1315
v -1.8961 0.7200 1.1315
v -1.8692 0.5500 1.1315
v -2.4192 0.5500 1.4015
v -1.8692 0.5500 1.4015
v -1.8961 0.7200 1.4015
v -2.4192 0.5500 1.1315
v -1.9742 0.8733 1.1315
v -1.8961 0.7200 1.1315
v -2.4192 0.5500 1.4015
v -1.8961 0.7200 1.4015
v -1.9742 0.8733 1.4015
v -2.4192 0.5500 1.1315
v -2.0959 0.9950 1.1315
v -1.9742 0.8733 1.1315
v -2.4192 0.5500 1.4015
v -1.9742 0.8733 1.4015
v -2.0959 0.9950 1.4015
v -2.4192 0.5500 1.1315
v -2.2492 1.0731 1.1315
v -2.0959 0.9950 1.1315
v -2.4192 0.5500 1.4015
v -2.0959 0.9950 1.4015
v -2.2492 1.0731 1.4015
v -2.4192 0.5500 1.1315
v -2.4192 1.1000 1.1315
v -2.2492 1.0731 1.1315
v -2.4192 0.5500 1.4015
v -2.2492 1.0731 1.4015
v -2.4192 1.1000 1.4015
v -2.4192 0.5500 1.1315
v -2.5892 1.0731 1.1315
v -2.4192 1.1000 1.1315
v -2.4192 0.5500 1.4015
v -2.4192 1.1000 1.4015
v -2.5892 1.0731 1.4015
v -2.4192 0.5500 1.1315
v -2.7425 0.9950 1.1315
v -2.5892 1.0731 1.1315
v -2.4192 0.5500 1.4015
v -2.5892 1.0731 1.4015
v -2.7425 0.9950 1.4015
v -2.4192 0.5500 1.1315
v -2.8642 0.8733 1.1315
v -2.7425 0.9950 1.1315
v -2.4192 0.5500 1.4015
v -2.7425 0.9950 1.4015
v -2.8642 0.8733 1.4015
v -2.4192 0.5500 1.1315
v -2.9423 0.7200 1.1315
v -2.8642 0.8733 1.1315
v -2.4192 0.5500 1.4015
v -2.8642 0.8733 1.4015
v -2.9423 0.7200 1.4015
v -2.4192 0.5500 1.1315
v -2.9692 0.5500 1.1315
v -2.9423 0.7200 1.1315
v -2.4192 0.5500 1.4015
v -2.9423 0.7200 1.4015
v -2.9692 0.5500 1.4015
v -2.4192 0.5500 1.1315
v -2.9423 0.3800 1.1315
v -2.9692 0.5500 1.1315
v -2.4192 0.5500 1.4015
v -2.9692 0.5500 1.4015
v -2.9423 0.3800 1.4015
v -2.4192 0.5500 1.1315
v -2.8642 0.2267 1.1315
v -2.9423 0.3800 1.1315
v -2.4192 0.5500 1.4015
v -2.9423 0.3800 1.4015
v -2.8642 0.2267 1.4015
v -2.4192 0.5500 1.1315
v -2.7425 0.1050 1.1315
v -2.8642 0.2267 1.1315
v -2.4192 0.5500 1.4015
v -2.8642 0.2267 1.4015
v -2.7425 0.1050 1.4015
v -2.4192 0.5500 1.1315
v -2.5892 0.0269 1.1315
v -2.7425 0.1050 1.1315
v -2.4192 0.5500 1.4015
v -2.7425 0.1050 1.4015
v -2.5892 0.0269 1.4015
v -2.4192 0.5500 1.1315
v -2.4192 0.0000 1.1315
v -2.5892 0.0269 1.1315
v -2.4192 0.5500 1.4015
v -2.5892 0.0269 1.4015
v -2.4192 0.0000 1.4015
v -2.4192 0.5500 1.1315
v -2.2492 0.0269 1.1315
v -2.4192 0.0000 1.1315
v -2.4192 0.5500 1.4015
v -2.4192 0.0000 1.4015
v -2.2492 0.0269 1.4015
v -2.4192 0.5500 1.1315
v -2.0959 0.1050 1.1315
v -2.2492 0.0269 1.1315
v -2.4192 0.5500 1.4015
v -2.2492 0.0269 1.4015
v -2.0959 0.1050 1.4015
v -2.4192 0.5500 1.1315
v -1.9742 0.2267 1.1315
v -2.0959 0.1050 1.1315
v -2.4192 0.5500 1.4015
v -2.0959 0.1050 1.4015
v -1.9742 0.2267 1.4015
v -2.4192 0.5500 1.1315
v -1.8961 0.3800 1.1315
v -1.9742 0.2267 1.1315
v -2.4192 0.5500 1.4015
v -1.9742 0.2267 1.4015
v -1.8961 0.3800 1.4015
v -2.4192 0.5500 1.1315
v -1.8692 0.5500 1.1315
v -1.8961 0.3800 1.1315
v -2.4192 0.5500 1.4015
v -1.8961 0.3800 1.4015
v -1.8692 0.5500 1.4015
v -2.1882 0.5500 1.0978
v -2.2191 0.6655 1.0978
v -2.2191 0.6655 1.3813
v -2.1882 0.5500 1.3813
v -2.2191 0.6655 1.0978
v -2.3037 0.7501 1.0978
v -2.3037 0.7501 1.3813
v -2.2191 0.6655 1.3813
v -2.3037 0.7501 1.0978
v -2.4192 0.7810 1.0978
v -2.4192 0.7810 1.3813
v -2.3037 0.7501 1.3813
v -2.4192 0.7810 1.0978
v -2.5347 0.7501 1.0978
v -2.5347 0.7501 1.3813
v -2.4192 0.7810 1.3813
v -2.5347 0.7501 1.0978
v -2.6193 0.6655 1.0978
v -2.6193 0.6655 1.3813
v -2.5347 0.7501 1.3813
v -2.6193 0.6655 1.0978
v -2.6502 0.5500 1.0978
v -2.6502 0.5500 1.3813
v -2.6193 0.6655 1.3813
v -2.6502 0.5500 1.0978
v -2.6193 0.4345 1.0978
v -2.6193 0.4345 1.3813
v -2.6502 0.5500 1.3813
v -2.6193 0.4345 1.0978
v -2.5347 0.3499 1.0978
v -2.5347 0.3499 1.3813
v -2.6193 0.4345 1.3813
v -2.5347 0.3499 1.0978
v -2.4192 0.3190 1.0978
v -2.4192 0.3190 1.3813
v -2.5347 0.3499 1.3813
v -2.4192 0.3190 1.0978
v -2.3037 0.3499 1.0978
v -2.3037 0.3499 1.3813
v -2.4192 0.3190 1.3813
v -2.3037 0.3499 1.0978
v -2.2191 0.4345 1.0978
v -2.2191 0.4345 1.3813
v -2.3037 0.3499 1.3813
v -2.2191 0.4345 1.0978
v -2.1882 0.5500 1.0978
v -2.1882 0.5500 1.3813
v -2.2191 0.4345 1.3813
v -2.4192 0.5500 1.0978
v -2.2191 0.6655 1.0978
v -2.1882 0.5500 1.0978
v -2.4192 0.5500 1.3813
v -2.1882 0.5500 1.3813
v -2.2191 0.6655 1.3813
v -2.4192 0.5500 1.0978
v -2.3037 0.7501 1.0978
v -2.2191 0.6655 1.0978
v -2.4192 0.5500 1.3813
v -2.2191 0.6655 1.3813
v -2.3037 0.7501 1.3813
v -2.4192 0.5500 1.0978
v -2.4192 0.7810 1.0978
v -2.3037 0.7501 1.0978
v -2.4192 0.5500 1.3813
v -2.3037 0.7501 1.3813
v -2.4192 0.7810 1.3813
v -2.4192 0.5500 1.0978
v -2.5347 0.7501 1.0978
v -2.4192 0.7810 1.0978
v -2.4192 0.5500 1.3813
v -2.4192 0.7810 1.3813
v -2.5347 0.7501 1.3813
v -2.4192 0.5500 1.0978
v -2.6193 0.6655 1.0978
v -2.5347 0.7501 1.0978
v -2.4192 0.5500 1.3813
v -2.5347 0.7501 1.3813
v -2.6193 0.6655 1.3813
v -2.4192 0.5500 1.0978
v -2.6502 0.5500 1.0978
v -2.6193 0.6655 1.0978
v -2.4192 0.5500 1.3813
v -2.6193 0.6655 1.3813
v -2.6502 0.5500 1.3813
v -2.4192 0.5500 1.0978
v -2.6193 0.4345 1.0978
v -2.6502 0.5500 1.0978
v -2.4192 0.5500 1.3813
v -2.6502 0.5500 1.3813
v -2.6193 0.4345 1.3813
v -2.4192 0.5500 1.0978
v -2.5347 0.3499 1.0978
v -2.6193 0.4345 1.0978
v -2.4192 0.5500 1.3813
v -2.6193 0.4345 1.3813
v -2.5347 0.3499 1.3813
v -2.4192 0.5500 1.0978
v -2.4192 0.3190 1.0978
v -2.5347 0.3499 1.0978
v -2.4192 0.5500 1.3813
v -2.5347 0.3499 1.3813
v -2.4192 0.3190 1.3813
v -2.4192 0.5500 1.0978
v -2.3037 0.3499 1.0978
v -2.4192 0.3190 1.0978
v -2.4192 0.5500 1.3813
v -2.4192 0.3190 1.3813
v -2.3037 0.3499 1.3813
v -2.4192 0.5500 1.0978
v -2.2191 0.4345 1.0978
v -2.3037 0.3499 1.0978
v -2.4192 0.5500 1.3813
v -2.3037 0.3499 1.3813
v -2.2191 0.4345 1.3813
v -2.4192 0.5500 1.0978
v -2.1882 0.5500 1.0978
v -2.2191 0.4345 1.0978
v -2.4192 0.5500 1.3813
v -2.2191 0.4345 1.3813
v -2.1882 0.5500 1.3813
v -1.8692 0.5500 -1.4015
v -1.8961 0.7200 -1.4015
v -1.8961 0.7200 -1.1315
v -1.8692 0.5500 -1.1315
v -1.8961 0.7200 -1.4015
v -1.9742 0.8733 -1.4015
v -1.9742 0.8733 -1.1315
v -1.8961 0.7200 -1.1315
v -1.9742 0.8733 -1.4015
v -2.0959 0.9950 -1.4015
v -2.0959 0.9950 -1.1315
v -1.9742 0.8733 -1.1315
v -2.0959 0.9950 -1.4015
v -2.2492 1.0731 -1.4015
v -2.2492 1.0731 -1.1315
v -2.0959 0.9950 -1.1315
v -2.2492 1.0731 -1.4015
v -2.4192 1.1000 -1.4015
v -2.4192 1.1000 -1.1315
v -2.2492 1.0731 -1.1315
v -2.4192 1.1000 -1.4015
v -2.5892 1.0731 -1.4015
v -2.5892 1.0731 -1.1315
v -2.4192 1.1000 -1.1315
v -2.5892 1.0731 -1.4015
v -2.7425 0.9950 -1.4015
v -2.7425 0.9950 -1.1315
v -2.5892 1.0731 -1.1315
v -2.7425 0.9950 -1.4015
v -2.8642 0.8733 -1.4015
v -2.8642 0.8733 -1.1315
v -2.7425 0.9950 -1.1315
v -2.8642 0.8733 -1.4015
v -2.9423 0.7200 -1.4015
v -2.9423 0.7200 -1.1315
v -2.8642 0.8733 -1.1315
v -2.9423 0.7200 -1.4015
v -2.9692 0.5500 -1.4015
v -2.9692 0.5500 -1.1315
v -2.9423 0.7200 -1.1315
v -2.9692 0.5500 -1.4015
v -2.9423 0.3800 -1.4015
v -2.9423 0.3800 -1.1315
v -2.9692 0.5500 -1.1315
v -2.9423 0.3800 -1.4015
v -2.8642 0.2267 -1.4015
v -2.8642 0.2267 -1.1315
v -2.9423 0.3800 -1.1315
v -2.8642 0.2267 -1.4015
v -2.7425 0.1050 -1.4015
v -2.7425 0.1050 -1.1315
v -2.8642 0.2267 -1.1315
v -2.7425 0.1050 -1.4015
v -2.5892 0.0269 -1.4015
v -2.5892 0.0269 -1.1315
v -2.7425 0.1050 -1.1315
v -2.5892 0.0269 -1.4015
v -2.4192 0.0000 -1.4015
v -2.4192 0.0000 -1.1315
v -2.5892 0.0269 -1.1315
v -2.4192 0.0000 -1.4015
v -2.2492 0.0269 -1.4015
v -2.2492 0.0269 -1.1315
v -2.4192 0.0000 -1.1315
v -2.2492 0.0269 -1.4015
v -2.0959 0.1050 -1.4015
v -2.0959 0.1050 -1.1315
v -2.2492 0.0269 -1.1315
v -2.0959 0.1050 -1.4015
v -1.9742 0.2267 -1.4015
v -1.9742 0.2267 -1.1315
v -2.0959 0.1050 -1.1315
v -1.9742 0.2267 -1.4015
v -1.8961 0.3800 -1.4015
v -1.8961 0.3800 -1.1315
v -1.9742 0.2267 -1.1315
v -1.8961 0.3800 -1.4015
v -1.8692 0.5500 -1.4015
v -1.8692 0.5500 -1.1315
v -1.8961 0.3800 -1.1315
v -2.4192 0.5500 -1.4015
v -1.8961 0.7200 -1.4015
v -1.8692 0.5500 -1.4015
v -2.4192 0.5500 -1.1315
v -1.8692 0.5500 -1.1315
v -1.8961 0.7200 -1.1315
v -2.4192 0.5500 -1.4015
v -1.9742 0.8733 -1.4015
v -1.8961 0.7200 -1.4015
v -2.4192 0.5500 -1.1315
v -1.8961 0.7200 -1.1315
v -1.9742 0.8733 -1.1315
v -2.4192 0.5500 -1.4015
v -2.0959 0.9950 -1.4015
v -1.9742 0.8733 -1.4015
v -2.4192 0.5500 -1.1315
v -1.9742 0.8733 -1.1315
v -2.0959 0.9950 -1.1315
v -2.4192 0.5500 -1.4015
v -2.2492 1.0731 -1.4015
v -2.0959 0.9950 -1.4015
v -2.4192 0.5500 -1.1315
v -2.0959 0.9950 -1.1315
v -2.2492 1.0731 -1.1315
v -2.4192 0.5500 -1.4015
v -2.4192 1.1000 -1.4015
v -2.2492 1.0731 -1.4015
v -2.4192 0.5500 -1.1315
v -2.2492 1.0731 -1.1315
v -2.4192 1.1000 -1.1315
v -2.4192 0.5500 -1.4015
v -2.5892 1.0731 -1.4015
v -2.4192 1.1000 -1.4015
v -2.4192 0.5500 -1.1315
v -2.4192 1.1000 -1.1315
v -2.5892 1.0731 -1.1315
v -2.4192 0.5500 -1.4015
v -2.7425 0.9950 -1.4015
v -2.5892 1.0731 -1.4015
v -2.4192 0.5500 -1.1315
v -2.5892 1.0731 -1.1315
v -2.7425 0.9950 -1.1315
v -2.4192 0.5500 -1.4015
v -2.8642 0.8733 -1.4015
v -2.7425 0.9950 -1.4015
v -2.4192 0.5500 -1.1315
v -2.7425 0.9950 -1.1315
v -2.8642 0.8733 -1.1315
v -2.4192 0.5500 -1.4015
v -2.9423 0.7200 -1.4015
v -2.8642 0.8733 -1.4015
v -2.4192 0.5500 -1.1315
v -2.8642 0.8733 -1.1315
v -2.9423 0.7200 -1.1315
v -2.4192 0.5500 -1.4015
v -2.9692 0.5500 -1.4015
v -2.9423 0.7200 -1.4015
v -2.4192 0.5500 -1.1315
v -2.9423 0.7200 -1.1315
v -2.9692 0.5500 -1.1315
v -2.4192 0.5500 -1.4015
v -2.9423 0.3800 -1.4015
v -2.9692 0.5500 -1.4015
v -2.4192 0.5500 -1.1315
v -2.9692 0.5500 -1.1315
v -2.9423 0.3800 -1.1315
v -2.4192 0.5500 -1.4015
v -2.8642 0.2267 -1.4015
v -2.9423 0.3800 -1.4015
v -2.4192 0.5500 -1.1315
v -2.9423 0.3800 -1.1315
v -2.8642 0.2267 -1.1315
v -2.4192 0.5500 -1.4015
v -2.7425 0.1050 -1.4015
v -2.8642 0.2267 -1.4015
v -2.4192 0.5500 -1.1315
v -2.8642 0.2267 -1.1315
v -2.7425 0.1050 -1.1315
v -2.4192 0.5500 -1.4015
v -2.5892 0.0269 -1.4015
v -2.7425 0.1050 -1.4015
v -2.4192 0.5500 -1.1315
v -2.7425 0.1050 -1.1315
v -2.5892 0.0269 -1.1315
v -2.4192 0.5500 -1.4015
v -2.4192 0.0000 -1.4015
v -2.5892 0.0269 -1.4015
v -2.4192 0.5500 -1.1315
v -2.5892 0.0269 -1.1315
v -2.4192 0.0000 -1.1315
v -2.4192 0.5500 -1.4015
v -2.2492 0.0269 -1.4015
v -2.4192 0.0000 -1.4015
v -2.4192 0.5500 -1.1315
v -2.4192 0.0000 -1.1315
v -2.2492 0.0269 -1.1315
v -2.4192 0.5500 -1.4015
v -2.0959 0.1050 -1.4015
v -2.2492 0.0269 -1.4015
v -2.4192 0.5500 -1.1315
v -2.2492 0.0269 -1.1315
v -2.0959 0.1050 -1.1315
v -2.4192 0.5500 -1.4015
v -1.9742 0.2267 -1.4015
v -2.0959 0.1050 -1.4015
v -2.4192 0.5500 -1.1315
v -2.0959 0.1050 -1.1315
v -1.9742 0.2267 -1.1315
v -2.4192 0.5500 -1.4015
v -1.8961 0.3800 -1.4015
v -1.9742 0.2267 -1.4015
v -2.4192 0.5500 -1.1315
v -1.9742 0.2267 -1.1315
v -1.8961 0.3800 -1.1315
v -2.4192 0.5500 -1.4015
v -1.8692 0.5500 -1.4015
v -1.8961 0.3800 -1.4015
v -2.4192 0.5500 -1.1315
v -1.8961 0.3800 -1.1315
v -1.8692 0.5500 -1.1315
v -2.1882 0.5500 -1.3813
v -2.2191 0.6655 -1.3813
v -2.2191 0.6655 -1.0978
v -2.1882 0.5500 -1.0978
v -2.2191 0.6655 -1.3813
v -2.3037 0.7501 -1.3813
v -2.3037 0.7501 -1.0978
v -2.2191 0.6655 -1.0978
v -2.3037 0.7501 -1.3813
v -2.4192 0.7810 -1.3813
v -2.4192 0.7810 -1.0978
v -2.3037 0.7501 -1.0978
v -2.4192 0.7810 -1.3813
v -2.5347 0.7501 -1.3813
v -2.5347 0.7501 -1.0978
v -2.4192 0.7810 -1.0978
v -2.5347 0.7501 -1.3813
v -2.6193 0.6655 -1.3813
v -2.6193 0.6655 -1.0978
v -2.5347 0.7501 -1.0978
v -2.6193 0.6655 -1.3813
v -2.6502 0.5500 -1.3813
v -2.6502 0.5500 -1.0978
v -2.6193 0.6655 -1.0978
v -2.6502 0.5500 -1.3813
v -2.6193 0.4345 -1.3813
v -2.6193 0.4345 -1.0978
v -2.6502 0.5500 -1.0978
v -2.6193 0.4345 -1.3813
v -2.5347 0.3499 -1.3813
v -2.5347 0.3499 -1.0978
v -2.6193 0.4345 -1.0978
v -2.5347 0.3499 -1.3813
v -2.4192 0.3190 -1.3813
v -2.4192 0.3190 -1.0978
v -2.5347 0.3499 -1.0978
v -2.4192 0.3190 -1.3813
v -2.3037 0.3499 -1.3813
v -2.3037 0.3499 -1.0978
v -2.4192 0.3190 -1.0978
v -2.3037 0.3499 -1.3813
v -2.2191 0.4345 -1.3813
v -2.2191 0.4345 -1.0978
v -2.3037 0.3499 -1.0978
v -2.2191 0.4345 -1.3813
v -2.1882 0.5500 -1.3813
v -2.1882 0.5500 -1.0978
v -2.2191 0.4345 -1.0978
v -2.4192 0.5500 -1.3813
v -2.2191 0.6655 -1.3813
v -2.1882 0.5500 -1.3813
v -2.4192 0.5500 -1.0978
v -2.1882 0.5500 -1.0978
v -2.2191 0.6655 -1.0978
v -2.4192 0.5500 -1.3813
v -2.3037 0.7501 -1.3813
v -2.2191 0.6655 -1.3813
v -2.4192 0.5500 -1.0978
v -2.2191 0.6655 -1.0978
v -2.3037 0.7501 -1.0978
v -2.4192 0.5500 -1.3813
v -2.4192 0.7810 -1.3813
v -2.3037 0.7501 -1.3813
v -2.4192 0.5500 -1.0978
v -2.3037 0.7501 -1.0978
v -2.4192 0.7810 -1.0978
v -2.4192 0.5500 -1.3813
v -2.5347 0.7501 -1.3813
v -2.4192 0.7810 -1.3813
v -2.4192 0.5500 -1.0978
v -2.4192 0.7810 -1.0978
v -2.5347 0.7501 -1.0978
v -2.4192 0.5500 -1.3813
v -2.6193 0.6655 -1.3813
v -2.5347 0.7501 -1.3813
v -2.4192 0.5500 -1.0978
v -2.5347 0.7501 -1.0978
v -2.6193 0.6655 -1.0978
v -2.4192 0.5500 -1.3813
v -2.6502 0.5500 -1.3813
v -2.6193 0.6655 -1.3813
v -2.4192 0.5500 -1.0978
v -2.6193 0.6655 -1.0978
v -2.6502 0.5500 -1.0978
v -2.4192 0.5500 -1.3813
v -2.6193 0.4345 -1.3813
v -2.6502 0.5500 -1.3813
v -2.4192 0.5500 -1.0978
v -2.6502 0.5500 -1.0978
v -2.6193 0.4345 -1.0978
v -2.4192 0.5500 -1.3813
v -2.5347 0.3499 -1.3813
v -2.6193 0.4345 -1.3813
v -2.4192 0.5500 -1.0978
v -2.6193 0.4345 -1.0978
v -2.5347 0.3499 -1.0978
v -2.4192 0.5500 -1.3813
v -2.4192 0.3190 -1.3813
v -2.5347 0.3499 -1.3813
v -2.4192 0.5500 -1.0978
v -2.5347 0.3499 -1.0978
v -2.4192 0.3190 -1.0978
v -2.4192 0.5500 -1.3813
v -2.3037 0.3499 -1.3813
v -2.4192 0.3190 -1.3813
v -2.4192 0.5500 -1.0978
v -2.4192 0.3190 -1.0978
v -2.3037 0.3499 -1.0978
v -2.4192 0.5500 -1.3813
v -2.2191 0.4345 -1.3813
v -2.3037 0.3499 -1.3813
v -2.4192 0.5500 -1.0978
v -2.3037 0.3499 -1.0978
v -2.2191 0.4345 -1.0978
v -2.4192 0.5500 -1.3813
v -2.1882 0.5500 -1.3813
v -2.2191 0.4345 -1.3813
v -2.4192 0.5500 -1.0978
v -2.2191 0.4345 -1.0978
v -2.1882 0.5500 -1.0978
v -2.9142 0.6490 1.1045
v -2.9142 0.7150 1.1045
v 2.9898 0.7150 1.1045
v 2.9898 0.6490 1.1045
v -2.9142 0.6490 1.4050
v 2.9898 0.6490 1.4050
v 2.9898 0.7150 1.4050
v -2.9142 0.7150 1.4050
v -2.9142 0.6490 1.1045
v 2.9898 0.6490 1.1045
v 2.9898 0.6490 1.4050
v -2.9142 0.6490 1.4050
v 2.9898 0.7150 1.1045
v -2.9142 0.7150 1.1045
v -2.9142 0.7150 1.4050
v 2.9898 0.7150 1.4050
v 2.9898 0.6490 1.1045
v 2.9898 0.7150 1.1045
v 2.9898 0.7150 1.4050
v 2.9898 0.6490 1.4050
v -2.9142 0.6490 1.1045
v -2.9142 0.6490 1.4050
v -2.9142 0.7150 1.4050
v -2.9142 0.7150 1.1045
v -2.9142 0.6490 -1.4050
v -2.9142 0.7150 -1.4050
v 2.9898 0.7150 -1.4050
v 2.9898 0.6490 -1.4050
v -2.9142 0.6490 -1.1045
v 2.9898 0.6490 -1.1045
v 2.9898 0.7150 -1.1045
v -2.9142 0.7150 -1.1045
v -2.9142 0.6490 -1.4050
v 2.9898 0.6490 -1.4050
v 2.9898 0.6490 -1.1045
v -2.9142 0.6490 -1.1045
v 2.9898 0.7150 -1.4050
v -2.9142 0.7150 -1.4050
v -2.9142 0.7150 -1.1045
v 2.9898 0.7150 -1.1045
v 2.9898 0.6490 -1.4050
v 2.9898 0.7150 -1.4050
v 2.9898 0.7150 -1.1045
v 2.9898 0.6490 -1.1045
v -2.9142 0.6490 -1.4050
v -2.9142 0.6490 -1.1045
v -2.9142 0.7150 -1.1045
v -2.9142 0.7150 -1.4050
vn -0.6755 -0.5407 -0.5013
vn -0.6755 -0.5407 -0.5013
vn -0.6755 -0.5407 -0.5013
vn -0.6755 -0.5407 -0.5013
vn -0.7523 0.1125 -0.6491
vn -0.7523 0.1125 -0.6491
vn -0.7523 0.1125 -0.6491
vn -0.7523 0.1125 -0.6491
vn -0.6864 0.6632 -0.2983
vn -0.6864 0.6632 -0.2983
vn -0.6864 0.6632 -0.2983
vn -0.6864 0.6632 -0.2983
vn -0.5360 0.8442 0.0000
vn -0.5360 0.8442 0.0000
vn -0.5360 0.8442 0.0000
vn -0.5360 0.8442 0.0000
vn -0.4293 0.8237 0.3704
vn -0.4293 0.8237 0.3704
vn -0.4293 0.8237 0.3704
vn -0.4293 0.8237 0.3704
vn -0.7988 0.1027 0.5928
vn -0.7988 0.1027 0.5928
vn -0.7988 0.1027 0.5928
vn -0.7988 0.1027 0.5928
vn -0.6815 -0.5367 0.4975
vn -0.6815 -0.5367 0.4975
vn -0.6815 -0.5367 0.4975
vn -0.6815 -0.5367 0.4975
vn -0.3473 -0.9377 0.0000
vn -0.3473 -0.9377 0.0000
vn -0.3473 -0.9377 0.0000
vn -0.3473 -0.9377 0.0000
vn -0.1188 -0.7199 -0.6838
vn -0.1188 -0.7199 -0.6838
vn -0.1188 -0.7199 -0.6838
vn -0.1188 -0.7199 -0.6838
vn -0.1418 0.2828 -0.9486
vn -0.1418 0.2828 -0.9486
vn -0.1418 0.2828 -0.9486
vn -0.1418 0.2828 -0.9486
vn -0.1240 0.6206 -0.7743
vn -0.1240 0.6206 -0.7743
vn -0.1240 0.6206 -0.7743
vn -0.1240 0.6206 -0.7743
vn -0.0566 0.9984 0.0000
vn -0.0566 0.9984 0.0000
vn -0.0566 0.9984 0.0000
vn -0.0566 0.9984 0.0000
vn -0.1158 0.6212 0.7750
vn -0.1158 0.6212 0.7750
vn -0.1158 0.6212 0.7750
vn -0.1158 0.6212 0.7750
vn -0.1643 0.2818 0.9453
vn -0.1643 0.2818 0.9453
vn -0.1643 0.2818 0.9453
vn -0.1643 0.2818 0.9453
vn -0.1129 -0.7204 0.6843
vn -0.1129 -0.7204 0.6843
vn -0.1129 -0.7204 0.6843
vn -0.1129 -0.7204 0.6843
vn -0.0378 -0.9993 0.0000
vn -0.0378 -0.9993 0.0000
vn -0.0378 -0.9993 0.0000
vn -0.0378 -0.9993 0.0000
vn -0.0022 -0.7333 -0.6799
vn -0.0022 -0.7333 -0.6799
vn -0.0022 -0.7333 -0.6799
vn -0.0022 -0.7333 -0.6799
vn -0.0026 0.3246 -0.9458
vn -0.0026 0.3246 -0.9458
vn -0.0026 0.3246 -0.9458
vn -0.0026 0.3246 -0.9458
vn -0.0017 0.6103 -0.7921
vn -0.0017 0.6103 -0.7921
vn -0.0017 0.6103 -0.7921
vn -0.0017 0.6103 -0.7921
vn 0.0000 1.0000 0.0000
vn 0.0000 1.0000 0.0000
vn 0.0000 1.0000 0.0000
vn 0.0000 1.0000 0.0000
vn -0.0022 0.6103 0.7921
vn -0.0022 0.6103 0.7921
vn -0.0022 0.6103 0.7921
vn -0.0022 0.6103 0.7921
vn -0.0030 0.3246 0.9458
vn -0.0030 0.3246 0.9458
vn -0.0030 0.3246 0.9458
vn -0.0030 0.3246 0.9458
vn -0.0016 -0.7333 0.6799
vn -0.0016 -0.7333 0.6799
vn -0.0016 -0.7333 0.6799
vn -0.0016 -0.7333 0.6799
vn 0.0000 -1.0000 0.0000
vn 0.0000 -1.0000 0.0000
vn 0.0000 -1.0000 0.0000
vn 0.0000 -1.0000 0.0000
vn 0.0298 -0.7364 -0.6759
vn 0.0298 -0.7364 -0.6759
vn 0.0298 -0.7364 -0.6759
vn 0.0298 -0.7364 -0.6759
vn 0.0358 0.3273 -0.9442
vn 0.0358 0.3273 -0.9442
vn 0.0358 0.3273 -0.9442
vn 0.0358 0.3273 -0.9442
vn 0.0420 0.6136 -0.7885
vn 0.0420 0.6136 -0.7885
vn 0.0420 0.6136 -0.7885
vn 0.0420 0.6136 -0.7885
vn 0.0311 0.9995 0.0000
vn 0.0311 0.9995 0.0000
vn 0.0311 0.9995 0.0000
vn 0.0311 0.9995 0.0000
vn 0.0299 0.6139 0.7888
vn 0.0299 0.6139 0.7888
vn 0.0299 0.6139 0.7888
vn 0.0299 0.6139 0.7888
vn 0.0416 0.3273 0.9440
vn 0.0416 0.3273 0.9440
vn 0.0416 0.3273 0.9440
vn 0.0416 0.3273 0.9440
vn 0.0899 -0.7338 0.6734
vn 0.0899 -0.7338 0.6734
vn 0.0899 -0.7338 0.6734
vn 0.0899 -0.7338 0.6734
vn 0.0930 -0.9957 0.0000
vn 0.0930 -0.9957 0.0000
vn 0.0930 -0.9957 0.0000
vn 0.0930 -0.9957 0.0000
vn 0.1939 -0.7728 -0.6043
vn 0.1939 -0.7728 -0.6043
vn 0.1939 -0.7728 -0.6043
vn 0.1939 -0.7728 -0.6043
vn 0.2528 0.3112 -0.9161
vn 0.2528 0.3112 -0.9161
vn 0.2528 0.3112 -0.9161
vn 0.2528 0.3112 -0.9161
vn 0.2297 0.6113 -0.7574
vn 0.2297 0.6113 -0.7574
vn 0.2297 0.6113 -0.7574
vn 0.2297 0.6113 -0.7574
vn 0.1127 0.9936 0.0000
vn 0.1127 0.9936 0.0000
vn 0.1127 0.9936 0.0000
vn 0.1127 0.9936 0.0000
vn 0.2099 0.6140 0.7608
vn 0.2099 0.6140 0.7608
vn 0.2099 0.6140 0.7608
vn 0.2099 0.6140 0.7608
vn 0.2907 0.3078 0.9060
vn 0.2907 0.3078 0.9060
vn 0.2907 0.3078 0.9060
vn 0.2907 0.3078 0.9060
vn 0.5613 -0.6519 0.5098
vn 0.5613 -0.6519 0.5098
vn 0.5613 -0.6519 0.5098
vn 0.5613 -0.6519 0.5098
vn 0.5625 -0.8268 0.0000
vn 0.5625 -0.8268 0.0000
vn 0.5625 -0.8268 0.0000
vn 0.5625 -0.8268 0.0000
vn -0.1213 -0.9793 0.1620
vn -0.1213 -0.9793 0.1620
vn -0.1213 -0.9793 0.1620
vn -0.1213 -0.9793 0.1620
vn 0.5251 0.2432 -0.8156
vn 0.5251 0.2432 -0.8156
vn 0.5251 0.2432 -0.8156
vn 0.5251 0.2432 -0.8156
vn 0.5028 0.5629 -0.6560
vn 0.5028 0.5629 -0.6560
vn 0.5028 0.5629 -0.6560
vn 0.5028 0.5629 -0.6560
vn 0.3026 0.9531 0.0000
vn 0.3026 0.9531 0.0000
vn 0.3026 0.9531 0.0000
vn 0.3026 0.9531 0.0000
vn 0.4390 0.5851 0.6819
vn 0.4390 0.5851 0.6819
vn 0.4390 0.5851 0.6819
vn 0.4390 0.5851 0.6819
vn 0.5829 0.2321 0.7786
vn 0.5829 0.2321 0.7786
vn 0.5829 0.2321 0.7786
vn 0.5829 0.2321 0.7786
vn 0.7726 -0.6263 -0.1036
vn 0.7726 -0.6263 -0.1036
vn 0.7726 -0.6263 -0.1036
vn 0.7726 -0.6263 -0.1036
vn 0.7977 -0.6031 0.0000
vn 0.7977 -0.6031 0.0000
vn 0.7977 -0.6031 0.0000
vn 0.7977 -0.6031 0.0000
vn -0.8973 -0.1878 0.3995
vn -0.8973 -0.1878 0.3995
vn -0.8973 -0.1878 0.3995
vn -0.8973 -0.1878 0.3995
vn 0.8832 0.1046 -0.4572
vn 0.8832 0.1046 -0.4572
vn 0.8832 0.1046 -0.4572
vn 0.8832 0.1046 -0.4572
vn 0.8584 0.3859 -0.3380
vn 0.8584 0.3859 -0.3380
vn 0.8584 0.3859 -0.3380
vn 0.8584 0.3859 -0.3380
vn 0.6794 0.7338 0.0000
vn 0.6794 0.7338 0.0000
vn 0.6794 0.7338 0.0000
vn 0.6794 0.7338 0.0000
vn 0.7863 0.4647 0.4071
vn 0.7863 0.4647 0.4071
vn 0.7863 0.4647 0.4071
vn 0.7863 0.4647 0.4071
vn 0.9096 0.0927 0.4050
vn 0.9096 0.0927 0.4050
vn 0.9096 0.0927 0.4050
vn 0.9096 0.0927 0.4050
vn -0.2714 -0.4094 -0.8711
vn -0.2714 -0.4094 -0.8711
vn -0.2714 -0.4094 -0.8711
vn -0.2714 -0.4094 -0.8711
vn 0.9409 -0.3387 0.0000
vn 0.9409 -0.3387 0.0000
vn 0.9409 -0.3387 0.0000
vn 0.9409 -0.3387 0.0000
vn -1.0000 0.0000 0.0000
vn -1.0000 0.0000 0.0000
vn -1.0000 0.0000 0.0000
vn -1.0000 0.0000 0.0000
vn -1.0000 0.0000 0.0000
vn -1.0000 0.0000 0.0000
vn -1.0000 0.0000 0.0000
vn -1.0000 0.0000 0.0000
vn -1.0000 0.0000 0.0000
vn -1.0000 0.0000 0.0000
vn -1.0000 0.0000 0.0000
vn -1.0000 0.0000 0.0000
vn -1.0000 0.0000 0.0000
vn -1.0000 0.0000 0.0000
vn -1.0000 0.0000 0.0000
vn -1.0000 0.0000 0.0000
vn -1.0000 0.0000 0.0000
vn -1.0000 0.0000 0.0000
vn -1.0000 0.0000 0.0000
vn -1.0000 0.0000 0.0000
vn -1.0000 0.0000 0.0000
vn -1.0000 0.0000 0.0000
vn -1.0000 0.0000 0.0000
vn -1.0000 0.0000 0.0000
vn -1.0000 0.0000 0.0000
vn -1.0000 0.0000 0.0000
vn -1.0000 0.0000 0.0000
vn 1.0000 0.0000 0.0000
vn 1.0000 0.0000 0.0000
vn 1.0000 0.0000 0.0000
vn 1.0000 0.0000 0.0000
vn 1.0000 0.0000 0.0000
vn 1.0000 0.0000 0.0000
vn 1.0000 0.0000 0.0000
vn 1.0000 0.0000 0.0000
vn 1.0000 0.0000 0.0000
vn 1.0000 0.0000 0.0000
vn 1.0000 0.0000 0.0000
vn 1.0000 0.0000 0.0000
vn 1.0000 0.0000 0.0000
vn 1.0000 0.0000 0.0000
vn 1.0000 0.0000 0.0000
vn -1.0000 0.0000 0.0000
vn -1.0000 0.0000 0.0000
vn -1.0000 0.0000 0.0000
vn -1.0000 0.0000 0.0000
vn -1.0000 0.0000 0.0000
vn -1.0000 0.0000 0.0000
vn 0.0000 0.0000 -1.0000
vn 0.0000 0.0000 -1.0000
vn 0.0000 0.0000 -1.0000
vn 0.0000 0.0000 -1.0000
vn 0.0000 0.0000 1.0000
vn 0.0000 0.0000 1.0000
vn 0.0000 0.0000 1.0000
vn 0.0000 0.0000 1.0000
vn 0.0000 -1.0000 0.0000
vn 0.0000 -1.0000 0.0000
vn 0.0000 -1.0000 0.0000
vn 0.0000 -1.0000 0.0000
vn 0.0000 1.0000 0.0000
vn 0.0000 1.0000 0.0000
vn 0.0000 1.0000 0.0000
vn 0.0000 1.0000 0.0000
vn 1.0000 0.0000 0.0000
vn 1.0000 0.0000 0.0000
vn 1.0000 0.0000 0.0000
vn 1.0000 0.0000 0.0000
vn -1.0000 0.0000 0.0000
vn -1.0000 0.0000 0.0000
vn -1.0000 0.0000 0.0000
vn -1.0000 0.0000 0.0000
vn 0.9164 0.3564 0.1823
vn 0.9164 0.3564 0.1823
vn 0.9164 0.3564 0.1823
vn 0.9164 0.3564 0.1823
vn 0.7769 0.3564 0.5191
vn 0.7769 0.3564 0.5191
vn 0.7769 0.3564 0.5191
vn 0.7769 0.3564 0.5191
vn 0.5191 0.3564 0.7769
vn 0.5191 0.3564 0.7769
vn 0.5191 0.3564 0.7769
vn 0.5191 0.3564 0.7769
vn 0.1823 0.3564 0.9164
vn 0.1823 0.3564 0.9164
vn 0.1823 0.3564 0.9164
vn 0.1823 0.3564 0.9164
vn -0.1823 0.3564 0.9164
vn -0.1823 0.3564 0.9164
vn -0.1823 0.3564 0.9164
vn -0.1823 0.3564 0.9164
vn -0.5191 0.3564 0.7769
vn -0.5191 0.3564 0.7769
vn -0.5191 0.3564 0.7769
vn -0.5191 0.3564 0.7769
vn -0.7769 0.3564 0.5191
vn -0.7769 0.3564 0.5191
vn -0.7769 0.3564 0.5191
vn -0.7769 0.3564 0.5191
vn -0.9164 0.3564 0.1823
vn -0.9164 0.3564 0.1823
vn -0.9164 0.3564 0.1823
vn -0.9164 0.3564 0.1823
vn -0.9164 0.3564 -0.1823
vn -0.9164 0.3564 -0.1823
vn -0.9164 0.3564 -0.1823
vn -0.9164 0.3564 -0.1823
vn -0.7769 0.3564 -0.5191
vn -0.7769 0.3564 -0.5191
vn -0.7769 0.3564 -0.5191
vn -0.7769 0.3564 -0.5191
vn -0.5191 0.3564 -0.7769
vn -0.5191 0.3564 -0.7769
vn -0.5191 0.3564 -0.7769
vn -0.5191 0.3564 -0.7769
vn -0.1823 0.3564 -0.9164
vn -0.1823 0.3564 -0.9164
vn -0.1823 0.3564 -0.9164
vn -0.1823 0.3564 -0.9164
vn 0.1823 0.3564 -0.9164
vn 0.1823 0.3564 -0.9164
vn 0.1823 0.3564 -0.9164
vn 0.1823 0.3564 -0.9164
vn 0.5191 0.3564 -0.7769
vn 0.5191 0.3564 -0.7769
vn 0.5191 0.3564 -0.7769
vn 0.5191 0.3564 -0.7769
vn 0.7769 0.3564 -0.5191
vn 0.7769 0.3564 -0.5191
vn 0.7769 0.3564 -0.5191
vn 0.7769 0.3564 -0.5191
vn 0.9164 0.3564 -0.1823
vn 0.9164 0.3564 -0.1823
vn 0.9164 0.3564 -0.1823
vn 0.9164 0.3564 -0.1823
vn 0.0000 1.0000 0.0000
vn 0.0000 1.0000 0.0000
vn 0.0000 1.0000 0.0000
vn 0.0000 -1.0000 0.0000
vn 0.0000 -1.0000 0.0000
vn 0.0000 -1.0000 0.0000
vn 0.0000 1.0000 0.0000
vn 0.0000 1.0000 0.0000
vn 0.0000 1.0000 0.0000
vn 0.0000 -1.0000 0.0000
vn 0.0000 -1.0000 0.0000
vn 0.0000 -1.0000 0.0000
vn 0.0000 1.0000 0.0000
vn 0.0000 1.0000 0.0000
vn 0.0000 1.0000 0.0000
vn 0.0000 -1.0000 0.0000
vn 0.0000 -1.0000 0.0000
vn 0.0000 -1.0000 0.0000
vn 0.0000 1.0000 0.0000
vn 0.0000 1.0000 0.0000
vn 0.0000 1.0000 0.0000
vn 0.0000 -1.0000 0.0000
vn 0.0000 -1.0000 0.0000
vn 0.0000 -1.0000 0.0000
vn 0.0000 1.0000 0.0000
vn 0.0000 1.0000 0.0000
vn 0.0000 1.0000 0.0000
vn 0.0000 -1.0000 0.0000
vn 0.0000 -1.0000 0.0000
vn 0.0000 -1.0000 0.0000
vn 0.0000 1.0000 0.0000
vn 0.0000 1.0000 0.0000
vn 0.0000 1.0000 0.0000
vn 0.0000 -1.0000 0.0000
vn 0.0000 -1.0000 0.0000
vn 0.0000 -1.0000 0.0000
vn 0.0000 1.0000 0.0000
vn 0.0000 1.0000 0.0000
vn 0.0000 1.0000 0.0000
vn 0.0000 -1.0000 0.0000
vn 0.0000 -1.0000 0.0000
vn 0.0000 -1.0000 0.0000
vn 0.0000 1.0000 0.0000
vn 0.0000 1.0000 0.0000
vn 0.0000 1.0000 0.0000
vn 0.0000 -1.0000 0.0000
vn 0.0000 -1.0000 0.0000
vn 0.0000 -1.0000 0.0000
vn 0.0000 1.0000 0.0000
vn 0.0000 1.0000 0.0000
vn 0.0000 1.0000 0.0000
vn 0.0000 -1.0000 0.0000
vn 0.0000 -1.0000 0.0000
vn 0.0000 -1.0000 0.0000
vn 0.0000 1.0000 0.0000
vn 0.0000 1.0000 0.0000
vn 0.0000 1.0000 0.0000
vn 0.0000 -1.0000 0.0000
vn 0.0000 -1.0000 0.0000
vn 0.0000 -1.0000 0.0000
vn 0.0000 1.0000 0.0000
vn 0.0000 1.0000 0.0000
vn 0.0000 1.0000 0.0000
vn 0.0000 -1.0000 0.0000
vn 0.0000 -1.0000 0.0000
vn 0.0000 -1.0000 0.0000
vn 0.0000 1.0000 0.0000
vn 0.0000 1.0000 0.0000
vn 0.0000 1.0000 0.0000
vn 0.0000 -1.0000 0.0000
vn 0.0000 -1.0000 0.0000
vn 0.0000 -1.0000 0.0000
vn 0.0000 1.0000 0.0000
vn 0.0000 1.0000 0.0000
vn 0.0000 1.0000 0.0000
vn 0.0000 -1.0000 0.0000
vn 0.0000 -1.0000 0.0000
vn 0.0000 -1.0000 0.0000
vn 0.0000 1.0000 0.0000
vn 0.0000 1.0000 0.0000
vn 0.0000 1.0000 0.0000
vn 0.0000 -1.0000 0.0000
vn 0.0000 -1.0000 0.0000
vn 0.0000 -1.0000 0.0000
vn 0.0000 1.0000 0.0000
vn 0.0000 1.0000 0.0000
vn 0.0000 1.0000 0.0000
vn 0.0000 -1.0000 0.0000
vn 0.0000 -1.0000 0.0000
vn 0.0000 -1.0000 0.0000
vn 0.0000 1.0000 0.0000
vn 0.0000 1.0000 0.0000
vn 0.0000 1.0000 0.0000
vn 0.0000 -1.0000 0.0000
vn 0.0000 -1.0000 0.0000
vn 0.0000 -1.0000 0.0000
vn 0.0363 -0.3810 0.9239
vn 0.0363 -0.3810 0.9239
vn 0.0363 -0.3810 0.9239
vn 0.0363 -0.3810 0.9239
vn 0.0876 -0.9197 0.3827
vn 0.0876 -0.9197 0.3827
vn 0.0876 -0.9197 0.3827
vn 0.0876 -0.9197 0.3827
vn 0.0876 -0.9197 -0.3827
vn 0.0876 -0.9197 -0.3827
vn 0.0876 -0.9197 -0.3827
vn 0.0876 -0.9197 -0.3827
vn 0.0363 -0.3810 -0.9239
vn 0.0363 -0.3810 -0.9239
vn 0.0363 -0.3810 -0.9239
vn 0.0363 -0.3810 -0.9239
vn -0.0363 0.3810 -0.9239
vn -0.0363 0.3810 -0.9239
vn -0.0363 0.3810 -0.9239
vn -0.0363 0.3810 -0.9239
vn -0.0876 0.9197 -0.3827
vn -0.0876 0.9197 -0.3827
vn -0.0876 0.9197 -0.3827
vn -0.0876 0.9197 -0.3827
vn -0.0876 0.9197 0.3827
vn -0.0876 0.9197 0.3827
vn -0.0876 0.9197 0.3827
vn -0.0876 0.9197 0.3827
vn -0.0363 0.3810 0.9239
vn -0.0363 0.3810 0.9239
vn -0.0363 0.3810 0.9239
vn -0.0363 0.3810 0.9239
vn 0.9955 0.0948 0.0000
vn 0.9955 0.0948 0.0000
vn 0.9955 0.0948 0.0000
vn -0.9955 -0.0948 0.0000
vn -0.9955 -0.0948 0.0000
vn -0.9955 -0.0948 0.0000
vn 0.9955 0.0948 0.0000
vn 0.9955 0.0948 0.0000
vn 0.9955 0.0948 0.0000
vn -0.9955 -0.0948 -0.0000
vn -0.9955 -0.0948 -0.0000
vn -0.9955 -0.0948 -0.0000
vn 0.9955 0.0948 -0.0000
vn 0.9955 0.0948 -0.0000
vn 0.9955 0.0948 -0.0000
vn -0.9955 -0.0948 0.0000
vn -0.9955 -0.0948 0.0000
vn -0.9955 -0.0948 0.0000
vn 0.9955 0.0948 0.0000
vn 0.9955 0.0948 0.0000
vn 0.9955 0.0948 0.0000
vn -0.9955 -0.0948 0.0000
vn -0.9955 -0.0948 0.0000
vn -0.9955 -0.0948 0.0000
vn 0.9955 0.0948 0.0000
vn 0.9955 0.0948 0.0000
vn 0.9955 0.0948 0.0000
vn -0.9955 -0.0948 0.0000
vn -0.9955 -0.0948 0.0000
vn -0.9955 -0.0948 0.0000
vn 0.9955 0.0948 0.0000
vn 0.9955 0.0948 0.0000
vn 0.9955 0.0948 0.0000
vn -0.9955 -0.0948 -0.0000
vn -0.9955 -0.0948 -0.0000
vn -0.9955 -0.0948 -0.0000
vn 0.9955 0.0948 -0.0000
vn 0.9955 0.0948 -0.0000
vn 0.9955 0.0948 -0.0000
vn -0.9955 -0.0948 0.0000
vn -0.9955 -0.0948 0.0000
vn -0.9955 -0.0948 0.0000
vn 0.9955 0.0948 0.0000
vn 0.9955 0.0948 0.0000
vn 0.9955 0.0948 0.0000
vn -0.9955 -0.0948 0.0000
vn -0.9955 -0.0948 0.0000
vn -0.9955 -0.0948 0.0000
vn 0.9877 0.1564 0.0000
vn 0.9877 0.1564 0.0000
vn 0.9877 0.1564 0.0000
vn 0.9877 0.1564 0.0000
vn 0.8910 0.4540 0.0000
vn 0.8910 0.4540 0.0000
vn 0.8910 0.4540 0.0000
vn 0.8910 0.4540 0.0000
vn 0.7071 0.7071 0.0000
vn 0.7071 0.7071 0.0000
vn 0.7071 0.7071 0.0000
vn 0.7071 0.7071 0.0000
vn 0.4540 0.8910 0.0000
vn 0.4540 0.8910 0.0000
vn 0.4540 0.8910 0.0000
vn 0.4540 0.8910 0.0000
vn 0.1564 0.9877 0.0000
vn 0.1564 0.9877 0.0000
vn 0.1564 0.9877 0.0000
vn 0.1564 0.9877 0.0000
vn -0.1564 0.9877 0.0000
vn -0.1564 0.9877 0.0000
vn -0.1564 0.9877 0.0000
vn -0.1564 0.9877 0.0000
vn -0.4540 0.8910 0.0000
vn -0.4540 0.8910 0.0000
vn -0.4540 0.8910 0.0000
vn -0.4540 0.8910 0.0000
vn -0.7071 0.7071 0.0000
vn -0.7071 0.7071 0.0000
vn -0.7071 0.7071 0.0000
vn -0.7071 0.7071 0.0000
vn -0.8910 0.4540 0.0000
vn -0.8910 0.4540 0.0000
vn -0.8910 0.4540 0.0000
vn -0.8910 0.4540 0.0000
vn -0.9877 0.1564 0.0000
vn -0.9877 0.1564 0.0000
vn -0.9877 0.1564 0.0000
vn -0.9877 0.1564 0.0000
vn -0.9877 -0.1564 0.0000
vn -0.9877 -0.1564 0.0000
vn -0.9877 -0.1564 0.0000
vn -0.9877 -0.1564 0.0000
vn -0.8910 -0.4540 0.0000
vn -0.8910 -0.4540 0.0000
vn -0.8910 -0.4540 0.0000
vn -0.8910 -0.4540 0.0000
vn -0.7071 -0.7071 0.0000
vn -0.7071 -0.7071 0.0000
vn -0.7071 -0.7071 0.0000
vn -0.7071 -0.7071 0.0000
vn -0.4540 -0.8910 0.0000
vn -0.4540 -0.8910 0.0000
vn -0.4540 -0.8910 0.0000
vn -0.4540 -0.8910 0.0000
vn -0.1564 -0.9877 0.0000
vn -0.1564 -0.9877 0.0000
vn -0.1564 -0.9877 0.0000
vn -0.1564 -0.9877 0.0000
vn 0.1564 -0.9877 0.0000
vn 0.1564 -0.9877 0.0000
vn 0.1564 -0.9877 0.0000
vn 0.1564 -0.9877 0.0000
vn 0.4540 -0.8910 0.0000
vn 0.4540 -0.8910 0.0000
vn 0.4540 -0.8910 0.0000
vn 0.4540 -0.8910 0.0000
vn 0.7071 -0.7071 0.0000
vn 0.7071 -0.7071 0.0000
vn 0.7071 -0.7071 0.0000
vn 0.7071 -0.7071 0.0000
vn 0.8910 -0.4540 0.0000
vn 0.8910 -0.4540 0.0000
vn 0.8910 -0.4540 0.0000
vn 0.8910 -0.4540 0.0000
vn 0.9877 -0.1564 0.0000
vn 0.9877 -0.1564 0.0000
vn 0.9877 -0.1564 0.0000
vn 0.9877 -0.1564 0.0000
vn 0.0000 0.0000 -1.0000
vn 0.0000 0.0000 -1.0000
vn 0.0000 0.0000 -1.0000
vn 0.0000 0.0000 1.0000
vn 0.0000 0.0000 1.0000
vn 0.0000 0.0000 1.0000
vn 0.0000 0.0000 -1.0000
vn 0.0000 0.0000 -1.0000
vn 0.0000 0.0000 -1.0000
vn 0.0000 0.0000 1.0000
vn 0.0000 0.0000 1.0000
vn 0.0000 0.0000 1.0000
vn 0.0000 0.0000 -1.0000
vn 0.0000 0.0000 -1.0000
vn 0.0000 0.0000 -1.0000
vn 0.0000 0.0000 1.0000
vn 0.0000 0.0000 1.0000
vn 0.0000 0.0000 1.0000
vn 0.0000 0.0000 -1.0000
vn 0.0000 0.0000 -1.0000
vn 0.0000 0.0000 -1.0000
vn 0.0000 0.0000 1.0000
vn 0.0000 0.0000 1.0000
vn 0.0000 0.0000 1.0000
vn 0.0000 0.0000 -1.0000
vn 0.0000 0.0000 -1.0000
vn 0.0000 0.0000 -1.0000
vn 0.0000 0.0000 1.0000
vn 0.0000 0.0000 1.0000
vn 0.0000 0.0000 1.0000
vn 0.0000 0.0000 -1.0000
vn 0.0000 0.0000 -1.0000
vn 0.0000 0.0000 -1.0000
vn 0.0000 0.0000 1.0000
vn 0.0000 0.0000 1.0000
vn 0.0000 0.0000 1.0000
vn 0.0000 0.0000 -1.0000
vn 0.0000 0.0000 -1.0000
vn 0.0000 0.0000 -1.0000
vn 0.0000 0.0000 1.0000
vn 0.0000 0.0000 1.0000
vn 0.0000 0.0000 1.0000
vn 0.0000 0.0000 -1.0000
vn 0.0000 0.0000 -1.0000
vn 0.0000 0.0000 -1.0000
vn 0.0000 0.0000 1.0000
vn 0.0000 0.0000 1.0000
vn 0.0000 0.0000 1.0000
vn 0.0000 0.0000 -1.0000
vn 0.0000 0.0000 -1.0000
vn 0.0000 0.0000 -1.0000
vn 0.0000 0.0000 1.0000
vn 0.0000 0.0000 1.0000
vn 0.0000 0.0000 1.0000
vn 0.0000 0.0000 -1.0000
vn 0.0000 0.0000 -1.0000
vn 0.0000 0.0000 -1.0000
vn 0.0000 0.0000 1.0000
vn 0.0000 0.0000 1.0000
vn 0.0000 0.0000 1.0000
vn 0.0000 0.0000 -1.0000
vn 0.0000 0.0000 -1.0000
vn 0.0000 0.0000 -1.0000
vn 0.0000 0.0000 1.0000
vn 0.0000 0.0000 1.0000
vn 0.0000 0.0000 1.0000
vn 0.0000 0.0000 -1.0000
vn 0.0000 0.0000 -1.0000
vn 0.0000 0.0000 -1.0000
vn 0.0000 0.0000 1.0000
vn 0.0000 0.0000 1.0000
vn 0.0000 0.0000 1.0000
vn 0.0000 0.0000 -1.0000
vn 0.0000 0.0000 -1.0000
vn 0.0000 0.0000 -1.0000
vn 0.0000 0.0000 1.0000
vn 0.0000 0.0000 1.0000
vn 0.0000 0.0000 1.0000
vn 0.0000 0.0000 -1.0000
vn 0.0000 0.0000 -1.0000
vn 0.0000 0.0000 -1.0000
vn 0.0000 0.0000 1.0000
vn 0.0000 0.0000 1.0000
vn 0.0000 0.0000 1.0000
vn 0.0000 0.0000 -1.0000
vn 0.0000 0.0000 -1.0000
vn 0.0000 0.0000 -1.0000
vn 0.0000 0.0000 1.0000
vn 0.0000 0.0000 1.0000
vn 0.0000 0.0000 1.0000
vn 0.0000 0.0000 -1.0000
vn 0.0000 0.0000 -1.0000
vn 0.0000 0.0000 -1.0000
vn 0.0000 0.0000 1.0000
vn 0.0000 0.0000 1.0000
vn 0.0000 0.0000 1.0000
vn 0.0000 0.0000 -1.0000
vn 0.0000 0.0000 -1.0000
vn 0.0000 0.0000 -1.0000
vn 0.0000 0.0000 1.0000
vn 0.0000 0.0000 1.0000
vn 0.0000 0.0000 1.0000
vn 0.0000 0.0000 -1.0000
vn 0.0000 0.0000 -1.0000
vn 0.0000 0.0000 -1.0000
vn 0.0000 0.0000 1.0000
vn 0.0000 0.0000 1.0000
vn 0.0000 0.0000 1.0000
vn 0.0000 0.0000 -1.0000
vn 0.0000 0.0000 -1.0000
vn 0.0000 0.0000 -1.0000
vn 0.0000 0.0000 1.0000
vn 0.0000 0.0000 1.0000
vn 0.0000 0.0000 1.0000
vn 0.0000 0.0000 -1.0000
vn 0.0000 0.0000 -1.0000
vn 0.0000 0.0000 -1.0000
vn 0.0000 0.0000 1.0000
vn 0.0000 0.0000 1.0000
vn 0.0000 0.0000 1.0000
vn 0.9659 0.2588 0.0000
vn 0.9659 0.2588 0.0000
vn 0.9659 0.2588 0.0000
vn 0.9659 0.2588 0.0000
vn 0.7071 0.7071 0.0000
vn 0.7071 0.7071 0.0000
vn 0.7071 0.7071 0.0000
vn 0.7071 0.7071 0.0000
vn 0.2588 0.9659 0.0000
vn 0.2588 0.9659 0.0000
vn 0.2588 0.9659 0.0000
vn 0.2588 0.9659 0.0000
vn -0.2588 0.9659 0.0000
vn -0.2588 0.9659 0.0000
vn -0.2588 0.9659 0.0000
vn -0.2588 0.9659 0.0000
vn -0.7071 0.7071 0.0000
vn -0.7071 0.7071 0.0000
vn -0.7071 0.7071 0.0000
vn -0.7071 0.7071 0.0000
vn -0.9659 0.2588 0.0000
vn -0.9659 0.2588 0.0000
vn -0.9659 0.2588 0.0000
vn -0.9659 0.2588 0.0000
vn -0.9659 -0.2588 0.0000
vn -0.9659 -0.2588 0.0000
vn -0.9659 -0.2588 0.0000
vn -0.9659 -0.2588 0.0000
vn -0.7071 -0.7071 0.0000
vn -0.7071 -0.7071 0.0000
vn -0.7071 -0.7071 0.0000
vn -0.7071 -0.7071 0.0000
vn -0.2588 -0.9659 0.0000
vn -0.2588 -0.9659 0.0000
vn -0.2588 -0.9659 0.0000
vn -0.2588 -0.9659 0.0000
vn 0.2588 -0.9659 0.0000
vn 0.2588 -0.9659 0.0000
vn 0.2588 -0.9659 0.0000
vn 0.2588 -0.9659 0.0000
vn 0.7071 -0.7071 0.0000
vn 0.7071 -0.7071 0.0000
vn 0.7071 -0.7071 0.0000
vn 0.7071 -0.7071 0.0000
vn 0.9659 -0.2588 0.0000
vn 0.9659 -0.2588 0.0000
vn 0.9659 -0.2588 0.0000
vn 0.9659 -0.2588 0.0000
vn 0.0000 0.0000 -1.0000
vn 0.0000 0.0000 -1.0000
vn 0.0000 0.0000 -1.0000
vn 0.0000 0.0000 1.0000
vn 0.0000 0.0000 1.0000
vn 0.0000 0.0000 1.0000
vn 0.0000 0.0000 -1.0000
vn 0.0000 0.0000 -1.0000
vn 0.0000 0.0000 -1.0000
vn 0.0000 0.0000 1.0000
vn 0.0000 0.0000 1.0000
vn 0.0000 0.0000 1.0000
vn 0.0000 0.0000 -1.0000
vn 0.0000 0.0000 -1.0000
vn 0.0000 0.0000 -1.0000
vn 0.0000 0.0000 1.0000
vn 0.0000 0.0000 1.0000
vn 0.0000 0.0000 1.0000
vn 0.0000 0.0000 -1.0000
vn 0.0000 0.0000 -1.0000
vn 0.0000 0.0000 -1.0000
vn 0.0000 0.0000 1.0000
vn 0.0000 0.0000 1.0000
vn 0.0000 0.0000 1.0000
vn 0.0000 0.0000 -1.0000
vn 0.0000 0.0000 -1.0000
vn 0.0000 0.0000 -1.0000
vn 0.0000 0.0000 1.0000
vn 0.0000 0.0000 1.0000
vn 0.0000 0.0000 1.0000
vn 0.0000 0.0000 -1.0000
vn 0.0000 0.0000 -1.0000
vn 0.0000 0.0000 -1.0000
vn 0.0000 0.0000 1.0000
vn 0.0000 0.0000 1.0000
vn 0.0000 0.0000 1.0000
vn 0.0000 0.0000 -1.0000
vn 0.0000 0.0000 -1.0000
vn 0.0000 0.0000 -1.0000
vn 0.0000 0.0000 1.0000
vn 0.0000 0.0000 1.0000
vn 0.0000 0.0000 1.0000
vn 0.0000 0.0000 -1.0000
vn 0.0000 0.0000 -1.0000
vn 0.0000 0.0000 -1.0000
vn 0.0000 0.0000 1.0000
vn 0.0000 0.0000 1.0000
vn 0.0000 0.0000 1.0000
vn 0.0000 0.0000 -1.0000
vn 0.0000 0.0000 -1.0000
vn 0.0000 0.0000 -1.0000
vn 0.0000 0.0000 1.0000
vn 0.0000 0.0000 1.0000
vn 0.0000 0.0000 1.0000
vn 0.0000 0.0000 -1.0000
vn 0.0000 0.0000 -1.0000
vn 0.0000 0.0000 -1.0000
vn 0.0000 0.0000 1.0000
vn 0.0000 0.0000 1.0000
vn 0.0000 0.0000 1.0000
vn 0.0000 0.0000 -1.0000
vn 0.0000 0.0000 -1.0000
vn 0.0000 0.0000 -1.0000
vn 0.0000 0.0000 1.0000
vn 0.0000 0.0000 1.0000
vn 0.0000 0.0000 1.0000
vn 0.0000 0.0000 -1.0000
vn 0.0000 0.0000 -1.0000
vn 0.0000 0.0000 -1.0000
vn 0.0000 0.0000 1.0000
vn 0.0000 0.0000 1.0000
vn 0.0000 0.0000 1.0000
vn 0.9877 0.1564 0.0000
vn 0.9877 0.1564 0.0000
vn 0.9877 0.1564 0.0000
vn 0.9877 0.1564 0.0000
vn 0.8910 0.4540 0.0000
vn 0.8910 0.4540 0.0000
vn 0.8910 0.4540 0.0000
vn 0.8910 0.4540 0.0000
vn 0.7071 0.7071 0.0000
vn 0.7071 0.7071 0.0000
vn 0.7071 0.7071 0.0000
vn 0.7071 0.7071 0.0000
vn 0.4540 0.8910 0.0000
vn 0.4540 0.8910 0.0000
vn 0.4540 0.8910 0.0000
vn 0.4540 0.8910 0.0000
vn 0.1564 0.9877 0.0000
vn 0.1564 0.9877 0.0000
vn 0.1564 0.9877 0.0000
vn 0.1564 0.9877 0.0000
vn -0.1564 0.9877 0.0000
vn -0.1564 0.9877 0.0000
vn -0.1564 0.9877 0.0000
vn -0.1564 0.9877 0.0000
vn -0.4540 0.8910 0.0000
vn -0.4540 0.8910 0.0000
vn -0.4540 0.8910 0.0000
vn -0.4540 0.8910 0.0000
vn -0.7071 0.7071 0.0000
vn -0.7071 0.7071 0.0000
vn -0.7071 0.7071 0.0000
vn -0.7071 0.7071 0.0000
vn -0.8910 0.4540 0.0000
vn -0.8910 0.4540 0.0000
vn -0.8910 0.4540 0.0000
vn -0.8910 0.4540 0.0000
vn -0.9877 0.1564 0.0000
vn -0.9877 0.1564 0.0000
vn -0.9877 0.1564 0.0000
vn -0.9877 0.1564 0.0000
vn -0.9877 -0.1564 0.0000
vn -0.9877 -0.1564 0.0000
vn -0.9877 -0.1564 0.0000
vn -0.9877 -0.1564 0.0000
vn -0.8910 -0.4540 0.0000
vn -0.8910 -0.4540 0.0000
vn -0.8910 -0.4540 0.0000
vn -0.8910 -0.4540 0.0000
vn -0.7071 -0.7071 0.0000
vn -0.7071 -0.7071 0.0000
vn -0.7071 -0.7071 0.0000
vn -0.7071 -0.7071 0.0000
vn -0.4540 -0.8910 0.0000
vn -0.4540 -0.8910 0.0000
vn -0.4540 -0.8910 0.0000
vn -0.4540 -0.8910 0.0000
vn -0.1564 -0.9877 0.0000
vn -0.1564 -0.9877 0.0000
vn -0.1564 -0.9877 0.0000
vn -0.1564 -0.9877 0.0000
vn 0.1564 -0.9877 0.0000
vn 0.1564 -0.9877 0.0000
vn 0.1564 -0.9877 0.0000
vn 0.1564 -0.9877 0.0000
vn 0.4540 -0.8910 0.0000
vn 0.4540 -0.8910 0.0000
vn 0.4540 -0.8910 0.0000
vn 0.4540 -0.8910 0.0000
vn 0.7071 -0.7071 0.0000
vn 0.7071 -0.7071 0.0000
vn 0.7071 -0.7071 0.0000
vn 0.7071 -0.7071 0.0000
vn 0.8910 -0.4540 0.0000
vn 0.8910 -0.4540 0.0000
vn 0.8910 -0.4540 0.0000
vn 0.8910 -0.4540 0.0000
vn 0.9877 -0.1564 0.0000
vn 0.9877 -0.1564 0.0000
vn 0.9877 -0.1564 0.0000
vn 0.9877 -0.1564 0.0000
vn 0.0000 0.0000 -1.0000
vn 0.0000 0.0000 -1.0000
vn 0.0000 0.0000 -1.0000
vn 0.0000 0.0000 1.0000
vn 0.0000 0.0000 1.0000
vn 0.0000 0.0000 1.0000
vn 0.0000 0.0000 -1.0000
vn 0.0000 0.0000 -1.0000
vn 0.0000 0.0000 -1.0000
vn 0.0000 0.0000 1.0000
vn 0.0000 0.0000 1.0000
vn 0.0000 0.0000 1.0000
vn 0.0000 0.0000 -1.0000
vn 0.0000 0.0000 -1.0000
vn 0.0000 0.0000 -1.0000
vn 0.0000 0.0000 1.0000
vn 0.0000 0.0000 1.0000
vn 0.0000 0.0000 1.0000
vn 0.0000 0.0000 -1.0000
vn 0.0000 0.0000 -1.0000
vn 0.0000 0.0000 -1.0000
vn 0.0000 0.0000 1.0000
vn 0.0000 0.0000 1.0000
vn 0.0000 0.0000 1.0000
vn 0.0000 0.0000 -1.0000
vn 0.0000 0.0000 -1.0000
vn 0.0000 0.0000 -1.0000
vn 0.0000 0.0000 1.0000
vn 0.0000 0.0000 1.0000
vn 0.0000 0.0000 1.0000
vn 0.0000 0.0000 -1.0000
vn 0.0000 0.0000 -1.0000
vn 0.0000 0.0000 -1.0000
vn 0.0000 0.0000 1.0000
vn 0.0000 0.0000 1.0000
vn 0.0000 0.0000 1.0000
vn 0.0000 0.0000 -1.0000
vn 0.0000 0.0000 -1.0000
vn 0.0000 0.0000 -1.0000
vn 0.0000 0.0000 1.0000
vn 0.0000 0.0000 1.0000
vn 0.0000 0.0000 1.0000
vn 0.0000 0.0000 -1.0000
vn 0.0000 0.0000 -1.0000
vn 0.0000 0.0000 -1.0000
vn 0.0000 0.0000 1.0000
vn 0.0000 0.0000 1.0000
vn 0.0000 0.0000 1.0000
vn 0.0000 0.0000 -1.0000
vn 0.0000 0.0000 -1.0000
vn 0.0000 0.0000 -1.0000
vn 0.0000 0.0000 1.0000
vn 0.0000 0.0000 1.0000
vn 0.0000 0.0000 1.0000
vn 0.0000 0.0000 -1.0000
vn 0.0000 0.0000 -1.0000
vn 0.0000 0.0000 -1.0000
vn 0.0000 0.0000 1.0000
vn 0.0000 0.0000 1.0000
vn 0.0000 0.0000 1.0000
vn 0.0000 0.0000 -1.0000
vn 0.0000 0.0000 -1.0000
vn 0.0000 0.0000 -1.0000
vn 0.0000 0.0000 1.0000
vn 0.0000 0.0000 1.0000
vn 0.0000 0.0000 1.0000
vn 0.0000 0.0000 -1.0000
vn 0.0000 0.0000 -1.0000
vn 0.0000 0.0000 -1.0000
vn 0.0000 0.0000 1.0000
vn 0.0000 0.0000 1.0000
vn 0.0000 0.0000 1.0000
vn 0.0000 0.0000 -1.0000
vn 0.0000 0.0000 -1.0000
vn 0.0000 0.0000 -1.0000
vn 0.0000 0.0000 1.0000
vn 0.0000 0.0000 1.0000
vn 0.0000 0.0000 1.0000
vn 0.0000 0.0000 -1.0000
vn 0.0000 0.0000 -1.0000
vn 0.0000 0.0000 -1.0000
vn 0.0000 0.0000 1.0000
vn 0.0000 0.0000 1.0000
vn 0.0000 0.0000 1.0000
vn 0.0000 0.0000 -1.0000
vn 0.0000 0.0000 -1.0000
vn 0.0000 0.0000 -1.0000
vn 0.0000 0.0000 1.0000
vn 0.0000 0.0000 1.0000
vn 0.0000 0.0000 1.0000
vn 0.0000 0.0000 -1.0000
vn 0.0000 0.0000 -1.0000
vn 0.0000 0.0000 -1.0000
vn 0.0000 0.0000 1.0000
vn 0.0000 0.0000 1.0000
vn 0.0000 0.0000 1.0000
vn 0.0000 0.0000 -1.0000
vn 0.0000 0.0000 -1.0000
vn 0.0000 0.0000 -1.0000
vn 0.0000 0.0000 1.0000
vn 0.0000 0.0000 1.0000
vn 0.0000 0.0000 1.0000
vn 0.0000 0.0000 -1.0000
vn 0.0000 0.0000 -1.0000
vn 0.0000 0.0000 -1.0000
vn 0.0000 0.0000 1.0000
vn 0.0000 0.0000 1.0000
vn 0.0000 0.0000 1.0000
vn 0.0000 0.0000 -1.0000
vn 0.0000 0.0000 -1.0000
vn 0.0000 0.0000 -1.0000
vn 0.0000 0.0000 1.0000
vn 0.0000 0.0000 1.0000
vn 0.0000 0.0000 1.0000
vn 0.0000 0.0000 -1.0000
vn 0.0000 0.0000 -1.0000
vn 0.0000 0.0000 -1.0000
vn 0.0000 0.0000 1.0000
vn 0.0000 0.0000 1.0000
vn 0.0000 0.0000 1.0000
vn 0.9659 0.2588 0.0000
vn 0.9659 0.2588 0.0000
vn 0.9659 0.2588 0.0000
vn 0.9659 0.2588 0.0000
vn 0.7071 0.7071 0.0000
vn 0.7071 0.7071 0.0000
vn 0.7071 0.7071 0.0000
vn 0.7071 0.7071 0.0000
vn 0.2588 0.9659 0.0000
vn 0.2588 0.9659 0.0000
vn 0.2588 0.9659 0.0000
vn 0.2588 0.9659 0.0000
vn -0.2588 0.9659 0.0000
vn -0.2588 0.9659 0.0000
vn -0.2588 0.9659 0.0000
vn -0.2588 0.9659 0.0000
vn -0.7071 0.7071 0.0000
vn -0.7071 0.7071 0.0000
vn -0.7071 0.7071 0.0000
vn -0.7071 0.7071 0.0000
vn -0.9659 0.2588 0.0000
vn -0.9659 0.2588 0.0000
vn -0.9659 0.2588 0.0000
vn -0.9659 0.2588 0.0000
vn -0.9659 -0.2588 0.0000
vn -0.9659 -0.2588 0.0000
vn -0.9659 -0.2588 0.0000
vn -0.9659 -0.2588 0.0000
vn -0.7071 -0.7071 0.0000
vn -0.7071 -0.7071 0.0000
vn -0.7071 -0.7071 0.0000
vn -0.7071 -0.7071 0.0000
vn -0.2588 -0.9659 0.0000
vn -0.2588 -0.9659 0.0000
vn -0.2588 -0.9659 0.0000
vn -0.2588 -0.9659 0.0000
vn 0.2588 -0.9659 0.0000
vn 0.2588 -0.9659 0.0000
vn 0.2588 -0.9659 0.0000
vn 0.2588 -0.9659 0.0000
vn 0.7071 -0.7071 0.0000
vn 0.7071 -0.7071 0.0000
vn 0.7071 -0.7071 0.0000
vn 0.7071 -0.7071 0.0000
vn 0.9659 -0.2588 0.0000
vn 0.9659 -0.2588 0.0000
vn 0.9659 -0.2588 0.0000
vn 0.9659 -0.2588 0.0000
vn 0.0000 0.0000 -1.0000
vn 0.0000 0.0000 -1.0000
vn 0.0000 0.0000 -1.0000
vn 0.0000 0.0000 1.0000
vn 0.0000 0.0000 1.0000
vn 0.0000 0.0000 1.0000
vn 0.0000 0.0000 -1.0000
vn 0.0000 0.0000 -1.0000
vn 0.0000 0.0000 -1.0000
vn 0.0000 0.0000 1.0000
vn 0.0000 0.0000 1.0000
vn 0.0000 0.0000 1.0000
vn 0.0000 0.0000 -1.0000
vn 0.0000 0.0000 -1.0000
vn 0.0000 0.0000 -1.0000
vn 0.0000 0.0000 1.0000
vn 0.0000 0.0000 1.0000
vn 0.0000 0.0000 1.0000
vn 0.0000 0.0000 -1.0000
vn 0.0000 0.0000 -1.0000
vn 0.0000 0.0000 -1.0000
vn 0.0000 0.0000 1.0000
vn 0.0000 0.0000 1.0000
vn 0.0000 0.0000 1.0000
vn 0.0000 0.0000 -1.0000
vn 0.0000 0.0000 -1.0000
vn 0.0000 0.0000 -1.0000
vn 0.0000 0.0000 1.0000
vn 0.0000 0.0000 1.0000
vn 0.0000 0.0000 1.0000
vn 0.0000 0.0000 -1.0000
vn 0.0000 0.0000 -1.0000
vn 0.0000 0.0000 -1.0000
vn 0.0000 0.0000 1.0000
vn 0.0000 0.0000 1.0000
vn 0.0000 0.0000 1.0000
vn 0.0000 0.0000 -1.0000
vn 0.0000 0.0000 -1.0000
vn 0.0000 0.0000 -1.0000
vn 0.0000 0.0000 1.0000
vn 0.0000 0.0000 1.0000
vn 0.0000 0.0000 1.0000
vn 0.0000 0.0000 -1.0000
vn 0.0000 0.0000 -1.0000
vn 0.0000 0.0000 -1.0000
vn 0.0000 0.0000 1.0000
vn 0.0000 0.0000 1.0000
vn 0.0000 0.0000 1.0000
vn 0.0000 0.0000 -1.0000
vn 0.0000 0.0000 -1.0000
vn 0.0000 0.0000 -1.0000
vn 0.0000 0.0000 1.0000
vn 0.0000 0.0000 1.0000
vn 0.0000 0.0000 1.0000
vn 0.0000 0.0000 -1.0000
vn 0.0000 0.0000 -1.0000
vn 0.0000 0.0000 -1.0000
vn 0.0000 0.0000 1.0000
vn 0.0000 0.0000 1.0000
vn 0.0000 0.0000 1.0000
vn 0.0000 0.0000 -1.0000
vn 0.0000 0.0000 -1.0000
vn 0.0000 0.0000 -1.0000
vn 0.0000 0.0000 1.0000
vn 0.0000 0.0000 1.0000
vn 0.0000 0.0000 1.0000
vn 0.0000 0.0000 -1.0000
vn 0.0000 0.0000 -1.0000
vn 0.0000 0.0000 -1.0000
vn 0.0000 0.0000 1.0000
vn 0.0000 0.0000 1.0000
vn 0.0000 0.0000 1.0000
vn 0.9877 0.1564 0.0000
vn 0.9877 0.1564 0.0000
vn 0.9877 0.1564 0.0000
vn 0.9877 0.1564 0.0000
vn 0.8910 0.4540 0.0000
vn 0.8910 0.4540 0.0000
vn 0.8910 0.4540 0.0000
vn 0.8910 0.4540 0.0000
vn 0.7071 0.7071 0.0000
vn 0.7071 0.7071 0.0000
vn 0.7071 0.7071 0.0000
vn 0.7071 0.7071 0.0000
vn 0.4540 0.8910 0.0000
vn 0.4540 0.8910 0.0000
vn 0.4540 0.8910 0.0000
vn 0.4540 0.8910 0.0000
vn 0.1564 0.9877 0.0000
vn 0.1564 0.9877 0.0000
vn 0.1564 0.9877 0.0000
vn 0.1564 0.9877 0.0000
vn -0.1564 0.9877 0.0000
vn -0.1564 0.9877 0.0000
vn -0.1564 0.9877 0.0000
vn -0.1564 0.9877 0.0000
vn -0.4540 0.8910 0.0000
vn -0.4540 0.8910 0.0000
vn -0.4540 0.8910 0.0000
vn -0.4540 0.8910 0.0000
vn -0.7071 0.7071 0.0000
vn -0.7071 0.7071 0.0000
vn -0.7071 0.7071 0.0000
vn -0.7071 0.7071 0.0000
vn -0.8910 0.4540 0.0000
vn -0.8910 0.4540 0.0000
vn -0.8910 0.4540 0.0000
vn -0.8910 0.4540 0.0000
vn -0.9877 0.1564 0.0000
vn -0.9877 0.1564 0.0000
vn -0.9877 0.1564 0.0000
vn -0.9877 0.1564 0.0000
vn -0.9877 -0.1564 0.0000
vn -0.9877 -0.1564 0.0000
vn -0.9877 -0.1564 0.0000
vn -0.9877 -0.1564 0.0000
vn -0.8910 -0.4540 0.0000
vn -0.8910 -0.4540 0.0000
vn -0.8910 -0.4540 0.0000
vn -0.8910 -0.4540 0.0000
vn -0.7071 -0.7071 0.0000
vn -0.7071 -0.7071 0.0000
vn -0.7071 -0.7071 0.0000
vn -0.7071 -0.7071 0.0000
vn -0.4540 -0.8910 0.0000
vn -0.4540 -0.8910 0.0000
vn -0.4540 -0.8910 0.0000
vn -0.4540 -0.8910 0.0000
vn -0.1564 -0.9877 0.0000
vn -0.1564 -0.9877 0.0000
vn -0.1564 -0.9877 0.0000
vn -0.1564 -0.9877 0.0000
vn 0.1564 -0.9877 0.0000
vn 0.1564 -0.9877 0.0000
vn 0.1564 -0.9877 0.0000
vn 0.1564 -0.9877 0.0000
vn 0.4540 -0.8910 0.0000
vn 0.4540 -0.8910 0.0000
vn 0.4540 -0.8910 0.0000
vn 0.4540 -0.8910 0.0000
vn 0.7071 -0.7071 0.0000
vn 0.7071 -0.7071 0.0000
vn 0.7071 -0.7071 0.0000
vn 0.7071 -0.7071 0.0000
vn 0.8910 -0.4540 0.0000
vn 0.8910 -0.4540 0.0000
vn 0.8910 -0.4540 0.0000
vn 0.8910 -0.4540 0.0000
vn 0.9877 -0.1564 0.0000
vn 0.9877 -0.1564 0.0000
vn 0.9877 -0.1564 0.0000
vn 0.9877 -0.1564 0.0000
vn 0.0000 0.0000 -1.0000
vn 0.0000 0.0000 -1.0000
vn 0.0000 0.0000 -1.0000
vn 0.0000 0.0000 1.0000
vn 0.0000 0.0000 1.0000
vn 0.0000 0.0000 1.0000
vn 0.0000 0.0000 -1.0000
vn 0.0000 0.0000 -1.0000
vn 0.0000 0.0000 -1.0000
vn 0.0000 0.0000 1.0000
vn 0.0000 0.0000 1.0000
vn 0.0000 0.0000 1.0000
vn 0.0000 0.0000 -1.0000
vn 0.0000 0.0000 -1.0000
vn 0.0000 0.0000 -1.0000
vn 0.0000 0.0000 1.0000
vn 0.0000 0.0000 1.0000
vn 0.0000 0.0000 1.0000
vn 0.0000 0.0000 -1.0000
vn 0.0000 0.0000 -1.0000
vn 0.0000 0.0000 -1.0000
vn 0.0000 0.0000 1.0000
vn 0.0000 0.0000 1.0000
vn 0.0000 0.0000 1.0000
vn 0.0000 0.0000 -1.0000
vn 0.0000 0.0000 -1.0000
vn 0.0000 0.0000 -1.0000
vn 0.0000 0.0000 1.0000
vn 0.0000 0.0000 1.0000
vn 0.0000 0.0000 1.0000
vn 0.0000 0.0000 -1.0000
vn 0.0000 0.0000 -1.0000
vn 0.0000 0.0000 -1.0000
vn 0.0000 0.0000 1.0000
vn 0.0000 0.0000 1.0000
vn 0.0000 0.0000 1.0000
vn 0.0000 0.0000 -1.0000
vn 0.0000 0.0000 -1.0000
vn 0.0000 0.0000 -1.0000
vn 0.0000 0.0000 1.0000
vn 0.0000 0.0000 1.0000
vn 0.0000 0.0000 1.0000
vn 0.0000 0.0000 -1.0000
vn 0.0000 0.0000 -1.0000
vn 0.0000 0.0000 -1.0000
vn 0.0000 0.0000 1.0000
vn 0.0000 0.0000 1.0000
vn 0.0000 0.0000 1.0000
vn 0.0000 0.0000 -1.0000
vn 0.0000 0.0000 -1.0000
vn 0.0000 0.0000 -1.0000
vn 0.0000 0.0000 1.0000
vn 0.0000 0.0000 1.0000
vn 0.0000 0.0000 1.0000
vn 0.0000 0.0000 -1.0000
vn 0.0000 0.0000 -1.0000
vn 0.0000 0.0000 -1.0000
vn 0.0000 0.0000 1.0000
vn 0.0000 0.0000 1.0000
vn 0.0000 0.0000 1.0000
vn 0.0000 0.0000 -1.0000
vn 0.0000 0.0000 -1.0000
vn 0.0000 0.0000 -1.0000
vn 0.0000 0.0000 1.0000
vn 0.0000 0.0000 1.0000
vn 0.0000 0.0000 1.0000
vn 0.0000 0.0000 -1.0000
vn 0.0000 0.0000 -1.0000
vn 0.0000 0.0000 -1.0000
vn 0.0000 0.0000 1.0000
vn 0.0000 0.0000 1.0000
vn 0.0000 0.0000 1.0000
vn 0.0000 0.0000 -1.0000
vn 0.0000 0.0000 -1.0000
vn 0.0000 0.0000 -1.0000
vn 0.0000 0.0000 1.0000
vn 0.0000 0.0000 1.0000
vn 0.0000 0.0000 1.0000
vn 0.0000 0.0000 -1.0000
vn 0.0000 0.0000 -1.0000
vn 0.0000 0.0000 -1.0000
vn 0.0000 0.0000 1.0000
vn 0.0000 0.0000 1.0000
vn 0.0000 0.0000 1.0000
vn 0.0000 0.0000 -1.0000
vn 0.0000 0.0000 -1.0000
vn 0.0000 0.0000 -1.0000
vn 0.0000 0.0000 1.0000
vn 0.0000 0.0000 1.0000
vn 0.0000 0.0000 1.0000
vn 0.0000 0.0000 -1.0000
vn 0.0000 0.0000 -1.0000
vn 0.0000 0.0000 -1.0000
vn 0.0000 0.0000 1.0000
vn 0.0000 0.0000 1.0000
vn 0.0000 0.0000 1.0000
vn 0.0000 0.0000 -1.0000
vn 0.0000 0.0000 -1.0000
vn 0.0000 0.0000 -1.0000
vn 0.0000 0.0000 1.0000
vn 0.0000 0.0000 1.0000
vn 0.0000 0.0000 1.0000
vn 0.0000 0.0000 -1.0000
vn 0.0000 0.0000 -1.0000
vn 0.0000 0.0000 -1.0000
vn 0.0000 0.0000 1.0000
vn 0.0000 0.0000 1.0000
vn 0.0000 0.0000 1.0000
vn 0.0000 0.0000 -1.0000
vn 0.0000 0.0000 -1.0000
vn 0.0000 0.0000 -1.0000
vn 0.0000 0.0000 1.0000
vn 0.0000 0.0000 1.0000
vn 0.0000 0.0000 1.0000
vn 0.0000 0.0000 -1.0000
vn 0.0000 0.0000 -1.0000
vn 0.0000 0.0000 -1.0000
vn 0.0000 0.0000 1.0000
vn 0.0000 0.0000 1.0000
vn 0.0000 0.0000 1.0000
vn 0.9659 0.2588 0.0000
vn 0.9659 0.2588 0.0000
vn 0.9659 0.2588 0.0000
vn 0.9659 0.2588 0.0000
vn 0.7071 0.7071 0.0000
vn 0.7071 0.7071 0.0000
vn 0.7071 0.7071 0.0000
vn 0.7071 0.7071 0.0000
vn 0.2588 0.9659 0.0000
vn 0.2588 0.9659 0.0000
vn 0.2588 0.9659 0.0000
vn 0.2588 0.9659 0.0000
vn -0.2588 0.9659 0.0000
vn -0.2588 0.9659 0.0000
vn -0.2588 0.9659 0.0000
vn -0.2588 0.9659 0.0000
vn -0.7071 0.7071 0.0000
vn -0.7071 0.7071 0.0000
vn -0.7071 0.7071 0.0000
vn -0.7071 0.7071 0.0000
vn -0.9659 0.2588 0.0000
vn -0.9659 0.2588 0.0000
vn -0.9659 0.2588 0.0000
vn -0.9659 0.2588 0.0000
vn -0.9659 -0.2588 0.0000
vn -0.9659 -0.2588 0.0000
vn -0.9659 -0.2588 0.0000
vn -0.9659 -0.2588 0.0000
vn -0.7071 -0.7071 0.0000
vn -0.7071 -0.7071 0.0000
vn -0.7071 -0.7071 0.0000
vn -0.7071 -0.7071 0.0000
vn -0.2588 -0.9659 0.0000
vn -0.2588 -0.9659 0.0000
vn -0.2588 -0.9659 0.0000
vn -0.2588 -0.9659 0.0000
vn 0.2588 -0.9659 0.0000
vn 0.2588 -0.9659 0.0000
vn 0.2588 -0.9659 0.0000
vn 0.2588 -0.9659 0.0000
vn 0.7071 -0.7071 0.0000
vn 0.7071 -0.7071 0.0000
vn 0.7071 -0.7071 0.0000
vn 0.7071 -0.7071 0.0000
vn 0.9659 -0.2588 0.0000
vn 0.9659 -0.2588 0.0000
vn 0.9659 -0.2588 0.0000
vn 0.9659 -0.2588 0.0000
vn 0.0000 0.0000 -1.0000
vn 0.0000 0.0000 -1.0000
vn 0.0000 0.0000 -1.0000
vn 0.0000 0.0000 1.0000
vn 0.0000 0.0000 1.0000
vn 0.0000 0.0000 1.0000
vn 0.0000 0.0000 -1.0000
vn 0.0000 0.0000 -1.0000
vn 0.0000 0.0000 -1.0000
vn 0.0000 0.0000 1.0000
vn 0.0000 0.0000 1.0000
vn 0.0000 0.0000 1.0000
vn 0.0000 0.0000 -1.0000
vn 0.0000 0.0000 -1.0000
vn 0.0000 0.0000 -1.0000
vn 0.0000 0.0000 1.0000
vn 0.0000 0.0000 1.0000
vn 0.0000 0.0000 1.0000
vn 0.0000 0.0000 -1.0000
vn 0.0000 0.0000 -1.0000
vn 0.0000 0.0000 -1.0000
vn 0.0000 0.0000 1.0000
vn 0.0000 0.0000 1.0000
vn 0.0000 0.0000 1.0000
vn 0.0000 0.0000 -1.0000
vn 0.0000 0.0000 -1.0000
vn 0.0000 0.0000 -1.0000
vn 0.0000 0.0000 1.0000
vn 0.0000 0.0000 1.0000
vn 0.0000 0.0000 1.0000
vn 0.0000 0.0000 -1.0000
vn 0.0000 0.0000 -1.0000
vn 0.0000 0.0000 -1.0000
vn 0.0000 0.0000 1.0000
vn 0.0000 0.0000 1.0000
vn 0.0000 0.0000 1.0000
vn 0.0000 0.0000 -1.0000
vn 0.0000 0.0000 -1.0000
vn 0.0000 0.0000 -1.0000
vn 0.0000 0.0000 1.0000
vn 0.0000 0.0000 1.0000
vn 0.0000 0.0000 1.0000
vn 0.0000 0.0000 -1.0000
vn 0.0000 0.0000 -1.0000
vn 0.0000 0.0000 -1.0000
vn 0.0000 0.0000 1.0000
vn 0.0000 0.0000 1.0000
vn 0.0000 0.0000 1.0000
vn 0.0000 0.0000 -1.0000
vn 0.0000 0.0000 -1.0000
vn 0.0000 0.0000 -1.0000
vn 0.0000 0.0000 1.0000
vn 0.0000 0.0000 1.0000
vn 0.0000 0.0000 1.0000
vn 0.0000 0.0000 -1.0000
vn 0.0000 0.0000 -1.0000
vn 0.0000 0.0000 -1.0000
vn 0.0000 0.0000 1.0000
vn 0.0000 0.0000 1.0000
vn 0.0000 0.0000 1.0000
vn 0.0000 0.0000 -1.0000
vn 0.0000 0.0000 -1.0000
vn 0.0000 0.0000 -1.0000
vn 0.0000 0.0000 1.0000
vn 0.0000 0.0000 1.0000
vn 0.0000 0.0000 1.0000
vn 0.0000 0.0000 -1.0000
vn 0.0000 0.0000 -1.0000
vn 0.0000 0.0000 -1.0000
vn 0.0000 0.0000 1.0000
vn 0.0000 0.0000 1.0000
vn 0.0000 0.0000 1.0000
vn 0.9877 0.1564 0.0000
vn 0.9877 0.1564 0.0000
vn 0.9877 0.1564 0.0000
vn 0.9877 0.1564 0.0000
vn 0.8910 0.4540 0.0000
vn 0.8910 0.4540 0.0000
vn 0.8910 0.4540 0.0000
vn 0.8910 0.4540 0.0000
vn 0.7071 0.7071 0.0000
vn 0.7071 0.7071 0.0000
vn 0.7071 0.7071 0.0000
vn 0.7071 0.7071 0.0000
vn 0.4540 0.8910 0.0000
vn 0.4540 0.8910 0.0000
vn 0.4540 0.8910 0.0000
vn 0.4540 0.8910 0.0000
vn 0.1564 0.9877 0.0000
vn 0.1564 0.9877 0.0000
vn 0.1564 0.9877 0.0000
vn 0.1564 0.9877 0.0000
vn -0.1564 0.9877 0.0000
vn -0.1564 0.9877 0.0000
vn -0.1564 0.9877 0.0000
vn -0.1564 0.9877 0.0000
vn -0.4540 0.8910 0.0000
vn -0.4540 0.8910 0.0000
vn -0.4540 0.8910 0.0000
vn -0.4540 0.8910 0.0000
vn -0.7071 0.7071 0.0000
vn -0.7071 0.7071 0.0000
vn -0.7071 0.7071 0.0000
vn -0.7071 0.7071 0.0000
vn -0.8910 0.4540 0.0000
vn -0.8910 0.4540 0.0000
vn -0.8910 0.4540 0.0000
vn -0.8910 0.4540 0.0000
vn -0.9877 0.1564 0.0000
vn -0.9877 0.1564 0.0000
vn -0.9877 0.1564 0.0000
vn -0.9877 0.1564 0.0000
vn -0.9877 -0.1564 0.0000
vn -0.9877 -0.1564 0.0000
vn -0.9877 -0.1564 0.0000
vn -0.9877 -0.1564 0.0000
vn -0.8910 -0.4540 0.0000
vn -0.8910 -0.4540 0.0000
vn -0.8910 -0.4540 0.0000
vn -0.8910 -0.4540 0.0000
vn -0.7071 -0.7071 0.0000
vn -0.7071 -0.7071 0.0000
vn -0.7071 -0.7071 0.0000
vn -0.7071 -0.7071 0.0000
vn -0.4540 -0.8910 0.0000
vn -0.4540 -0.8910 0.0000
vn -0.4540 -0.8910 0.0000
vn -0.4540 -0.8910 0.0000
vn -0.1564 -0.9877 0.0000
vn -0.1564 -0.9877 0.0000
vn -0.1564 -0.9877 0.0000
vn -0.1564 -0.9877 0.0000
vn 0.1564 -0.9877 0.0000
vn 0.1564 -0.9877 0.0000
vn 0.1564 -0.9877 0.0000
vn 0.1564 -0.9877 0.0000
vn 0.4540 -0.8910 0.0000
vn 0.4540 -0.8910 0.0000
vn 0.4540 -0.8910 0.0000
vn 0.4540 -0.8910 0.0000
vn 0.7071 -0.7071 0.0000
vn 0.7071 -0.7071 0.0000
vn 0.7071 -0.7071 0.0000
vn 0.7071 -0.7071 0.0000
vn 0.8910 -0.4540 0.0000
vn 0.8910 -0.4540 0.0000
vn 0.8910 -0.4540 0.0000
vn 0.8910 -0.4540 0.0000
vn 0.9877 -0.1564 0.0000
vn 0.9877 -0.1564 0.0000
vn 0.9877 -0.1564 0.0000
vn 0.9877 -0.1564 0.0000
vn 0.0000 0.0000 -1.0000
vn 0.0000 0.0000 -1.0000
vn 0.0000 0.0000 -1.0000
vn 0.0000 0.0000 1.0000
vn 0.0000 0.0000 1.0000
vn 0.0000 0.0000 1.0000
vn 0.0000 0.0000 -1.0000
vn 0.0000 0.0000 -1.0000
vn 0.0000 0.0000 -1.0000
vn 0.0000 0.0000 1.0000
vn 0.0000 0.0000 1.0000
vn 0.0000 0.0000 1.0000
vn 0.0000 0.0000 -1.0000
vn 0.0000 0.0000 -1.0000
vn 0.0000 0.0000 -1.0000
vn 0.0000 0.0000 1.0000
vn 0.0000 0.0000 1.0000
vn 0.0000 0.0000 1.0000
vn 0.0000 0.0000 -1.0000
vn 0.0000 0.0000 -1.0000
vn 0.0000 0.0000 -1.0000
vn 0.0000 0.0000 1.0000
vn 0.0000 0.0000 1.0000
vn 0.0000 0.0000 1.0000
vn 0.0000 0.0000 -1.0000
vn 0.0000 0.0000 -1.0000
vn 0.0000 0.0000 -1.0000
vn 0.0000 0.0000 1.0000
vn 0.0000 0.0000 1.0000
vn 0.0000 0.0000 1.0000
vn 0.0000 0.0000 -1.0000
vn 0.0000 0.0000 -1.0000
vn 0.0000 0.0000 -1.0000
vn 0.0000 0.0000 1.0000
vn 0.0000 0.0000 1.0000
vn 0.0000 0.0000 1.0000
vn 0.0000 0.0000 -1.0000
vn 0.0000 0.0000 -1.0000
vn 0.0000 0.0000 -1.0000
vn 0.0000 0.0000 1.0000
vn 0.0000 0.0000 1.0000
vn 0.0000 0.0000 1.0000
vn 0.0000 0.0000 -1.0000
vn 0.0000 0.0000 -1.0000
vn 0.0000 0.0000 -1.0000
vn 0.0000 0.0000 1.0000
vn 0.0000 0.0000 1.0000
vn 0.0000 0.0000 1.0000
vn 0.0000 0.0000 -1.0000
vn 0.0000 0.0000 -1.0000
vn 0.0000 0.0000 -1.0000
vn 0.0000 0.0000 1.0000
vn 0.0000 0.0000 1.0000
vn 0.0000 0.0000 1.0000
vn 0.0000 0.0000 -1.0000
vn 0.0000 0.0000 -1.0000
vn 0.0000 0.0000 -1.0000
vn 0.0000 0.0000 1.0000
vn 0.0000 0.0000 1.0000
vn 0.0000 0.0000 1.0000
vn 0.0000 0.0000 -1.0000
vn 0.0000 0.0000 -1.0000
vn 0.0000 0.0000 -1.0000
vn 0.0000 0.0000 1.0000
vn 0.0000 0.0000 1.0000
vn 0.0000 0.0000 1.0000
vn 0.0000 0.0000 -1.0000
vn 0.0000 0.0000 -1.0000
vn 0.0000 0.0000 -1.0000
vn 0.0000 0.0000 1.0000
vn 0.0000 0.0000 1.0000
vn 0.0000 0.0000 1.0000
vn 0.0000 0.0000 -1.0000
vn 0.0000 0.0000 -1.0000
vn 0.0000 0.0000 -1.0000
vn 0.0000 0.0000 1.0000
vn 0.0000 0.0000 1.0000
vn 0.0000 0.0000 1.0000
vn 0.0000 0.0000 -1.0000
vn 0.0000 0.0000 -1.0000
vn 0.0000 0.0000 -1.0000
vn 0.0000 0.0000 1.0000
vn 0.0000 0.0000 1.0000
vn 0.0000 0.0000 1.0000
vn 0.0000 0.0000 -1.0000
vn 0.0000 0.0000 -1.0000
vn 0.0000 0.0000 -1.0000
vn 0.0000 0.0000 1.0000
vn 0.0000 0.0000 1.0000
vn 0.0000 0.0000 1.0000
vn 0.0000 0.0000 -1.0000
vn 0.0000 0.0000 -1.0000
vn 0.0000 0.0000 -1.0000
vn 0.0000 0.0000 1.0000
vn 0.0000 0.0000 1.0000
vn 0.0000 0.0000 1.0000
vn 0.0000 0.0000 -1.0000
vn 0.0000 0.0000 -1.0000
vn 0.0000 0.0000 -1.0000
vn 0.0000 0.0000 1.0000
vn 0.0000 0.0000 1.0000
vn 0.0000 0.0000 1.0000
vn 0.0000 0.0000 -1.0000
vn 0.0000 0.0000 -1.0000
vn 0.0000 0.0000 -1.0000
vn 0.0000 0.0000 1.0000
vn 0.0000 0.0000 1.0000
vn 0.0000 0.0000 1.0000
vn 0.0000 0.0000 -1.0000
vn 0.0000 0.0000 -1.0000
vn 0.0000 0.0000 -1.0000
vn 0.0000 0.0000 1.0000
vn 0.0000 0.0000 1.0000
vn 0.0000 0.0000 1.0000
vn 0.0000 0.0000 -1.0000
vn 0.0000 0.0000 -1.0000
vn 0.0000 0.0000 -1.0000
vn 0.0000 0.0000 1.0000
vn 0.0000 0.0000 1.0000
vn 0.0000 0.0000 1.0000
vn 0.9659 0.2588 0.0000
vn 0.9659 0.2588 0.0000
vn 0.9659 0.2588 0.0000
vn 0.9659 0.2588 0.0000
vn 0.7071 0.7071 0.0000
vn 0.7071 0.7071 0.0000
vn 0.7071 0.7071 0.0000
vn 0.7071 0.7071 0.0000
vn 0.2588 0.9659 0.0000
vn 0.2588 0.9659 0.0000
vn 0.2588 0.9659 0.0000
vn 0.2588 0.9659 0.0000
vn -0.2588 0.9659 0.0000
vn -0.2588 0.9659 0.0000
vn -0.2588 0.9659 0.0000
vn -0.2588 0.9659 0.0000
vn -0.7071 0.7071 0.0000
vn -0.7071 0.7071 0.0000
vn -0.7071 0.7071 0.0000
vn -0.7071 0.7071 0.0000
vn -0.9659 0.2588 0.0000
vn -0.9659 0.2588 0.0000
vn -0.9659 0.2588 0.0000
vn -0.9659 0.2588 0.0000
vn -0.9659 -0.2588 0.0000
vn -0.9659 -0.2588 0.0000
vn -0.9659 -0.2588 0.0000
vn -0.9659 -0.2588 0.0000
vn -0.7071 -0.7071 0.0000
vn -0.7071 -0.7071 0.0000
vn -0.7071 -0.7071 0.0000
vn -0.7071 -0.7071 0.0000
vn -0.2588 -0.9659 0.0000
vn -0.2588 -0.9659 0.0000
vn -0.2588 -0.9659 0.0000
vn -0.2588 -0.9659 0.0000
vn 0.2588 -0.9659 0.0000
vn 0.2588 -0.9659 0.0000
vn 0.2588 -0.9659 0.0000
vn 0.2588 -0.9659 0.0000
vn 0.7071 -0.7071 0.0000
vn 0.7071 -0.7071 0.0000
vn 0.7071 -0.7071 0.0000
vn 0.7071 -0.7071 0.0000
vn 0.9659 -0.2588 0.0000
vn 0.9659 -0.2588 0.0000
vn 0.9659 -0.2588 0.0000
vn 0.9659 -0.2588 0.0000
vn 0.0000 0.0000 -1.0000
vn 0.0000 0.0000 -1.0000
vn 0.0000 0.0000 -1.0000
vn 0.0000 0.0000 1.0000
vn 0.0000 0.0000 1.0000
vn 0.0000 0.0000 1.0000
vn 0.0000 0.0000 -1.0000
vn 0.0000 0.0000 -1.0000
vn 0.0000 0.0000 -1.0000
vn 0.0000 0.0000 1.0000
vn 0.0000 0.0000 1.0000
vn 0.0000 0.0000 1.0000
vn 0.0000 0.0000 -1.0000
vn 0.0000 0.0000 -1.0000
vn 0.0000 0.0000 -1.0000
vn 0.0000 0.0000 1.0000
vn 0.0000 0.0000 1.0000
vn 0.0000 0.0000 1.0000
vn 0.0000 0.0000 -1.0000
vn 0.0000 0.0000 -1.0000
vn 0.0000 0.0000 -1.0000
vn 0.0000 0.0000 1.0000
vn 0.0000 0.0000 1.0000
vn 0.0000 0.0000 1.0000
vn 0.0000 0.0000 -1.0000
vn 0.0000 0.0000 -1.0000
vn 0.0000 0.0000 -1.0000
vn 0.0000 0.0000 1.0000
vn 0.0000 0.0000 1.0000
vn 0.0000 0.0000 1.0000
vn 0.0000 0.0000 -1.0000
vn 0.0000 0.0000 -1.0000
vn 0.0000 0.0000 -1.0000
vn 0.0000 0.0000 1.0000
vn 0.0000 0.0000 1.0000
vn 0.0000 0.0000 1.0000
vn 0.0000 0.0000 -1.0000
vn 0.0000 0.0000 -1.0000
vn 0.0000 0.0000 -1.0000
vn 0.0000 0.0000 1.0000
vn 0.0000 0.0000 1.0000
vn 0.0000 0.0000 1.0000
vn 0.0000 0.0000 -1.0000
vn 0.0000 0.0000 -1.0000
vn 0.0000 0.0000 -1.0000
vn 0.0000 0.0000 1.0000
vn 0.0000 0.0000 1.0000
vn 0.0000 0.0000 1.0000
vn 0.0000 0.0000 -1.0000
vn 0.0000 0.0000 -1.0000
vn 0.0000 0.0000 -1.0000
vn 0.0000 0.0000 1.0000
vn 0.0000 0.0000 1.0000
vn 0.0000 0.0000 1.0000
vn 0.0000 0.0000 -1.0000
vn 0.0000 0.0000 -1.0000
vn 0.0000 0.0000 -1.0000
vn 0.0000 0.0000 1.0000
vn 0.0000 0.0000 1.0000
vn 0.0000 0.0000 1.0000
vn 0.0000 0.0000 -1.0000
vn 0.0000 0.0000 -1.0000
vn 0.0000 0.0000 -1.0000
vn 0.0000 0.0000 1.0000
vn 0.0000 0.0000 1.0000
vn 0.0000 0.0000 1.0000
vn 0.0000 0.0000 -1.0000
vn 0.0000 0.0000 -1.0000
vn 0.0000 0.0000 -1.0000
vn 0.0000 0.0000 1.0000
vn 0.0000 0.0000 1.0000
vn 0.0000 0.0000 1.0000
vn 0.9877 0.1564 0.0000
vn 0.9877 0.1564 0.0000
vn 0.9877 0.1564 0.0000
vn 0.9877 0.1564 0.0000
vn 0.8910 0.4540 0.0000
vn 0.8910 0.4540 0.0000
vn 0.8910 0.4540 0.0000
vn 0.8910 0.4540 0.0000
vn 0.7071 0.7071 0.0000
vn 0.7071 0.7071 0.0000
vn 0.7071 0.7071 0.0000
vn 0.7071 0.7071 0.0000
vn 0.4540 0.8910 0.0000
vn 0.4540 0.8910 0.0000
vn 0.4540 0.8910 0.0000
vn 0.4540 0.8910 0.0000
vn 0.1564 0.9877 0.0000
vn 0.1564 0.9877 0.0000
vn 0.1564 0.9877 0.0000
vn 0.1564 0.9877 0.0000
vn -0.1564 0.9877 0.0000
vn -0.1564 0.9877 0.0000
vn -0.1564 0.9877 0.0000
vn -0.1564 0.9877 0.0000
vn -0.4540 0.8910 0.0000
vn -0.4540 0.8910 0.0000
vn -0.4540 0.8910 0.0000
vn -0.4540 0.8910 0.0000
vn -0.7071 0.7071 0.0000
vn -0.7071 0.7071 0.0000
vn -0.7071 0.7071 0.0000
vn -0.7071 0.7071 0.0000
vn -0.8910 0.4540 0.0000
vn -0.8910 0.4540 0.0000
vn -0.8910 0.4540 0.0000
vn -0.8910 0.4540 0.0000
vn -0.9877 0.1564 0.0000
vn -0.9877 0.1564 0.0000
vn -0.9877 0.1564 0.0000
vn -0.9877 0.1564 0.0000
vn -0.9877 -0.1564 0.0000
vn -0.9877 -0.1564 0.0000
vn -0.9877 -0.1564 0.0000
vn -0.9877 -0.1564 0.0000
vn -0.8910 -0.4540 0.0000
vn -0.8910 -0.4540 0.0000
vn -0.8910 -0.4540 0.0000
vn -0.8910 -0.4540 0.0000
vn -0.7071 -0.7071 0.0000
vn -0.7071 -0.7071 0.0000
vn -0.7071 -0.7071 0.0000
vn -0.7071 -0.7071 0.0000
vn -0.4540 -0.8910 0.0000
vn -0.4540 -0.8910 0.0000
vn -0.4540 -0.8910 0.0000
vn -0.4540 -0.8910 0.0000
vn -0.1564 -0.9877 0.0000
vn -0.1564 -0.9877 0.0000
vn -0.1564 -0.9877 0.0000
vn -0.1564 -0.9877 0.0000
vn 0.1564 -0.9877 0.0000
vn 0.1564 -0.9877 0.0000
vn 0.1564 -0.9877 0.0000
vn 0.1564 -0.9877 0.0000
vn 0.4540 -0.8910 0.0000
vn 0.4540 -0.8910 0.0000
vn 0.4540 -0.8910 0.0000
vn 0.4540 -0.8910 0.0000
vn 0.7071 -0.7071 0.0000
vn 0.7071 -0.7071 0.0000
vn 0.7071 -0.7071 0.0000
vn 0.7071 -0.7071 0.0000
vn 0.8910 -0.4540 0.0000
vn 0.8910 -0.4540 0.0000
vn 0.8910 -0.4540 0.0000
vn 0.8910 -0.4540 0.0000
vn 0.9877 -0.1564 0.0000
vn 0.9877 -0.1564 0.0000
vn 0.9877 -0.1564 0.0000
vn 0.9877 -0.1564 0.0000
vn 0.0000 0.0000 -1.0000
vn 0.0000 0.0000 -1.0000
vn 0.0000 0.0000 -1.0000
vn 0.0000 0.0000 1.0000
vn 0.0000 0.0000 1.0000
vn 0.0000 0.0000 1.0000
vn 0.0000 0.0000 -1.0000
vn 0.0000 0.0000 -1.0000
vn 0.0000 0.0000 -1.0000
vn 0.0000 0.0000 1.0000
vn 0.0000 0.0000 1.0000
vn 0.0000 0.0000 1.0000
vn 0.0000 0.0000 -1.0000
vn 0.0000 0.0000 -1.0000
vn 0.0000 0.0000 -1.0000
vn 0.0000 0.0000 1.0000
vn 0.0000 0.0000 1.0000
vn 0.0000 0.0000 1.0000
vn 0.0000 0.0000 -1.0000
vn 0.0000 0.0000 -1.0000
vn 0.0000 0.0000 -1.0000
vn 0.0000 0.0000 1.0000
vn 0.0000 0.0000 1.0000
vn 0.0000 0.0000 1.0000
vn 0.0000 0.0000 -1.0000
vn 0.0000 0.0000 -1.0000
vn 0.0000 0.0000 -1.0000
vn 0.0000 0.0000 1.0000
vn 0.0000 0.0000 1.0000
vn 0.0000 0.0000 1.0000
vn 0.0000 0.0000 -1.0000
vn 0.0000 0.0000 -1.0000
vn 0.0000 0.0000 -1.0000
vn 0.0000 0.0000 1.0000
vn 0.0000 0.0000 1.0000
vn 0.0000 0.0000 1.0000
vn 0.0000 0.0000 -1.0000
vn 0.0000 0.0000 -1.0000
vn 0.0000 0.0000 -1.0000
vn 0.0000 0.0000 1.0000
vn 0.0000 0.0000 1.0000
vn 0.0000 0.0000 1.0000
vn 0.0000 0.0000 -1.0000
vn 0.0000 0.0000 -1.0000
vn 0.0000 0.0000 -1.0000
vn 0.0000 0.0000 1.0000
vn 0.0000 0.0000 1.0000
vn 0.0000 0.0000 1.0000
vn 0.0000 0.0000 -1.0000
vn 0.0000 0.0000 -1.0000
vn 0.0000 0.0000 -1.0000
vn 0.0000 0.0000 1.0000
vn 0.0000 0.0000 1.0000
vn 0.0000 0.0000 1.0000
vn 0.0000 0.0000 -1.0000
vn 0.0000 0.0000 -1.0000
vn 0.0000 0.0000 -1.0000
vn 0.0000 0.0000 1.0000
vn 0.0000 0.0000 1.0000
vn 0.0000 0.0000 1.0000
vn 0.0000 0.0000 -1.0000
vn 0.0000 0.0000 -1.0000
vn 0.0000 0.0000 -1.0000
vn 0.0000 0.0000 1.0000
vn 0.0000 0.0000 1.0000
vn 0.0000 0.0000 1.0000
vn 0.0000 0.0000 -1.0000
vn 0.0000 0.0000 -1.0000
vn 0.0000 0.0000 -1.0000
vn 0.0000 0.0000 1.0000
vn 0.0000 0.0000 1.0000
vn 0.0000 0.0000 1.0000
vn 0.0000 0.0000 -1.0000
vn 0.0000 0.0000 -1.0000
vn 0.0000 0.0000 -1.0000
vn 0.0000 0.0000 1.0000
vn 0.0000 0.0000 1.0000
vn 0.0000 0.0000 1.0000
vn 0.0000 0.0000 -1.0000
vn 0.0000 0.0000 -1.0000
vn 0.0000 0.0000 -1.0000
vn 0.0000 0.0000 1.0000
vn 0.0000 0.0000 1.0000
vn 0.0000 0.0000 1.0000
vn 0.0000 0.0000 -1.0000
vn 0.0000 0.0000 -1.0000
vn 0.0000 0.0000 -1.0000
vn 0.0000 0.0000 1.0000
vn 0.0000 0.0000 1.0000
vn 0.0000 0.0000 1.0000
vn 0.0000 0.0000 -1.0000
vn 0.0000 0.0000 -1.0000
vn 0.0000 0.0000 -1.0000
vn 0.0000 0.0000 1.0000
vn 0.0000 0.0000 1.0000
vn 0.0000 0.0000 1.0000
vn 0.0000 0.0000 -1.0000
vn 0.0000 0.0000 -1.0000
vn 0.0000 0.0000 -1.0000
vn 0.0000 0.0000 1.0000
vn 0.0000 0.0000 1.0000
vn 0.0000 0.0000 1.0000
vn 0.0000 0.0000 -1.0000
vn 0.0000 0.0000 -1.0000
vn 0.0000 0.0000 -1.0000
vn 0.0000 0.0000 1.0000
vn 0.0000 0.0000 1.0000
vn 0.0000 0.0000 1.0000
vn 0.0000 0.0000 -1.0000
vn 0.0000 0.0000 -1.0000
vn 0.0000 0.0000 -1.0000
vn 0.0000 0.0000 1.0000
vn 0.0000 0.0000 1.0000
vn 0.0000 0.0000 1.0000
vn 0.0000 0.0000 -1.0000
vn 0.0000 0.0000 -1.0000
vn 0.0000 0.0000 -1.0000
vn 0.0000 0.0000 1.0000
vn 0.0000 0.0000 1.0000
vn 0.0000 0.0000 1.0000
vn 0.9659 0.2588 0.0000
vn 0.9659 0.2588 0.0000
vn 0.9659 0.2588 0.0000
vn 0.9659 0.2588 0.0000
vn 0.7071 0.7071 0.0000
vn 0.7071 0.7071 0.0000
vn 0.7071 0.7071 0.0000
vn 0.7071 0.7071 0.0000
vn 0.2588 0.9659 0.0000
vn 0.2588 0.9659 0.0000
vn 0.2588 0.9659 0.0000
vn 0.2588 0.9659 0.0000
vn -0.2588 0.9659 0.0000
vn -0.2588 0.9659 0.0000
vn -0.2588 0.9659 0.0000
vn -0.2588 0.9659 0.0000
vn -0.7071 0.7071 0.0000
vn -0.7071 0.7071 0.0000
vn -0.7071 0.7071 0.0000
vn -0.7071 0.7071 0.0000
vn -0.9659 0.2588 0.0000
vn -0.9659 0.2588 0.0000
vn -0.9659 0.2588 0.0000
vn -0.9659 0.2588 0.0000
vn -0.9659 -0.2588 0.0000
vn -0.9659 -0.2588 0.0000
vn -0.9659 -0.2588 0.0000
vn -0.9659 -0.2588 0.0000
vn -0.7071 -0.7071 0.0000
vn -0.7071 -0.7071 0.0000
vn -0.7071 -0.7071 0.0000
vn -0.7071 -0.7071 0.0000
vn -0.2588 -0.9659 0.0000
vn -0.2588 -0.9659 0.0000
vn -0.2588 -0.9659 0.0000
vn -0.2588 -0.9659 0.0000
vn 0.2588 -0.9659 0.0000
vn 0.2588 -0.9659 0.0000
vn 0.2588 -0.9659 0.0000
vn 0.2588 -0.9659 0.0000
vn 0.7071 -0.7071 0.0000
vn 0.7071 -0.7071 0.0000
vn 0.7071 -0.7071 0.0000
vn 0.7071 -0.7071 0.0000
vn 0.9659 -0.2588 0.0000
vn 0.9659 -0.2588 0.0000
vn 0.9659 -0.2588 0.0000
vn 0.9659 -0.2588 0.0000
vn 0.0000 0.0000 -1.0000
vn 0.0000 0.0000 -1.0000
vn 0.0000 0.0000 -1.0000
vn 0.0000 0.0000 1.0000
vn 0.0000 0.0000 1.0000
vn 0.0000 0.0000 1.0000
vn 0.0000 0.0000 -1.0000
vn 0.0000 0.0000 -1.0000
vn 0.0000 0.0000 -1.0000
vn 0.0000 0.0000 1.0000
vn 0.0000 0.0000 1.0000
vn 0.0000 0.0000 1.0000
vn 0.0000 0.0000 -1.0000
vn 0.0000 0.0000 -1.0000
vn 0.0000 0.0000 -1.0000
vn 0.0000 0.0000 1.0000
vn 0.0000 0.0000 1.0000
vn 0.0000 0.0000 1.0000
vn 0.0000 0.0000 -1.0000
vn 0.0000 0.0000 -1.0000
vn 0.0000 0.0000 -1.0000
vn 0.0000 0.0000 1.0000
vn 0.0000 0.0000 1.0000
vn 0.0000 0.0000 1.0000
vn 0.0000 0.0000 -1.0000
vn 0.0000 0.0000 -1.0000
vn 0.0000 0.0000 -1.0000
vn 0.0000 0.0000 1.0000
vn 0.0000 0.0000 1.0000
vn 0.0000 0.0000 1.0000
vn 0.0000 0.0000 -1.0000
vn 0.0000 0.0000 -1.0000
vn 0.0000 0.0000 -1.0000
vn 0.0000 0.0000 1.0000
vn 0.0000 0.0000 1.0000
vn 0.0000 0.0000 1.0000
vn 0.0000 0.0000 -1.0000
vn 0.0000 0.0000 -1.0000
vn 0.0000 0.0000 -1.0000
vn 0.0000 0.0000 1.0000
vn 0.0000 0.0000 1.0000
vn 0.0000 0.0000 1.0000
vn 0.0000 0.0000 -1.0000
vn 0.0000 0.0000 -1.0000
vn 0.0000 0.0000 -1.0000
vn 0.0000 0.0000 1.0000
vn 0.0000 0.0000 1.0000
vn 0.0000 0.0000 1.0000
vn 0.0000 0.0000 -1.0000
vn 0.0000 0.0000 -1.0000
vn 0.0000 0.0000 -1.0000
vn 0.0000 0.0000 1.0000
vn 0.0000 0.0000 1.0000
vn 0.0000 0.0000 1.0000
vn 0.0000 0.0000 -1.0000
vn 0.0000 0.0000 -1.0000
vn 0.0000 0.0000 -1.0000
vn 0.0000 0.0000 1.0000
vn 0.0000 0.0000 1.0000
vn 0.0000 0.0000 1.0000
vn 0.0000 0.0000 -1.0000
vn 0.0000 0.0000 -1.0000
vn 0.0000 0.0000 -1.0000
vn 0.0000 0.0000 1.0000
vn 0.0000 0.0000 1.0000
vn 0.0000 0.0000 1.0000
vn 0.0000 0.0000 -1.0000
vn 0.0000 0.0000 -1.0000
vn 0.0000 0.0000 -1.0000
vn 0.0000 0.0000 1.0000
vn 0.0000 0.0000 1.0000
vn 0.0000 0.0000 1.0000
vn 0.9877 0.1564 0.0000
vn 0.9877 0.1564 0.0000
vn 0.9877 0.1564 0.0000
vn 0.9877 0.1564 0.0000
vn 0.8910 0.4540 0.0000
vn 0.8910 0.4540 0.0000
vn 0.8910 0.4540 0.0000
vn 0.8910 0.4540 0.0000
vn 0.7071 0.7071 0.0000
vn 0.7071 0.7071 0.0000
vn 0.7071 0.7071 0.0000
vn 0.7071 0.7071 0.0000
vn 0.4540 0.8910 0.0000
vn 0.4540 0.8910 0.0000
vn 0.4540 0.8910 0.0000
vn 0.4540 0.8910 0.0000
vn 0.1564 0.9877 0.0000
vn 0.1564 0.9877 0.0000
vn 0.1564 0.9877 0.0000
vn 0.1564 0.9877 0.0000
vn -0.1564 0.9877 0.0000
vn -0.1564 0.9877 0.0000
vn -0.1564 0.9877 0.0000
vn -0.1564 0.9877 0.0000
vn -0.4540 0.8910 0.0000
vn -0.4540 0.8910 0.0000
vn -0.4540 0.8910 0.0000
vn -0.4540 0.8910 0.0000
vn -0.7071 0.7071 0.0000
vn -0.7071 0.7071 0.0000
vn -0.7071 0.7071 0.0000
vn -0.7071 0.7071 0.0000
vn -0.8910 0.4540 0.0000
vn -0.8910 0.4540 0.0000
vn -0.8910 0.4540 0.0000
vn -0.8910 0.4540 0.0000
vn -0.9877 0.1564 0.0000
vn -0.9877 0.1564 0.0000
vn -0.9877 0.1564 0.0000
vn -0.9877 0.1564 0.0000
vn -0.9877 -0.1564 0.0000
vn -0.9877 -0.1564 0.0000
vn -0.9877 -0.1564 0.0000
vn -0.9877 -0.1564 0.0000
vn -0.8910 -0.4540 0.0000
vn -0.8910 -0.4540 0.0000
vn -0.8910 -0.4540 0.0000
vn -0.8910 -0.4540 0.0000
vn -0.7071 -0.7071 0.0000
vn -0.7071 -0.7071 0.0000
vn -0.7071 -0.7071 0.0000
vn -0.7071 -0.7071 0.0000
vn -0.4540 -0.8910 0.0000
vn -0.4540 -0.8910 0.0000
vn -0.4540 -0.8910 0.0000
vn -0.4540 -0.8910 0.0000
vn -0.1564 -0.9877 0.0000
vn -0.1564 -0.9877 0.0000
vn -0.1564 -0.9877 0.0000
vn -0.1564 -0.9877 0.0000
vn 0.1564 -0.9877 0.0000
vn 0.1564 -0.9877 0.0000
vn 0.1564 -0.9877 0.0000
vn 0.1564 -0.9877 0.0000
vn 0.4540 -0.8910 0.0000
vn 0.4540 -0.8910 0.0000
vn 0.4540 -0.8910 0.0000
vn 0.4540 -0.8910 0.0000
vn 0.7071 -0.7071 0.0000
vn 0.7071 -0.7071 0.0000
vn 0.7071 -0.7071 0.0000
vn 0.7071 -0.7071 0.0000
vn 0.8910 -0.4540 0.0000
vn 0.8910 -0.4540 0.0000
vn 0.8910 -0.4540 0.0000
vn 0.8910 -0.4540 0.0000
vn 0.9877 -0.1564 0.0000
vn 0.9877 -0.1564 0.0000
vn 0.9877 -0.1564 0.0000
vn 0.9877 -0.1564 0.0000
vn 0.0000 0.0000 -1.0000
vn 0.0000 0.0000 -1.0000
vn 0.0000 0.0000 -1.0000
vn 0.0000 0.0000 1.0000
vn 0.0000 0.0000 1.0000
vn 0.0000 0.0000 1.0000
vn 0.0000 0.0000 -1.0000
vn 0.0000 0.0000 -1.0000
vn 0.0000 0.0000 -1.0000
vn 0.0000 0.0000 1.0000
vn 0.0000 0.0000 1.0000
vn 0.0000 0.0000 1.0000
vn 0.0000 0.0000 -1.0000
vn 0.0000 0.0000 -1.0000
vn 0.0000 0.0000 -1.0000
vn 0.0000 0.0000 1.0000
vn 0.0000 0.0000 1.0000
vn 0.0000 0.0000 1.0000
vn 0.0000 0.0000 -1.0000
vn 0.0000 0.0000 -1.0000
vn 0.0000 0.0000 -1.0000
vn 0.0000 0.0000 1.0000
vn 0.0000 0.0000 1.0000
vn 0.0000 0.0000 1.0000
vn 0.0000 0.0000 -1.0000
vn 0.0000 0.0000 -1.0000
vn 0.0000 0.0000 -1.0000
vn 0.0000 0.0000 1.0000
vn 0.0000 0.0000 1.0000
vn 0.0000 0.0000 1.0000
vn 0.0000 0.0000 -1.0000
vn 0.0000 0.0000 -1.0000
vn 0.0000 0.0000 -1.0000
vn 0.0000 0.0000 1.0000
vn 0.0000 0.0000 1.0000
vn 0.0000 0.0000 1.0000
vn 0.0000 0.0000 -1.0000
vn 0.0000 0.0000 -1.0000
vn 0.0000 0.0000 -1.0000
vn 0.0000 0.0000 1.0000
vn 0.0000 0.0000 1.0000
vn 0.0000 0.0000 1.0000
vn 0.0000 0.0000 -1.0000
vn 0.0000 0.0000 -1.0000
vn 0.0000 0.0000 -1.0000
vn 0.0000 0.0000 1.0000
vn 0.0000 0.0000 1.0000
vn 0.0000 0.0000 1.0000
vn 0.0000 0.0000 -1.0000
vn 0.0000 0.0000 -1.0000
vn 0.0000 0.0000 -1.0000
vn 0.0000 0.0000 1.0000
vn 0.0000 0.0000 1.0000
vn 0.0000 0.0000 1.0000
vn 0.0000 0.0000 -1.0000
vn 0.0000 0.0000 -1.0000
vn 0.0000 0.0000 -1.0000
vn 0.0000 0.0000 1.0000
vn 0.0000 0.0000 1.0000
vn 0.0000 0.0000 1.0000
vn 0.0000 0.0000 -1.0000
vn 0.0000 0.0000 -1.0000
vn 0.0000 0.0000 -1.0000
vn 0.0000 0.0000 1.0000
vn 0.0000 0.0000 1.0000
vn 0.0000 0.0000 1.0000
vn 0.0000 0.0000 -1.0000
vn 0.0000 0.0000 -1.0000
vn 0.0000 0.0000 -1.0000
vn 0.0000 0.0000 1.0000
vn 0.0000 0.0000 1.0000
vn 0.0000 0.0000 1.0000
vn 0.0000 0.0000 -1.0000
vn 0.0000 0.0000 -1.0000
vn 0.0000 0.0000 -1.0000
vn 0.0000 0.0000 1.0000
vn 0.0000 0.0000 1.0000
vn 0.0000 0.0000 1.0000
vn 0.0000 0.0000 -1.0000
vn 0.0000 0.0000 -1.0000
vn 0.0000 0.0000 -1.0000
vn 0.0000 0.0000 1.0000
vn 0.0000 0.0000 1.0000
vn 0.0000 0.0000 1.0000
vn 0.0000 0.0000 -1.0000
vn 0.0000 0.0000 -1.0000
vn 0.0000 0.0000 -1.0000
vn 0.0000 0.0000 1.0000
vn 0.0000 0.0000 1.0000
vn 0.0000 0.0000 1.0000
vn 0.0000 0.0000 -1.0000
vn 0.0000 0.0000 -1.0000
vn 0.0000 0.0000 -1.0000
vn 0.0000 0.0000 1.0000
vn 0.0000 0.0000 1.0000
vn 0.0000 0.0000 1.0000
vn 0.0000 0.0000 -1.0000
vn 0.0000 0.0000 -1.0000
vn 0.0000 0.0000 -1.0000
vn 0.0000 0.0000 1.0000
vn 0.0000 0.0000 1.0000
vn 0.0000 0.0000 1.0000
vn 0.0000 0.0000 -1.0000
vn 0.0000 0.0000 -1.0000
vn 0.0000 0.0000 -1.0000
vn 0.0000 0.0000 1.0000
vn 0.0000 0.0000 1.0000
vn 0.0000 0.0000 1.0000
vn 0.0000 0.0000 -1.0000
vn 0.0000 0.0000 -1.0000
vn 0.0000 0.0000 -1.0000
vn 0.0000 0.0000 1.0000
vn 0.0000 0.0000 1.0000
vn 0.0000 0.0000 1.0000
vn 0.0000 0.0000 -1.0000
vn 0.0000 0.0000 -1.0000
vn 0.0000 0.0000 -1.0000
vn 0.0000 0.0000 1.0000
vn 0.0000 0.0000 1.0000
vn 0.0000 0.0000 1.0000
vn 0.9659 0.2588 0.0000
vn 0.9659 0.2588 0.0000
vn 0.9659 0.2588 0.0000
vn 0.9659 0.2588 0.0000
vn 0.7071 0.7071 0.0000
vn 0.7071 0.7071 0.0000
vn 0.7071 0.7071 0.0000
vn 0.7071 0.7071 0.0000
vn 0.2588 0.9659 0.0000
vn 0.2588 0.9659 0.0000
vn 0.2588 0.9659 0.0000
vn 0.2588 0.9659 0.0000
vn -0.2588 0.9659 0.0000
vn -0.2588 0.9659 0.0000
vn -0.2588 0.9659 0.0000
vn -0.2588 0.9659 0.0000
vn -0.7071 0.7071 0.0000
vn -0.7071 0.7071 0.0000
vn -0.7071 0.7071 0.0000
vn -0.7071 0.7071 0.0000
vn -0.9659 0.2588 0.0000
vn -0.9659 0.2588 0.0000
vn -0.9659 0.2588 0.0000
vn -0.9659 0.2588 0.0000
vn -0.9659 -0.2588 0.0000
vn -0.9659 -0.2588 0.0000
vn -0.9659 -0.2588 0.0000
vn -0.9659 -0.2588 0.0000
vn -0.7071 -0.7071 0.0000
vn -0.7071 -0.7071 0.0000
vn -0.7071 -0.7071 0.0000
vn -0.7071 -0.7071 0.0000
vn -0.2588 -0.9659 0.0000
vn -0.2588 -0.9659 0.0000
vn -0.2588 -0.9659 0.0000
vn -0.2588 -0.9659 0.0000
vn 0.2588 -0.9659 0.0000
vn 0.2588 -0.9659 0.0000
vn 0.2588 -0.9659 0.0000
vn 0.2588 -0.9659 0.0000
vn 0.7071 -0.7071 0.0000
vn 0.7071 -0.7071 0.0000
vn 0.7071 -0.7071 0.0000
vn 0.7071 -0.7071 0.0000
vn 0.9659 -0.2588 0.0000
vn 0.9659 -0.2588 0.0000
vn 0.9659 -0.2588 0.0000
vn 0.9659 -0.2588 0.0000
vn 0.0000 0.0000 -1.0000
vn 0.0000 0.0000 -1.0000
vn 0.0000 0.0000 -1.0000
vn 0.0000 0.0000 1.0000
vn 0.0000 0.0000 1.0000
vn 0.0000 0.0000 1.0000
vn 0.0000 0.0000 -1.0000
vn 0.0000 0.0000 -1.0000
vn 0.0000 0.0000 -1.0000
vn 0.0000 0.0000 1.0000
vn 0.0000 0.0000 1.0000
vn 0.0000 0.0000 1.0000
vn 0.0000 0.0000 -1.0000
vn 0.0000 0.0000 -1.0000
vn 0.0000 0.0000 -1.0000
vn 0.0000 0.0000 1.0000
vn 0.0000 0.0000 1.0000
vn 0.0000 0.0000 1.0000
vn 0.0000 0.0000 -1.0000
vn 0.0000 0.0000 -1.0000
vn 0.0000 0.0000 -1.0000
vn 0.0000 0.0000 1.0000
vn 0.0000 0.0000 1.0000
vn 0.0000 0.0000 1.0000
vn 0.0000 0.0000 -1.0000
vn 0.0000 0.0000 -1.0000
vn 0.0000 0.0000 -1.0000
vn 0.0000 0.0000 1.0000
vn 0.0000 0.0000 1.0000
vn 0.0000 0.0000 1.0000
vn 0.0000 0.0000 -1.0000
vn 0.0000 0.0000 -1.0000
vn 0.0000 0.0000 -1.0000
vn 0.0000 0.0000 1.0000
vn 0.0000 0.0000 1.0000
vn 0.0000 0.0000 1.0000
vn 0.0000 0.0000 -1.0000
vn 0.0000 0.0000 -1.0000
vn 0.0000 0.0000 -1.0000
vn 0.0000 0.0000 1.0000
vn 0.0000 0.0000 1.0000
vn 0.0000 0.0000 1.0000
vn 0.0000 0.0000 -1.0000
vn 0.0000 0.0000 -1.0000
vn 0.0000 0.0000 -1.0000
vn 0.0000 0.0000 1.0000
vn 0.0000 0.0000 1.0000
vn 0.0000 0.0000 1.0000
vn 0.0000 0.0000 -1.0000
vn 0.0000 0.0000 -1.0000
vn 0.0000 0.0000 -1.0000
vn 0.0000 0.0000 1.0000
vn 0.0000 0.0000 1.0000
vn 0.0000 0.0000 1.0000
vn 0.0000 0.0000 -1.0000
vn 0.0000 0.0000 -1.0000
vn 0.0000 0.0000 -1.0000
vn 0.0000 0.0000 1.0000
vn 0.0000 0.0000 1.0000
vn 0.0000 0.0000 1.0000
vn 0.0000 0.0000 -1.0000
vn 0.0000 0.0000 -1.0000
vn 0.0000 0.0000 -1.0000
vn 0.0000 0.0000 1.0000
vn 0.0000 0.0000 1.0000
vn 0.0000 0.0000 1.0000
vn 0.0000 0.0000 -1.0000
vn 0.0000 0.0000 -1.0000
vn 0.0000 0.0000 -1.0000
vn 0.0000 0.0000 1.0000
vn 0.0000 0.0000 1.0000
vn 0.0000 0.0000 1.0000
vn 0.9877 0.1564 0.0000
vn 0.9877 0.1564 0.0000
vn 0.9877 0.1564 0.0000
vn 0.9877 0.1564 0.0000
vn 0.8910 0.4540 0.0000
vn 0.8910 0.4540 0.0000
vn 0.8910 0.4540 0.0000
vn 0.8910 0.4540 0.0000
vn 0.7071 0.7071 0.0000
vn 0.7071 0.7071 0.0000
vn 0.7071 0.7071 0.0000
vn 0.7071 0.7071 0.0000
vn 0.4540 0.8910 0.0000
vn 0.4540 0.8910 0.0000
vn 0.4540 0.8910 0.0000
vn 0.4540 0.8910 0.0000
vn 0.1564 0.9877 0.0000
vn 0.1564 0.9877 0.0000
vn 0.1564 0.9877 0.0000
vn 0.1564 0.9877 0.0000
vn -0.1564 0.9877 0.0000
vn -0.1564 0.9877 0.0000
vn -0.1564 0.9877 0.0000
vn -0.1564 0.9877 0.0000
vn -0.4540 0.8910 0.0000
vn -0.4540 0.8910 0.0000
vn -0.4540 0.8910 0.0000
vn -0.4540 0.8910 0.0000
vn -0.7071 0.7071 0.0000
vn -0.7071 0.7071 0.0000
vn -0.7071 0.7071 0.0000
vn -0.7071 0.7071 0.0000
vn -0.8910 0.4540 0.0000
vn -0.8910 0.4540 0.0000
vn -0.8910 0.4540 0.0000
vn -0.8910 0.4540 0.0000
vn -0.9877 0.1564 0.0000
vn -0.9877 0.1564 0.0000
vn -0.9877 0.1564 0.0000
vn -0.9877 0.1564 0.0000
vn -0.9877 -0.1564 0.0000
vn -0.9877 -0.1564 0.0000
vn -0.9877 -0.1564 0.0000
vn -0.9877 -0.1564 0.0000
vn -0.8910 -0.4540 0.0000
vn -0.8910 -0.4540 0.0000
vn -0.8910 -0.4540 0.0000
vn -0.8910 -0.4540 0.0000
vn -0.7071 -0.7071 0.0000
vn -0.7071 -0.7071 0.0000
vn -0.7071 -0.7071 0.0000
vn -0.7071 -0.7071 0.0000
vn -0.4540 -0.8910 0.0000
vn -0.4540 -0.8910 0.0000
vn -0.4540 -0.8910 0.0000
vn -0.4540 -0.8910 0.0000
vn -0.1564 -0.9877 0.0000
vn -0.1564 -0.9877 0.0000
vn -0.1564 -0.9877 0.0000
vn -0.1564 -0.9877 0.0000
vn 0.1564 -0.9877 0.0000
vn 0.1564 -0.9877 0.0000
vn 0.1564 -0.9877 0.0000
vn 0.1564 -0.9877 0.0000
vn 0.4540 -0.8910 0.0000
vn 0.4540 -0.8910 0.0000
vn 0.4540 -0.8910 0.0000
vn 0.4540 -0.8910 0.0000
vn 0.7071 -0.7071 0.0000
vn 0.7071 -0.7071 0.0000
vn 0.7071 -0.7071 0.0000
vn 0.7071 -0.7071 0.0000
vn 0.8910 -0.4540 0.0000
vn 0.8910 -0.4540 0.0000
vn 0.8910 -0.4540 0.0000
vn 0.8910 -0.4540 0.0000
vn 0.9877 -0.1564 0.0000
vn 0.9877 -0.1564 0.0000
vn 0.9877 -0.1564 0.0000
vn 0.9877 -0.1564 0.0000
vn 0.0000 0.0000 -1.0000
vn 0.0000 0.0000 -1.0000
vn 0.0000 0.0000 -1.0000
vn 0.0000 0.0000 1.0000
vn 0.0000 0.0000 1.0000
vn 0.0000 0.0000 1.0000
vn 0.0000 0.0000 -1.0000
vn 0.0000 0.0000 -1.0000
vn 0.0000 0.0000 -1.0000
vn 0.0000 0.0000 1.0000
vn 0.0000 0.0000 1.0000
vn 0.0000 0.0000 1.0000
vn 0.0000 0.0000 -1.0000
vn 0.0000 0.0000 -1.0000
vn 0.0000 0.0000 -1.0000
vn 0.0000 0.0000 1.0000
vn 0.0000 0.0000 1.0000
vn 0.0000 0.0000 1.0000
vn 0.0000 0.0000 -1.0000
vn 0.0000 0.0000 -1.0000
vn 0.0000 0.0000 -1.0000
vn 0.0000 0.0000 1.0000
vn 0.0000 0.0000 1.0000
vn 0.0000 0.0000 1.0000
vn 0.0000 0.0000 -1.0000
vn 0.0000 0.0000 -1.0000
vn 0.0000 0.0000 -1.0000
vn 0.0000 0.0000 1.0000
vn 0.0000 0.0000 1.0000
vn 0.0000 0.0000 1.0000
vn 0.0000 0.0000 -1.0000
vn 0.0000 0.0000 -1.0000
vn 0.0000 0.0000 -1.0000
vn 0.0000 0.0000 1.0000
vn 0.0000 0.0000 1.0000
vn 0.0000 0.0000 1.0000
vn 0.0000 0.0000 -1.0000
vn 0.0000 0.0000 -1.0000
vn 0.0000 0.0000 -1.0000
vn 0.0000 0.0000 1.0000
vn 0.0000 0.0000 1.0000
vn 0.0000 0.0000 1.0000
vn 0.0000 0.0000 -1.0000
vn 0.0000 0.0000 -1.0000
vn 0.0000 0.0000 -1.0000
vn 0.0000 0.0000 1.0000
vn 0.0000 0.0000 1.0000
vn 0.0000 0.0000 1.0000
vn 0.0000 0.0000 -1.0000
vn 0.0000 0.0000 -1.0000
vn 0.0000 0.0000 -1.0000
vn 0.0000 0.0000 1.0000
vn 0.0000 0.0000 1.0000
vn 0.0000 0.0000 1.0000
vn 0.0000 0.0000 -1.0000
vn 0.0000 0.0000 -1.0000
vn 0.0000 0.0000 -1.0000
vn 0.0000 0.0000 1.0000
vn 0.0000 0.0000 1.0000
vn 0.0000 0.0000 1.0000
vn 0.0000 0.0000 -1.0000
vn 0.0000 0.0000 -1.0000
vn 0.0000 0.0000 -1.0000
vn 0.0000 0.0000 1.0000
vn 0.0000 0.0000 1.0000
vn 0.0000 0.0000 1.0000
vn 0.0000 0.0000 -1.0000
vn 0.0000 0.0000 -1.0000
vn 0.0000 0.0000 -1.0000
vn 0.0000 0.0000 1.0000
vn 0.0000 0.0000 1.0000
vn 0.0000 0.0000 1.0000
vn 0.0000 0.0000 -1.0000
vn 0.0000 0.0000 -1.0000
vn 0.0000 0.0000 -1.0000
vn 0.0000 0.0000 1.0000
vn 0.0000 0.0000 1.0000
vn 0.0000 0.0000 1.0000
vn 0.0000 0.0000 -1.0000
vn 0.0000 0.0000 -1.0000
vn 0.0000 0.0000 -1.0000
vn 0.0000 0.0000 1.0000
vn 0.0000 0.0000 1.0000
vn 0.0000 0.0000 1.0000
vn 0.0000 0.0000 -1.0000
vn 0.0000 0.0000 -1.0000
vn 0.0000 0.0000 -1.0000
vn 0.0000 0.0000 1.0000
vn 0.0000 0.0000 1.0000
vn 0.0000 0.0000 1.0000
vn 0.0000 0.0000 -1.0000
vn 0.0000 0.0000 -1.0000
vn 0.0000 0.0000 -1.0000
vn 0.0000 0.0000 1.0000
vn 0.0000 0.0000 1.0000
vn 0.0000 0.0000 1.0000
vn 0.0000 0.0000 -1.0000
vn 0.0000 0.0000 -1.0000
vn 0.0000 0.0000 -1.0000
vn 0.0000 0.0000 1.0000
vn 0.0000 0.0000 1.0000
vn 0.0000 0.0000 1.0000
vn 0.0000 0.0000 -1.0000
vn 0.0000 0.0000 -1.0000
vn 0.0000 0.0000 -1.0000
vn 0.0000 0.0000 1.0000
vn 0.0000 0.0000 1.0000
vn 0.0000 0.0000 1.0000
vn 0.0000 0.0000 -1.0000
vn 0.0000 0.0000 -1.0000
vn 0.0000 0.0000 -1.0000
vn 0.0000 0.0000 1.0000
vn 0.0000 0.0000 1.0000
vn 0.0000 0.0000 1.0000
vn 0.0000 0.0000 -1.0000
vn 0.0000 0.0000 -1.0000
vn 0.0000 0.0000 -1.0000
vn 0.0000 0.0000 1.0000
vn 0.0000 0.0000 1.0000
vn 0.0000 0.0000 1.0000
vn 0.9659 0.2588 0.0000
vn 0.9659 0.2588 0.0000
vn 0.9659 0.2588 0.0000
vn 0.9659 0.2588 0.0000
vn 0.7071 0.7071 0.0000
vn 0.7071 0.7071 0.0000
vn 0.7071 0.7071 0.0000
vn 0.7071 0.7071 0.0000
vn 0.2588 0.9659 0.0000
vn 0.2588 0.9659 0.0000
vn 0.2588 0.9659 0.0000
vn 0.2588 0.9659 0.0000
vn -0.2588 0.9659 0.0000
vn -0.2588 0.9659 0.0000
vn -0.2588 0.9659 0.0000
vn -0.2588 0.9659 0.0000
vn -0.7071 0.7071 0.0000
vn -0.7071 0.7071 0.0000
vn -0.7071 0.7071 0.0000
vn -0.7071 0.7071 0.0000
vn -0.9659 0.2588 0.0000
vn -0.9659 0.2588 0.0000
vn -0.9659 0.2588 0.0000
vn -0.9659 0.2588 0.0000
vn -0.9659 -0.2588 0.0000
vn -0.9659 -0.2588 0.0000
vn -0.9659 -0.2588 0.0000
vn -0.9659 -0.2588 0.0000
vn -0.7071 -0.7071 0.0000
vn -0.7071 -0.7071 0.0000
vn -0.7071 -0.7071 0.0000
vn -0.7071 -0.7071 0.0000
vn -0.2588 -0.9659 0.0000
vn -0.2588 -0.9659 0.0000
vn -0.2588 -0.9659 0.0000
vn -0.2588 -0.9659 0.0000
vn 0.2588 -0.9659 0.0000
vn 0.2588 -0.9659 0.0000
vn 0.2588 -0.9659 0.0000
vn 0.2588 -0.9659 0.0000
vn 0.7071 -0.7071 0.0000
vn 0.7071 -0.7071 0.0000
vn 0.7071 -0.7071 0.0000
vn 0.7071 -0.7071 0.0000
vn 0.9659 -0.2588 0.0000
vn 0.9659 -0.2588 0.0000
vn 0.9659 -0.2588 0.0000
vn 0.9659 -0.2588 0.0000
vn 0.0000 0.0000 -1.0000
vn 0.0000 0.0000 -1.0000
vn 0.0000 0.0000 -1.0000
vn 0.0000 0.0000 1.0000
vn 0.0000 0.0000 1.0000
vn 0.0000 0.0000 1.0000
vn 0.0000 0.0000 -1.0000
vn 0.0000 0.0000 -1.0000
vn 0.0000 0.0000 -1.0000
vn 0.0000 0.0000 1.0000
vn 0.0000 0.0000 1.0000
vn 0.0000 0.0000 1.0000
vn 0.0000 0.0000 -1.0000
vn 0.0000 0.0000 -1.0000
vn 0.0000 0.0000 -1.0000
vn 0.0000 0.0000 1.0000
vn 0.0000 0.0000 1.0000
vn 0.0000 0.0000 1.0000
vn 0.0000 0.0000 -1.0000
vn 0.0000 0.0000 -1.0000
vn 0.0000 0.0000 -1.0000
vn 0.0000 0.0000 1.0000
vn 0.0000 0.0000 1.0000
vn 0.0000 0.0000 1.0000
vn 0.0000 0.0000 -1.0000
vn 0.0000 0.0000 -1.0000
vn 0.0000 0.0000 -1.0000
vn 0.0000 0.0000 1.0000
vn 0.0000 0.0000 1.0000
vn 0.0000 0.0000 1.0000
vn 0.0000 0.0000 -1.0000
vn 0.0000 0.0000 -1.0000
vn 0.0000 0.0000 -1.0000
vn 0.0000 0.0000 1.0000
vn 0.0000 0.0000 1.0000
vn 0.0000 0.0000 1.0000
vn 0.0000 0.0000 -1.0000
vn 0.0000 0.0000 -1.0000
vn 0.0000 0.0000 -1.0000
vn 0.0000 0.0000 1.0000
vn 0.0000 0.0000 1.0000
vn 0.0000 0.0000 1.0000
vn 0.0000 0.0000 -1.0000
vn 0.0000 0.0000 -1.0000
vn 0.0000 0.0000 -1.0000
vn 0.0000 0.0000 1.0000
vn 0.0000 0.0000 1.0000
vn 0.0000 0.0000 1.0000
vn 0.0000 0.0000 -1.0000
vn 0.0000 0.0000 -1.0000
vn 0.0000 0.0000 -1.0000
vn 0.0000 0.0000 1.0000
vn 0.0000 0.0000 1.0000
vn 0.0000 0.0000 1.0000
vn 0.0000 0.0000 -1.0000
vn 0.0000 0.0000 -1.0000
vn 0.0000 0.0000 -1.0000
vn 0.0000 0.0000 1.0000
vn 0.0000 0.0000 1.0000
vn 0.0000 0.0000 1.0000
vn 0.0000 0.0000 -1.0000
vn 0.0000 0.0000 -1.0000
vn 0.0000 0.0000 -1.0000
vn 0.0000 0.0000 1.0000
vn 0.0000 0.0000 1.0000
vn 0.0000 0.0000 1.0000
vn 0.0000 0.0000 -1.0000
vn 0.0000 0.0000 -1.0000
vn 0.0000 0.0000 -1.0000
vn 0.0000 0.0000 1.0000
vn 0.0000 0.0000 1.0000
vn 0.0000 0.0000 1.0000
vn 0.9877 0.1564 0.0000
vn 0.9877 0.1564 0.0000
vn 0.9877 0.1564 0.0000
vn 0.9877 0.1564 0.0000
vn 0.8910 0.4540 0.0000
vn 0.8910 0.4540 0.0000
vn 0.8910 0.4540 0.0000
vn 0.8910 0.4540 0.0000
vn 0.7071 0.7071 0.0000
vn 0.7071 0.7071 0.0000
vn 0.7071 0.7071 0.0000
vn 0.7071 0.7071 0.0000
vn 0.4540 0.8910 0.0000
vn 0.4540 0.8910 0.0000
vn 0.4540 0.8910 0.0000
vn 0.4540 0.8910 0.0000
vn 0.1564 0.9877 0.0000
vn 0.1564 0.9877 0.0000
vn 0.1564 0.9877 0.0000
vn 0.1564 0.9877 0.0000
vn -0.1564 0.9877 0.0000
vn -0.1564 0.9877 0.0000
vn -0.1564 0.9877 0.0000
vn -0.1564 0.9877 0.0000
vn -0.4540 0.8910 0.0000
vn -0.4540 0.8910 0.0000
vn -0.4540 0.8910 0.0000
vn -0.4540 0.8910 0.0000
vn -0.7071 0.7071 0.0000
vn -0.7071 0.7071 0.0000
vn -0.7071 0.7071 0.0000
vn -0.7071 0.7071 0.0000
vn -0.8910 0.4540 0.0000
vn -0.8910 0.4540 0.0000
vn -0.8910 0.4540 0.0000
vn -0.8910 0.4540 0.0000
vn -0.9877 0.1564 0.0000
vn -0.9877 0.1564 0.0000
vn -0.9877 0.1564 0.0000
vn -0.9877 0.1564 0.0000
vn -0.9877 -0.1564 0.0000
vn -0.9877 -0.1564 0.0000
vn -0.9877 -0.1564 0.0000
vn -0.9877 -0.1564 0.0000
vn -0.8910 -0.4540 0.0000
vn -0.8910 -0.4540 0.0000
vn -0.8910 -0.4540 0.0000
vn -0.8910 -0.4540 0.0000
vn -0.7071 -0.7071 0.0000
vn -0.7071 -0.7071 0.0000
vn -0.7071 -0.7071 0.0000
vn -0.7071 -0.7071 0.0000
vn -0.4540 -0.8910 0.0000
vn -0.4540 -0.8910 0.0000
vn -0.4540 -0.8910 0.0000
vn -0.4540 -0.8910 0.0000
vn -0.1564 -0.9877 0.0000
vn -0.1564 -0.9877 0.0000
vn -0.1564 -0.9877 0.0000
vn -0.1564 -0.9877 0.0000
vn 0.1564 -0.9877 0.0000
vn 0.1564 -0.9877 0.0000
vn 0.1564 -0.9877 0.0000
vn 0.1564 -0.9877 0.0000
vn 0.4540 -0.8910 0.0000
vn 0.4540 -0.8910 0.0000
vn 0.4540 -0.8910 0.0000
vn 0.4540 -0.8910 0.0000
vn 0.7071 -0.7071 0.0000
vn 0.7071 -0.7071 0.0000
vn 0.7071 -0.7071 0.0000
vn 0.7071 -0.7071 0.0000
vn 0.8910 -0.4540 0.0000
vn 0.8910 -0.4540 0.0000
vn 0.8910 -0.4540 0.0000
vn 0.8910 -0.4540 0.0000
vn 0.9877 -0.1564 0.0000
vn 0.9877 -0.1564 0.0000
vn 0.9877 -0.1564 0.0000
vn 0.9877 -0.1564 0.0000
vn 0.0000 0.0000 -1.0000
vn 0.0000 0.0000 -1.0000
vn 0.0000 0.0000 -1.0000
vn 0.0000 0.0000 1.0000
vn 0.0000 0.0000 1.0000
vn 0.0000 0.0000 1.0000
vn 0.0000 0.0000 -1.0000
vn 0.0000 0.0000 -1.0000
vn 0.0000 0.0000 -1.0000
vn 0.0000 0.0000 1.0000
vn 0.0000 0.0000 1.0000
vn 0.0000 0.0000 1.0000
vn 0.0000 0.0000 -1.0000
vn 0.0000 0.0000 -1.0000
vn 0.0000 0.0000 -1.0000
vn 0.0000 0.0000 1.0000
vn 0.0000 0.0000 1.0000
vn 0.0000 0.0000 1.0000
vn 0.0000 0.0000 -1.0000
vn 0.0000 0.0000 -1.0000
vn 0.0000 0.0000 -1.0000
vn 0.0000 0.0000 1.0000
vn 0.0000 0.0000 1.0000
vn 0.0000 0.0000 1.0000
vn 0.0000 0.0000 -1.0000
vn 0.0000 0.0000 -1.0000
vn 0.0000 0.0000 -1.0000
vn 0.0000 0.0000 1.0000
vn 0.0000 0.0000 1.0000
vn 0.0000 0.0000 1.0000
vn 0.0000 0.0000 -1.0000
vn 0.0000 0.0000 -1.0000
vn 0.0000 0.0000 -1.0000
vn 0.0000 0.0000 1.0000
vn 0.0000 0.0000 1.0000
vn 0.0000 0.0000 1.0000
vn 0.0000 0.0000 -1.0000
vn 0.0000 0.0000 -1.0000
vn 0.0000 0.0000 -1.0000
vn 0.0000 0.0000 1.0000
vn 0.0000 0.0000 1.0000
vn 0.0000 0.0000 1.0000
vn 0.0000 0.0000 -1.0000
vn 0.0000 0.0000 -1.0000
vn 0.0000 0.0000 -1.0000
vn 0.0000 0.0000 1.0000
vn 0.0000 0.0000 1.0000
vn 0.0000 0.0000 1.0000
vn 0.0000 0.0000 -1.0000
vn 0.0000 0.0000 -1.0000
vn 0.0000 0.0000 -1.0000
vn 0.0000 0.0000 1.0000
vn 0.0000 0.0000 1.0000
vn 0.0000 0.0000 1.0000
vn 0.0000 0.0000 -1.0000
vn 0.0000 0.0000 -1.0000
vn 0.0000 0.0000 -1.0000
vn 0.0000 0.0000 1.0000
vn 0.0000 0.0000 1.0000
vn 0.0000 0.0000 1.0000
vn 0.0000 0.0000 -1.0000
vn 0.0000 0.0000 -1.0000
vn 0.0000 0.0000 -1.0000
vn 0.0000 0.0000 1.0000
vn 0.0000 0.0000 1.0000
vn 0.0000 0.0000 1.0000
vn 0.0000 0.0000 -1.0000
vn 0.0000 0.0000 -1.0000
vn 0.0000 0.0000 -1.0000
vn 0.0000 0.0000 1.0000
vn 0.0000 0.0000 1.0000
vn 0.0000 0.0000 1.0000
vn 0.0000 0.0000 -1.0000
vn 0.0000 0.0000 -1.0000
vn 0.0000 0.0000 -1.0000
vn 0.0000 0.0000 1.0000
vn 0.0000 0.0000 1.0000
vn 0.0000 0.0000 1.0000
vn 0.0000 0.0000 -1.0000
vn 0.0000 0.0000 -1.0000
vn 0.0000 0.0000 -1.0000
vn 0.0000 0.0000 1.0000
vn 0.0000 0.0000 1.0000
vn 0.0000 0.0000 1.0000
vn 0.0000 0.0000 -1.0000
vn 0.0000 0.0000 -1.0000
vn 0.0000 0.0000 -1.0000
vn 0.0000 0.0000 1.0000
vn 0.0000 0.0000 1.0000
vn 0.0000 0.0000 1.0000
vn 0.0000 0.0000 -1.0000
vn 0.0000 0.0000 -1.0000
vn 0.0000 0.0000 -1.0000
vn 0.0000 0.0000 1.0000
vn 0.0000 0.0000 1.0000
vn 0.0000 0.0000 1.0000
vn 0.0000 0.0000 -1.0000
vn 0.0000 0.0000 -1.0000
vn 0.0000 0.0000 -1.0000
vn 0.0000 0.0000 1.0000
vn 0.0000 0.0000 1.0000
vn 0.0000 0.0000 1.0000
vn 0.0000 0.0000 -1.0000
vn 0.0000 0.0000 -1.0000
vn 0.0000 0.0000 -1.0000
vn 0.0000 0.0000 1.0000
vn 0.0000 0.0000 1.0000
vn 0.0000 0.0000 1.0000
vn 0.0000 0.0000 -1.0000
vn 0.0000 0.0000 -1.0000
vn 0.0000 0.0000 -1.0000
vn 0.0000 0.0000 1.0000
vn 0.0000 0.0000 1.0000
vn 0.0000 0.0000 1.0000
vn 0.0000 0.0000 -1.0000
vn 0.0000 0.0000 -1.0000
vn 0.0000 0.0000 -1.0000
vn 0.0000 0.0000 1.0000
vn 0.0000 0.0000 1.0000
vn 0.0000 0.0000 1.0000
vn 0.9659 0.2588 0.0000
vn 0.9659 0.2588 0.0000
vn 0.9659 0.2588 0.0000
vn 0.9659 0.2588 0.0000
vn 0.7071 0.7071 0.0000
vn 0.7071 0.7071 0.0000
vn 0.7071 0.7071 0.0000
vn 0.7071 0.7071 0.0000
vn 0.2588 0.9659 0.0000
vn 0.2588 0.9659 0.0000
vn 0.2588 0.9659 0.0000
vn 0.2588 0.9659 0.0000
vn -0.2588 0.9659 0.0000
vn -0.2588 0.9659 0.0000
vn -0.2588 0.9659 0.0000
vn -0.2588 0.9659 0.0000
vn -0.7071 0.7071 0.0000
vn -0.7071 0.7071 0.0000
vn -0.7071 0.7071 0.0000
vn -0.7071 0.7071 0.0000
vn -0.9659 0.2588 0.0000
vn -0.9659 0.2588 0.0000
vn -0.9659 0.2588 0.0000
vn -0.9659 0.2588 0.0000
vn -0.9659 -0.2588 0.0000
vn -0.9659 -0.2588 0.0000
vn -0.9659 -0.2588 0.0000
vn -0.9659 -0.2588 0.0000
vn -0.7071 -0.7071 0.0000
vn -0.7071 -0.7071 0.0000
vn -0.7071 -0.7071 0.0000
vn -0.7071 -0.7071 0.0000
vn -0.2588 -0.9659 0.0000
vn -0.2588 -0.9659 0.0000
vn -0.2588 -0.9659 0.0000
vn -0.2588 -0.9659 0.0000
vn 0.2588 -0.9659 0.0000
vn 0.2588 -0.9659 0.0000
vn 0.2588 -0.9659 0.0000
vn 0.2588 -0.9659 0.0000
vn 0.7071 -0.7071 0.0000
vn 0.7071 -0.7071 0.0000
vn 0.7071 -0.7071 0.0000
vn 0.7071 -0.7071 0.0000
vn 0.9659 -0.2588 0.0000
vn 0.9659 -0.2588 0.0000
vn 0.9659 -0.2588 0.0000
vn 0.9659 -0.2588 0.0000
vn 0.0000 0.0000 -1.0000
vn 0.0000 0.0000 -1.0000
vn 0.0000 0.0000 -1.0000
vn 0.0000 0.0000 1.0000
vn 0.0000 0.0000 1.0000
vn 0.0000 0.0000 1.0000
vn 0.0000 0.0000 -1.0000
vn 0.0000 0.0000 -1.0000
vn 0.0000 0.0000 -1.0000
vn 0.0000 0.0000 1.0000
vn 0.0000 0.0000 1.0000
vn 0.0000 0.0000 1.0000
vn 0.0000 0.0000 -1.0000
vn 0.0000 0.0000 -1.0000
vn 0.0000 0.0000 -1.0000
vn 0.0000 0.0000 1.0000
vn 0.0000 0.0000 1.0000
vn 0.0000 0.0000 1.0000
vn 0.0000 0.0000 -1.0000
vn 0.0000 0.0000 -1.0000
vn 0.0000 0.0000 -1.0000
vn 0.0000 0.0000 1.0000
vn 0.0000 0.0000 1.0000
vn 0.0000 0.0000 1.0000
vn 0.0000 0.0000 -1.0000
vn 0.0000 0.0000 -1.0000
vn 0.0000 0.0000 -1.0000
vn 0.0000 0.0000 1.0000
vn 0.0000 0.0000 1.0000
vn 0.0000 0.0000 1.0000
vn 0.0000 0.0000 -1.0000
vn 0.0000 0.0000 -1.0000
vn 0.0000 0.0000 -1.0000
vn 0.0000 0.0000 1.0000
vn 0.0000 0.0000 1.0000
vn 0.0000 0.0000 1.0000
vn 0.0000 0.0000 -1.0000
vn 0.0000 0.0000 -1.0000
vn 0.0000 0.0000 -1.0000
vn 0.0000 0.0000 1.0000
vn 0.0000 0.0000 1.0000
vn 0.0000 0.0000 1.0000
vn 0.0000 0.0000 -1.0000
vn 0.0000 0.0000 -1.0000
vn 0.0000 0.0000 -1.0000
vn 0.0000 0.0000 1.0000
vn 0.0000 0.0000 1.0000
vn 0.0000 0.0000 1.0000
vn 0.0000 0.0000 -1.0000
vn 0.0000 0.0000 -1.0000
vn 0.0000 0.0000 -1.0000
vn 0.0000 0.0000 1.0000
vn 0.0000 0.0000 1.0000
vn 0.0000 0.0000 1.0000
vn 0.0000 0.0000 -1.0000
vn 0.0000 0.0000 -1.0000
vn 0.0000 0.0000 -1.0000
vn 0.0000 0.0000 1.0000
vn 0.0000 0.0000 1.0000
vn 0.0000 0.0000 1.0000
vn 0.0000 0.0000 -1.0000
vn 0.0000 0.0000 -1.0000
vn 0.0000 0.0000 -1.0000
vn 0.0000 0.0000 1.0000
vn 0.0000 0.0000 1.0000
vn 0.0000 0.0000 1.0000
vn 0.0000 0.0000 -1.0000
vn 0.0000 0.0000 -1.0000
vn 0.0000 0.0000 -1.0000
vn 0.0000 0.0000 1.0000
vn 0.0000 0.0000 1.0000
vn 0.0000 0.0000 1.0000
vn 0.0000 0.0000 -1.0000
vn 0.0000 0.0000 -1.0000
vn 0.0000 0.0000 -1.0000
vn 0.0000 0.0000 -1.0000
vn 0.0000 0.0000 1.0000
vn 0.0000 0.0000 1.0000
vn 0.0000 0.0000 1.0000
vn 0.0000 0.0000 1.0000
vn 0.0000 -1.0000 0.0000
vn 0.0000 -1.0000 0.0000
vn 0.0000 -1.0000 0.0000
vn 0.0000 -1.0000 0.0000
vn 0.0000 1.0000 0.0000
vn 0.0000 1.0000 0.0000
vn 0.0000 1.0000 0.0000
vn 0.0000 1.0000 0.0000
vn 1.0000 0.0000 0.0000
vn 1.0000 0.0000 0.0000
vn 1.0000 0.0000 0.0000
vn 1.0000 0.0000 0.0000
vn -1.0000 0.0000 0.0000
vn -1.0000 0.0000 0.0000
vn -1.0000 0.0000 0.0000
vn -1.0000 0.0000 0.0000
vn 0.0000 0.0000 -1.0000
vn 0.0000 0.0000 -1.0000
vn 0.0000 0.0000 -1.0000
vn 0.0000 0.0000 -1.0000
vn 0.0000 0.0000 1.0000
vn 0.0000 0.0000 1.0000
vn 0.0000 0.0000 1.0000
vn 0.0000 0.0000 1.0000
vn 0.0000 -1.0000 0.0000
vn 0.0000 -1.0000 0.0000
vn 0.0000 -1.0000 0.0000
vn 0.0000 -1.0000 0.0000
vn 0.0000 1.0000 0.0000
vn 0.0000 1.0000 0.0000
vn 0.0000 1.0000 0.0000
vn 0.0000 1.0000 0.0000
vn 1.0000 0.0000 0.0000
vn 1.0000 0.0000 0.0000
vn 1.0000 0.0000 0.0000
vn 1.0000 0.0000 0.0000
vn -1.0000 0.0000 0.0000
vn -1.0000 0.0000 0.0000
vn -1.0000 0.0000 0.0000
vn -1.0000 0.0000 0.0000
g hull
f 1//1 2//2 3//3 4//4
f 5//5 6//6 7//7 8//8
f 9//9 10//10 11//11 12//12
f 13//13 14//14 15//15 16//16
f 17//17 18//18 19//19 20//20
f 21//21 22//22 23//23 24//24
f 25//25 26//26 27//27 28//28
f 29//29 30//30 31//31 32//32
f 33//33 34//34 35//35 36//36
f 37//37 38//38 39//39 40//40
f 41//41 42//42 43//43 44//44
f 45//45 46//46 47//47 48//48
f 49//49 50//50 51//51 52//52
f 53//53 54//54 55//55 56//56
f 57//57 58//58 59//59 60//60
f 61//61 62//62 63//63 64//64
f 65//65 66//66 67//67 68//68
f 69//69 70//70 71//71 72//72
f 73//73 74//74 75//75 76//76
f 77//77 78//78 79//79 80//80
f 81//81 82//82 83//83 84//84
f 85//85 86//86 87//87 88//88
f 89//89 90//90 91//91 92//92
f 93//93 94//94 95//95 96//96
f 97//97 98//98 99//99 100//100
f 101//101 102//102 103//103 104//104
f 105//105 106//106 107//107 108//108
f 109//109 110//110 111//111 112//112
f 113//113 114//114 115//115 116//116
f 117//117 118//118 119//119 120//120
f 121//121 122//122 123//123 124//124
f 125//125 126//126 127//127 128//128
f 129//129 130//130 131//131 132//132
f 133//133 134//134 135//135 136//136
f 137//137 138//138 139//139 140//140
f 141//141 142//142 143//143 144//144
f 145//145 146//146 147//147 148//148
f 149//149 150//150 151//151 152//152
f 153//153 154//154 155//155 156//156
f 157//157 158//158 159//159 160//160
f 161//161 162//162 163//163 164//164
f 165//165 166//166 167//167 168//168
f 169//169 170//170 171//171 172//172
f 173//173 174//174 175//175 176//176
f 177//177 178//178 179//179 180//180
f 181//181 182//182 183//183 184//184
f 185//185 186//186 187//187 188//188
f 189//189 190//190 191//191 192//192
f 193//193 194//194 195//195 196//196
f 197//197 198//198 199//199 200//200
f 201//201 202//202 203//203 204//204
f 205//205 206//206 207//207 208//208
f 209//209 210//210 211//211 212//212
f 213//213 214//214 215//215 216//216
f 217//217 218//218 219//219 220//220
f 221//221 222//222 223//223 224//224
f 225//225 226//226 227//227
f 228//228 229//229 230//230
f 231//231 232//232 233//233
f 234//234 235//235 236//236
f 237//237 238//238 239//239
f 240//240 241//241 242//242
f 243//243 244//244 245//245
f 246//246 247//247 248//248
f 249//249 250//250 251//251
f 252//252 253//253 254//254
f 255//255 256//256 257//257
f 258//258 259//259 260//260
f 261//261 262//262 263//263
f 264//264 265//265 266//266
f 267//267 268//268 269//269
f 270//270 271//271 272//272
f 273//273 274//274 275//275 276//276
f 277//277 278//278 279//279 280//280
f 281//281 282//282 283//283 284//284
f 285//285 286//286 287//287 288//288
f 289//289 290//290 291//291 292//292
f 293//293 294//294 295//295 296//296
g turret
f 297//297 298//298 299//299 300//300
f 301//301 302//302 303//303 304//304
f 305//305 306//306 307//307 308//308
f 309//309 310//310 311//311 312//312
f 313//313 314//314 315//315 316//316
f 317//317 318//318 319//319 320//320
f 321//321 322//322 323//323 324//324
f 325//325 326//326 327//327 328//328
f 329//329 330//330 331//331 332//332
f 333//333 334//334 335//335 336//336
f 337//337 338//338 339//339 340//340
f 341//341 342//342 343//343 344//344
f 345//345 346//346 347//347 348//348
f 349//349 350//350 351//351 352//352
f 353//353 354//354 355//355 356//356
f 357//357 358//358 359//359 360//360
f 361//361 362//362 363//363
f 364//364 365//365 366//366
f 367//367 368//368 369//369
f 370//370 371//371 372//372
f 373//373 374//374 375//375
f 376//376 377//377 378//378
f 379//379 380//380 381//381
f 382//382 383//383 384//384
f 385//385 386//386 387//387
f 388//388 389//389 390//390
f 391//391 392//392 393//393
f 394//394 395//395 396//396
f 397//397 398//398 399//399
f 400//400 401//401 402//402
f 403//403 404//404 405//405
f 406//406 407//407 408//408
f 409//409 410//410 411//411
f 412//412 413//413 414//414
f 415//415 416//416 417//417
f 418//418 419//419 420//420
f 421//421 422//422 423//423
f 424//424 425//425 426//426
f 427//427 428//428 429//429
f 430//430 431//431 432//432
f 433//433 434//434 435//435
f 436//436 437//437 438//438
f 439//439 440//440 441//441
f 442//442 443//443 444//444
f 445//445 446//446 447//447
f 448//448 449//449 450//450
f 451//451 452//452 453//453
f 454//454 455//455 456//456
g gun_barrel
f 457//457 458//458 459//459 460//460
f 461//461 462//462 463//463 464//464
f 465//465 466//466 467//467 468//468
f 469//469 470//470 471//471 472//472
f 473//473 474//474 475//475 476//476
f 477//477 478//478 479//479 480//480
f 481//481 482//482 483//483 484//484
f 485//485 486//486 487//487 488//488
f 489//489 490//490 491//491
f 492//492 493//493 494//494
f 495//495 496//496 497//497
f 498//498 499//499 500//500
f 501//501 502//502 503//503
f 504//504 505//505 506//506
f 507//507 508//508 509//509
f 510//510 511//511 512//512
f 513//513 514//514 515//515
f 516//516 517//517 518//518
f 519//519 520//520 521//521
f 522//522 523//523 524//524
f 525//525 526//526 527//527
f 528//528 529//529 530//530
f 531//531 532//532 533//533
f 534//534 535//535 536//536
g wheel_tyre
f 537//537 538//538 539//539 540//540
f 541//541 542//542 543//543 544//544
f 545//545 546//546 547//547 548//548
f 549//549 550//550 551//551 552//552
f 553//553 554//554 555//555 556//556
f 557//557 558//558 559//559 560//560
f 561//561 562//562 563//563 564//564
f 565//565 566//566 567//567 568//568
f 569//569 570//570 571//571 572//572
f 573//573 574//574 575//575 576//576
f 577//577 578//578 579//579 580//580
f 581//581 582//582 583//583 584//584
f 585//585 586//586 587//587 588//588
f 589//589 590//590 591//591 592//592
f 593//593 594//594 595//595 596//596
f 597//597 598//598 599//599 600//600
f 601//601 602//602 603//603 604//604
f 605//605 606//606 607//607 608//608
f 609//609 610//610 611//611 612//612
f 613//613 614//614 615//615 616//616
f 617//617 618//618 619//619
f 620//620 621//621 622//622
f 623//623 624//624 625//625
f 626//626 627//627 628//628
f 629//629 630//630 631//631
f 632//632 633//633 634//634
f 635//635 636//636 637//637
f 638//638 639//639 640//640
f 641//641 642//642 643//643
f 644//644 645//645 646//646
f 647//647 648//648 649//649
f 650//650 651//651 652//652
f 653//653 654//654 655//655
f 656//656 657//657 658//658
f 659//659 660//660 661//661
f 662//662 663//663 664//664
f 665//665 666//666 667//667
f 668//668 669//669 670//670
f 671//671 672//672 673//673
f 674//674 675//675 676//676
f 677//677 678//678 679//679
f 680//680 681//681 682//682
f 683//683 684//684 685//685
f 686//686 687//687 688//688
f 689//689 690//690 691//691
f 692//692 693//693 694//694
f 695//695 696//696 697//697
f 698//698 699//699 700//700
f 701//701 702//702 703//703
f 704//704 705//705 706//706
f 707//707 708//708 709//709
f 710//710 711//711 712//712
f 713//713 714//714 715//715
f 716//716 717//717 718//718
f 719//719 720//720 721//721
f 722//722 723//723 724//724
f 725//725 726//726 727//727
f 728//728 729//729 730//730
f 731//731 732//732 733//733
f 734//734 735//735 736//736
f 737//737 738//738 739//739 740//740
f 741//741 742//742 743//743 744//744
f 745//745 746//746 747//747 748//748
f 749//749 750//750 751//751 752//752
f 753//753 754//754 755//755 756//756
f 757//757 758//758 759//759 760//760
f 761//761 762//762 763//763 764//764
f 765//765 766//766 767//767 768//768
f 769//769 770//770 771//771 772//772
f 773//773 774//774 775//775 776//776
f 777//777 778//778 779//779 780//780
f 781//781 782//782 783//783 784//784
f 785//785 786//786 787//787
f 788//788 789//789 790//790
f 791//791 792//792 793//793
f 794//794 795//795 796//796
f 797//797 798//798 799//799
f 800//800 801//801 802//802
f 803//803 804//804 805//805
f 806//806 807//807 808//808
f 809//809 810//810 811//811
f 812//812 813//813 814//814
f 815//815 816//816 817//817
f 818//818 819//819 820//820
f 821//821 822//822 823//823
f 824//824 825//825 826//826
f 827//827 828//828 829//829
f 830//830 831//831 832//832
f 833//833 834//834 835//835
f 836//836 837//837 838//838
f 839//839 840//840 841//841
f 842//842 843//843 844//844
f 845//845 846//846 847//847
f 848//848 849//849 850//850
f 851//851 852//852 853//853
f 854//854 855//855 856//856
f 857//857 858//858 859//859 860//860
f 861//861 862//862 863//863 864//864
f 865//865 866//866 867//867 868//868
f 869//869 870//870 871//871 872//872
f 873//873 874//874 875//875 876//876
f 877//877 878//878 879//879 880//880
f 881//881 882//882 883//883 884//884
f 885//885 886//886 887//887 888//888
f 889//889 890//890 891//891 892//892
f 893//893 894//894 895//895 896//896
f 897//897 898//898 899//899 900//900
f 901//901 902//902 903//903 904//904
f 905//905 906//906 907//907 908//908
f 909//909 910//910 911//911 912//912
f 913//913 914//914 915//915 916//916
f 917//917 918//918 919//919 920//920
f 921//921 922//922 923//923 924//924
f 925//925 926//926 927//927 928//928
f 929//929 930//930 931//931 932//932
f 933//933 934//934 935//935 936//936
f 937//937 938//938 939//939
f 940//940 941//941 942//942
f 943//943 944//944 945//945
f 946//946 947//947 948//948
f 949//949 950//950 951//951
f 952//952 953//953 954//954
f 955//955 956//956 957//957
f 958//958 959//959 960//960
f 961//961 962//962 963//963
f 964//964 965//965 966//966
f 967//967 968//968 969//969
f 970//970 971//971 972//972
f 973//973 974//974 975//975
f 976//976 977//977 978//978
f 979//979 980//980 981//981
f 982//982 983//983 984//984
f 985//985 986//986 987//987
f 988//988 989//989 990//990
f 991//991 992//992 993//993
f 994//994 995//995 996//996
f 997//997 998//998 999//999
f 1000//1000 1001//1001 1002//1002
f 1003//1003 1004//1004 1005//1005
f 1006//1006 1007//1007 1008//1008
f 1009//1009 1010//1010 1011//1011
f 1012//1012 1013//1013 1014//1014
f 1015//1015 1016//1016 1017//1017
f 1018//1018 1019//1019 1020//1020
f 1021//1021 1022//1022 1023//1023
f 1024//1024 1025//1025 1026//1026
f 1027//1027 1028//1028 1029//1029
f 1030//1030 1031//1031 1032//1032
f 1033//1033 1034//1034 1035//1035
f 1036//1036 1037//1037 1038//1038
f 1039//1039 1040//1040 1041//1041
f 1042//1042 1043//1043 1044//1044
f 1045//1045 1046//1046 1047//1047
f 1048//1048 1049//1049 1050//1050
f 1051//1051 1052//1052 1053//1053
f 1054//1054 1055//1055 1056//1056
f 1057//1057 1058//1058 1059//1059 1060//1060
f 1061//1061 1062//1062 1063//1063 1064//1064
f 1065//1065 1066//1066 1067//1067 1068//1068
f 1069//1069 1070//1070 1071//1071 1072//1072
f 1073//1073 1074//1074 1075//1075 1076//1076
f 1077//1077 1078//1078 1079//1079 1080//1080
f 1081//1081 1082//1082 1083//1083 1084//1084
f 1085//1085 1086//1086 1087//1087 1088//1088
f 1089//1089 1090//1090 1091//1091 1092//1092
f 1093//1093 1094//1094 1095//1095 1096//1096
f 1097//1097 1098//1098 1099//1099 1100//1100
f 1101//1101 1102//1102 1103//1103 1104//1104
f 1105//1105 1106//1106 1107//1107
f 1108//1108 1109//1109 1110//1110
f 1111//1111 1112//1112 1113//1113
f 1114//1114 1115//1115 1116//1116
f 1117//1117 1118//1118 1119//1119
f 1120//1120 1121//1121 1122//1122
f 1123//1123 1124//1124 1125//1125
f 1126//1126 1127//1127 1128//1128
f 1129//1129 1130//1130 1131//1131
f 1132//1132 1133//1133 1134//1134
f 1135//1135 1136//1136 1137//1137
f 1138//1138 1139//1139 1140//1140
f 1141//1141 1142//1142 1143//1143
f 1144//1144 1145//1145 1146//1146
f 1147//1147 1148//1148 1149//1149
f 1150//1150 1151//1151 1152//1152
f 1153//1153 1154//1154 1155//1155
f 1156//1156 1157//1157 1158//1158
f 1159//1159 1160//1160 1161//1161
f 1162//1162 1163//1163 1164//1164
f 1165//1165 1166//1166 1167//1167
f 1168//1168 1169//1169 1170//1170
f 1171//1171 1172//1172 1173//1173
f 1174//1174 1175//1175 1176//1176
f 1177//1177 1178//1178 1179//1179 1180//1180
f 1181//1181 1182//1182 1183//1183 1184//1184
f 1185//1185 1186//1186 1187//1187 1188//1188
f 1189//1189 1190//1190 1191//1191 1192//1192
f 1193//1193 1194//1194 1195//1195 1196//1196
f 1197//1197 1198//1198 1199//1199 1200//1200
f 1201//1201 1202//1202 1203//1203 1204//1204
f 1205//1205 1206//1206 1207//1207 1208//1208
f 1209//1209 1210//1210 1211//1211 1212//1212
f 1213//1213 1214//1214 1215//1215 1216//1216
f 1217//1217 1218//1218 1219//1219 1220//1220
f 1221//1221 1222//1222 1223//1223 1224//1224
f 1225//1225 1226//1226 1227//1227 1228//1228
f 1229//1229 1230//1230 1231//1231 1232//1232
f 1233//1233 1234//1234 1235//1235 1236//1236
f 1237//1237 1238//1238 1239//1239 1240//1240
f 1241//1241 1242//1242 1243//1243 1244//1244
f 1245//1245 1246//1246 1247//1247 1248//1248
f 1249//1249 1250//1250 1251//1251 1252//1252
f 1253//1253 1254//1254 1255//1255 1256//1256
f 1257//1257 1258//1258 1259//1259
f 1260//1260 1261//1261 1262//1262
f 1263//1263 1264//1264 1265//1265
f 1266//1266 1267//1267 1268//1268
f 1269//1269 1270//1270 1271//1271
f 1272//1272 1273//1273 1274//1274
f 1275//1275 1276//1276 1277//1277
f 1278//1278 1279//1279 1280//1280
f 1281//1281 1282//1282 1283//1283
f 1284//1284 1285//1285 1286//1286
f 1287//1287 1288//1288 1289//1289
f 1290//1290 1291//1291 1292//1292
f 1293//1293 1294//1294 1295//1295
f 1296//1296 1297//1297 1298//1298
f 1299//1299 1300//1300 1301//1301
f 1302//1302 1303//1303 1304//1304
f 1305//1305 1306//1306 1307//1307
f 1308//1308 1309//1309 1310//1310
f 1311//1311 1312//1312 1313//1313
f 1314//1314 1315//1315 1316//1316
f 1317//1317 1318//1318 1319//1319
f 1320//1320 1321//1321 1322//1322
f 1323//1323 1324//1324 1325//1325
f 1326//1326 1327//1327 1328//1328
f 1329//1329 1330//1330 1331//1331
f 1332//1332 1333//1333 1334//1334
f 1335//1335 1336//1336 1337//1337
f 1338//1338 1339//1339 1340//1340
f 1341//1341 1342//1342 1343//1343
f 1344//1344 1345//1345 1346//1346
f 1347//1347 1348//1348 1349//1349
f 1350//1350 1351//1351 1352//1352
f 1353//1353 1354//1354 1355//1355
f 1356//1356 1357//1357 1358//1358
f 1359//1359 1360//1360 1361//1361
f 1362//1362 1363//1363 1364//1364
f 1365//1365 1366//1366 1367//1367
f 1368//1368 1369//1369 1370//1370
f 1371//1371 1372//1372 1373//1373
f 1374//1374 1375//1375 1376//1376
f 1377//1377 1378//1378 1379//1379 1380//1380
f 1381//1381 1382//1382 1383//1383 1384//1384
f 1385//1385 1386//1386 1387//1387 1388//1388
f 1389//1389 1390//1390 1391//1391 1392//1392
f 1393//1393 1394//1394 1395//1395 1396//1396
f 1397//1397 1398//1398 1399//1399 1400//1400
f 1401//1401 1402//1402 1403//1403 1404//1404
f 1405//1405 1406//1406 1407//1407 1408//1408
f 1409//1409 1410//1410 1411//1411 1412//1412
f 1413//1413 1414//1414 1415//1415 1416//1416
f 1417//1417 1418//1418 1419//1419 1420//1420
f 1421//1421 1422//1422 1423//1423 1424//1424
f 1425//1425 1426//1426 1427//1427
f 1428//1428 1429//1429 1430//1430
f 1431//1431 1432//1432 1433//1433
f 1434//1434 1435//1435 1436//1436
f 1437//1437 1438//1438 1439//1439
f 1440//1440 1441//1441 1442//1442
f 1443//1443 1444//1444 1445//1445
f 1446//1446 1447//1447 1448//1448
f 1449//1449 1450//1450 1451//1451
f 1452//1452 1453//1453 1454//1454
f 1455//1455 1456//1456 1457//1457
f 1458//1458 1459//1459 1460//1460
f 1461//1461 1462//1462 1463//1463
f 1464//1464 1465//1465 1466//1466
f 1467//1467 1468//1468 1469//1469
f 1470//1470 1471//1471 1472//1472
f 1473//1473 1474//1474 1475//1475
f 1476//1476 1477//1477 1478//1478
f 1479//1479 1480//1480 1481//1481
f 1482//1482 1483//1483 1484//1484
f 1485//1485 1486//1486 1487//1487
f 1488//1488 1489//1489 1490//1490
f 1491//1491 1492//1492 1493//1493
f 1494//1494 1495//1495 1496//1496
f 1497//1497 1498//1498 1499//1499 1500//1500
f 1501//1501 1502//1502 1503//1503 1504//1504
f 1505//1505 1506//1506 1507//1507 1508//1508
f 1509//1509 1510//1510 1511//1511 1512//1512
f 1513//1513 1514//1514 1515//1515 1516//1516
f 1517//1517 1518//1518 1519//1519 1520//1520
f 1521//1521 1522//1522 1523//1523 1524//1524
f 1525//1525 1526//1526 1527//1527 1528//1528
f 1529//1529 1530//1530 1531//1531 1532//1532
f 1533//1533 1534//1534 1535//1535 1536//1536
f 1537//1537 1538//1538 1539//1539 1540//1540
f 1541//1541 1542//1542 1543//1543 1544//1544
f 1545//1545 1546//1546 1547//1547 1548//1548
f 1549//1549 1550//1550 1551//1551 1552//1552
f 1553//1553 1554//1554 1555//1555 1556//1556
f 1557//1557 1558//1558 1559//1559 1560//1560
f 1561//1561 1562//1562 1563//1563 1564//1564
f 1565//1565 1566//1566 1567//1567 1568//1568
f 1569//1569 1570//1570 1571//1571 1572//1572
f 1573//1573 1574//1574 1575//1575 1576//1576
f 1577//1577 1578//1578 1579//1579
f 1580//1580 1581//1581 1582//1582
f 1583//1583 1584//1584 1585//1585
f 1586//1586 1587//1587 1588//1588
f 1589//1589 1590//1590 1591//1591
f 1592//1592 1593//1593 1594//1594
f 1595//1595 1596//1596 1597//1597
f 1598//1598 1599//1599 1600//1600
f 1601//1601 1602//1602 1603//1603
f 1604//1604 1605//1605 1606//1606
f 1607//1607 1608//1608 1609//1609
f 1610//1610 1611//1611 1612//1612
f 1613//1613 1614//1614 1615//1615
f 1616//1616 1617//1617 1618//1618
f 1619//1619 1620//1620 1621//1621
f 1622//1622 1623//1623 1624//1624
f 1625//1625 1626//1626 1627//1627
f 1628//1628 1629//1629 1630//1630
f 1631//1631 1632//1632 1633//1633
f 1634//1634 1635//1635 1636//1636
f 1637//1637 1638//1638 1639//1639
f 1640//1640 1641//1641 1642//1642
f 1643//1643 1644//1644 1645//1645
f 1646//1646 1647//1647 1648//1648
f 1649//1649 1650//1650 1651//1651
f 1652//1652 1653//1653 1654//1654
f 1655//1655 1656//1656 1657//1657
f 1658//1658 1659//1659 1660//1660
f 1661//1661 1662//1662 1663//1663
f 1664//1664 1665//1665 1666//1666
f 1667//1667 1668//1668 1669//1669
f 1670//1670 1671//1671 1672//1672
f 1673//1673 1674//1674 1675//1675
f 1676//1676 1677//1677 1678//1678
f 1679//1679 1680//1680 1681//1681
f 1682//1682 1683//1683 1684//1684
f 1685//1685 1686//1686 1687//1687
f 1688//1688 1689//1689 1690//1690
f 1691//1691 1692//1692 1693//1693
f 1694//1694 1695//1695 1696//1696
f 1697//1697 1698//1698 1699//1699 1700//1700
f 1701//1701 1702//1702 1703//1703 1704//1704
f 1705//1705 1706//1706 1707//1707 1708//1708
f 1709//1709 1710//1710 1711//1711 1712//1712
f 1713//1713 1714//1714 1715//1715 1716//1716
f 1717//1717 1718//1718 1719//1719 1720//1720
f 1721//1721 1722//1722 1723//1723 1724//1724
f 1725//1725 1726//1726 1727//1727 1728//1728
f 1729//1729 1730//1730 1731//1731 1732//1732
f 1733//1733 1734//1734 1735//1735 1736//1736
f 1737//1737 1738//1738 1739//1739 1740//1740
f 1741//1741 1742//1742 1743//1743 1744//1744
f 1745//1745 1746//1746 1747//1747
f 1748//1748 1749//1749 1750//1750
f 1751//1751 1752//1752 1753//1753
f 1754//1754 1755//1755 1756//1756
f 1757//1757 1758//1758 1759//1759
f 1760//1760 1761//1761 1762//1762
f 1763//1763 1764//1764 1765//1765
f 1766//1766 1767//1767 1768//1768
f 1769//1769 1770//1770 1771//1771
f 1772//1772 1773//1773 1774//1774
f 1775//1775 1776//1776 1777//1777
f 1778//1778 1779//1779 1780//1780
f 1781//1781 1782//1782 1783//1783
f 1784//1784 1785//1785 1786//1786
f 1787//1787 1788//1788 1789//1789
f 1790//1790 1791//1791 1792//1792
f 1793//1793 1794//1794 1795//1795
f 1796//1796 1797//1797 1798//1798
f 1799//1799 1800//1800 1801//1801
f 1802//1802 1803//1803 1804//1804
f 1805//1805 1806//1806 1807//1807
f 1808//1808 1809//1809 1810//1810
f 1811//1811 1812//1812 1813//1813
f 1814//1814 1815//1815 1816//1816
f 1817//1817 1818//1818 1819//1819 1820//1820
f 1821//1821 1822//1822 1823//1823 1824//1824
f 1825//1825 1826//1826 1827//1827 1828//1828
f 1829//1829 1830//1830 1831//1831 1832//1832
f 1833//1833 1834//1834 1835//1835 1836//1836
f 1837//1837 1838//1838 1839//1839 1840//1840
f 1841//1841 1842//1842 1843//1843 1844//1844
f 1845//1845 1846//1846 1847//1847 1848//1848
f 1849//1849 1850//1850 1851//1851 1852//1852
f 1853//1853 1854//1854 1855//1855 1856//1856
f 1857//1857 1858//1858 1859//1859 1860//1860
f 1861//1861 1862//1862 1863//1863 1864//1864
f 1865//1865 1866//1866 1867//1867 1868//1868
f 1869//1869 1870//1870 1871//1871 1872//1872
f 1873//1873 1874//1874 1875//1875 1876//1876
f 1877//1877 1878//1878 1879//1879 1880//1880
f 1881//1881 1882//1882 1883//1883 1884//1884
f 1885//1885 1886//1886 1887//1887 1888//1888
f 1889//1889 1890//1890 1891//1891 1892//1892
f 1893//1893 1894//1894 1895//1895 1896//1896
f 1897//1897 1898//1898 1899//1899
f 1900//1900 1901//1901 1902//1902
f 1903//1903 1904//1904 1905//1905
f 1906//1906 1907//1907 1908//1908
f 1909//1909 1910//1910 1911//1911
f 1912//1912 1913//1913 1914//1914
f 1915//1915 1916//1916 1917//1917
f 1918//1918 1919//1919 1920//1920
f 1921//1921 1922//1922 1923//1923
f 1924//1924 1925//1925 1926//1926
f 1927//1927 1928//1928 1929//1929
f 1930//1930 1931//1931 1932//1932
f 1933//1933 1934//1934 1935//1935
f 1936//1936 1937//1937 1938//1938
f 1939//1939 1940//1940 1941//1941
f 1942//1942 1943//1943 1944//1944
f 1945//1945 1946//1946 1947//1947
f 1948//1948 1949//1949 1950//1950
f 1951//1951 1952//1952 1953//1953
f 1954//1954 1955//1955 1956//1956
f 1957//1957 1958//1958 1959//1959
f 1960//1960 1961//1961 1962//1962
f 1963//1963 1964//1964 1965//1965
f 1966//1966 1967//1967 1968//1968
f 1969//1969 1970//1970 1971//1971
f 1972//1972 1973//1973 1974//1974
f 1975//1975 1976//1976 1977//1977
f 1978//1978 1979//1979 1980//1980
f 1981//1981 1982//1982 1983//1983
f 1984//1984 1985//1985 1986//1986
f 1987//1987 1988//1988 1989//1989
f 1990//1990 1991//1991 1992//1992
f 1993//1993 1994//1994 1995//1995
f 1996//1996 1997//1997 1998//1998
f 1999//1999 2000//2000 2001//2001
f 2002//2002 2003//2003 2004//2004
f 2005//2005 2006//2006 2007//2007
f 2008//2008 2009//2009 2010//2010
f 2011//2011 2012//2012 2013//2013
f 2014//2014 2015//2015 2016//2016
f 2017//2017 2018//2018 2019//2019 2020//2020
f 2021//2021 2022//2022 2023//2023 2024//2024
f 2025//2025 2026//2026 2027//2027 2028//2028
f 2029//2029 2030//2030 2031//2031 2032//2032
f 2033//2033 2034//2034 2035//2035 2036//2036
f 2037//2037 2038//2038 2039//2039 2040//2040
f 2041//2041 2042//2042 2043//2043 2044//2044
f 2045//2045 2046//2046 2047//2047 2048//2048
f 2049//2049 2050//2050 2051//2051 2052//2052
f 2053//2053 2054//2054 2055//2055 2056//2056
f 2057//2057 2058//2058 2059//2059 2060//2060
f 2061//2061 2062//2062 2063//2063 2064//2064
f 2065//2065 2066//2066 2067//2067
f 2068//2068 2069//2069 2070//2070
f 2071//2071 2072//2072 2073//2073
f 2074//2074 2075//2075 2076//2076
f 2077//2077 2078//2078 2079//2079
f 2080//2080 2081//2081 2082//2082
f 2083//2083 2084//2084 2085//2085
f 2086//2086 2087//2087 2088//2088
f 2089//2089 2090//2090 2091//2091
f 2092//2092 2093//2093 2094//2094
f 2095//2095 2096//2096 2097//2097
f 2098//2098 2099//2099 2100//2100
f 2101//2101 2102//2102 2103//2103
f 2104//2104 2105//2105 2106//2106
f 2107//2107 2108//2108 2109//2109
f 2110//2110 2111//2111 2112//2112
f 2113//2113 2114//2114 2115//2115
f 2116//2116 2117//2117 2118//2118
f 2119//2119 2120//2120 2121//2121
f 2122//2122 2123//2123 2124//2124
f 2125//2125 2126//2126 2127//2127
f 2128//2128 2129//2129 2130//2130
f 2131//2131 2132//2132 2133//2133
f 2134//2134 2135//2135 2136//2136
f 2137//2137 2138//2138 2139//2139 2140//2140
f 2141//2141 2142//2142 2143//2143 2144//2144
f 2145//2145 2146//2146 2147//2147 2148//2148
f 2149//2149 2150//2150 2151//2151 2152//2152
f 2153//2153 2154//2154 2155//2155 2156//2156
f 2157//2157 2158//2158 2159//2159 2160//2160
f 2161//2161 2162//2162 2163//2163 2164//2164
f 2165//2165 2166//2166 2167//2167 2168//2168
f 2169//2169 2170//2170 2171//2171 2172//2172
f 2173//2173 2174//2174 2175//2175 2176//2176
f 2177//2177 2178//2178 2179//2179 2180//2180
f 2181//2181 2182//2182 2183//2183 2184//2184
f 2185//2185 2186//2186 2187//2187 2188//2188
f 2189//2189 2190//2190 2191//2191 2192//2192
f 2193//2193 2194//2194 2195//2195 2196//2196
f 2197//2197 2198//2198 2199//2199 2200//2200
f 2201//2201 2202//2202 2203//2203 2204//2204
f 2205//2205 2206//2206 2207//2207 2208//2208
f 2209//2209 2210//2210 2211//2211 2212//2212
f 2213//2213 2214//2214 2215//2215 2216//2216
f 2217//2217 2218//2218 2219//2219
f 2220//2220 2221//2221 2222//2222
f 2223//2223 2224//2224 2225//2225
f 2226//2226 2227//2227 2228//2228
f 2229//2229 2230//2230 2231//2231
f 2232//2232 2233//2233 2234//2234
f 2235//2235 2236//2236 2237//2237
f 2238//2238 2239//2239 2240//2240
f 2241//2241 2242//2242 2243//2243
f 2244//2244 2245//2245 2246//2246
f 2247//2247 2248//2248 2249//2249
f 2250//2250 2251//2251 2252//2252
f 2253//2253 2254//2254 2255//2255
f 2256//2256 2257//2257 2258//2258
f 2259//2259 2260//2260 2261//2261
f 2262//2262 2263//2263 2264//2264
f 2265//2265 2266//2266 2267//2267
f 2268//2268 2269//2269 2270//2270
f 2271//2271 2272//2272 2273//2273
f 2274//2274 2275//2275 2276//2276
f 2277//2277 2278//2278 2279//2279
f 2280//2280 2281//2281 2282//2282
f 2283//2283 2284//2284 2285//2285
f 2286//2286 2287//2287 2288//2288
f 2289//2289 2290//2290 2291//2291
f 2292//2292 2293//2293 2294//2294
f 2295//2295 2296//2296 2297//2297
f 2298//2298 2299//2299 2300//2300
f 2301//2301 2302//2302 2303//2303
f 2304//2304 2305//2305 2306//2306
f 2307//2307 2308//2308 2309//2309
f 2310//2310 2311//2311 2312//2312
f 2313//2313 2314//2314 2315//2315
f 2316//2316 2317//2317 2318//2318
f 2319//2319 2320//2320 2321//2321
f 2322//2322 2323//2323 2324//2324
f 2325//2325 2326//2326 2327//2327
f 2328//2328 2329//2329 2330//2330
f 2331//2331 2332//2332 2333//2333
f 2334//2334 2335//2335 2336//2336
f 2337//2337 2338//2338 2339//2339 2340//2340
f 2341//2341 2342//2342 2343//2343 2344//2344
f 2345//2345 2346//2346 2347//2347 2348//2348
f 2349//2349 2350//2350 2351//2351 2352//2352
f 2353//2353 2354//2354 2355//2355 2356//2356
f 2357//2357 2358//2358 2359//2359 2360//2360
f 2361//2361 2362//2362 2363//2363 2364//2364
f 2365//2365 2366//2366 2367//2367 2368//2368
f 2369//2369 2370//2370 2371//2371 2372//2372
f 2373//2373 2374//2374 2375//2375 2376//2376
f 2377//2377 2378//2378 2379//2379 2380//2380
f 2381//2381 2382//2382 2383//2383 2384//2384
f 2385//2385 2386//2386 2387//2387
f 2388//2388 2389//2389 2390//2390
f 2391//2391 2392//2392 2393//2393
f 2394//2394 2395//2395 2396//2396
f 2397//2397 2398//2398 2399//2399
f 2400//2400 2401//2401 2402//2402
f 2403//2403 2404//2404 2405//2405
f 2406//2406 2407//2407 2408//2408
f 2409//2409 2410//2410 2411//2411
f 2412//2412 2413//2413 2414//2414
f 2415//2415 2416//2416 2417//2417
f 2418//2418 2419//2419 2420//2420
f 2421//2421 2422//2422 2423//2423
f 2424//2424 2425//2425 2426//2426
f 2427//2427 2428//2428 2429//2429
f 2430//2430 2431//2431 2432//2432
f 2433//2433 2434//2434 2435//2435
f 2436//2436 2437//2437 2438//2438
f 2439//2439 2440//2440 2441//2441
f 2442//2442 2443//2443 2444//2444
f 2445//2445 2446//2446 2447//2447
f 2448//2448 2449//2449 2450//2450
f 2451//2451 2452//2452 2453//2453
f 2454//2454 2455//2455 2456//2456
f 2457//2457 2458//2458 2459//2459 2460//2460
f 2461//2461 2462//2462 2463//2463 2464//2464
f 2465//2465 2466//2466 2467//2467 2468//2468
f 2469//2469 2470//2470 2471//2471 2472//2472
f 2473//2473 2474//2474 2475//2475 2476//2476
f 2477//2477 2478//2478 2479//2479 2480//2480
f 2481//2481 2482//2482 2483//2483 2484//2484
f 2485//2485 2486//2486 2487//2487 2488//2488
f 2489//2489 2490//2490 2491//2491 2492//2492
f 2493//2493 2494//2494 2495//2495 2496//2496
f 2497//2497 2498//2498 2499//2499 2500//2500
f 2501//2501 2502//2502 2503//2503 2504//2504
f 2505//2505 2506//2506 2507//2507 2508//2508
f 2509//2509 2510//2510 2511//2511 2512//2512
f 2513//2513 2514//2514 2515//2515 2516//2516
f 2517//2517 2518//2518 2519//2519 2520//2520
f 2521//2521 2522//2522 2523//2523 2524//2524
f 2525//2525 2526//2526 2527//2527 2528//2528
f 2529//2529 2530//2530 2531//2531 2532//2532
f 2533//2533 2534//2534 2535//2535 2536//2536
f 2537//2537 2538//2538 2539//2539
f 2540//2540 2541//2541 2542//2542
f 2543//2543 2544//2544 2545//2545
f 2546//2546 2547//2547 2548//2548
f 2549//2549 2550//2550 2551//2551
f 2552//2552 2553//2553 2554//2554
f 2555//2555 2556//2556 2557//2557
f 2558//2558 2559//2559 2560//2560
f 2561//2561 2562//2562 2563//2563
f 2564//2564 2565//2565 2566//2566
f 2567//2567 2568//2568 2569//2569
f 2570//2570 2571//2571 2572//2572
f 2573//2573 2574//2574 2575//2575
f 2576//2576 2577//2577 2578//2578
f 2579//2579 2580//2580 2581//2581
f 2582//2582 2583//2583 2584//2584
f 2585//2585 2586//2586 2587//2587
f 2588//2588 2589//2589 2590//2590
f 2591//2591 2592//2592 2593//2593
f 2594//2594 2595//2595 2596//2596
f 2597//2597 2598//2598 2599//2599
f 2600//2600 2601//2601 2602//2602
f 2603//2603 2604//2604 2605//2605
f 2606//2606 2607//2607 2608//2608
f 2609//2609 2610//2610 2611//2611
f 2612//2612 2613//2613 2614//2614
f 2615//2615 2616//2616 2617//2617
f 2618//2618 2619//2619 2620//2620
f 2621//2621 2622//2622 2623//2623
f 2624//2624 2625//2625 2626//2626
f 2627//2627 2628//2628 2629//2629
f 2630//2630 2631//2631 2632//2632
f 2633//2633 2634//2634 2635//2635
f 2636//2636 2637//2637 2638//2638
f 2639//2639 2640//2640 2641//2641
f 2642//2642 2643//2643 2644//2644
f 2645//2645 2646//2646 2647//2647
f 2648//2648 2649//2649 2650//2650
f 2651//2651 2652//2652 2653//2653
f 2654//2654 2655//2655 2656//2656
f 2657//2657 2658//2658 2659//2659 2660//2660
f 2661//2661 2662//2662 2663//2663 2664//2664
f 2665//2665 2666//2666 2667//2667 2668//2668
f 2669//2669 2670//2670 2671//2671 2672//2672
f 2673//2673 2674//2674 2675//2675 2676//2676
f 2677//2677 2678//2678 2679//2679 2680//2680
f 2681//2681 2682//2682 2683//2683 2684//2684
f 2685//2685 2686//2686 2687//2687 2688//2688
f 2689//2689 2690//2690 2691//2691 2692//2692
f 2693//2693 2694//2694 2695//2695 2696//2696
f 2697//2697 2698//2698 2699//2699 2700//2700
f 2701//2701 2702//2702 2703//2703 2704//2704
f 2705//2705 2706//2706 2707//2707
f 2708//2708 2709//2709 2710//2710
f 2711//2711 2712//2712 2713//2713
f 2714//2714 2715//2715 2716//2716
f 2717//2717 2718//2718 2719//2719
f 2720//2720 2721//2721 2722//2722
f 2723//2723 2724//2724 2725//2725
f 2726//2726 2727//2727 2728//2728
f 2729//2729 2730//2730 2731//2731
f 2732//2732 2733//2733 2734//2734
f 2735//2735 2736//2736 2737//2737
f 2738//2738 2739//2739 2740//2740
f 2741//2741 2742//2742 2743//2743
f 2744//2744 2745//2745 2746//2746
f 2747//2747 2748//2748 2749//2749
f 2750//2750 2751//2751 2752//2752
f 2753//2753 2754//2754 2755//2755
f 2756//2756 2757//2757 2758//2758
f 2759//2759 2760//2760 2761//2761
f 2762//2762 2763//2763 2764//2764
f 2765//2765 2766//2766 2767//2767
f 2768//2768 2769//2769 2770//2770
f 2771//2771 2772//2772 2773//2773
f 2774//2774 2775//2775 2776//2776
f 2777//2777 2778//2778 2779//2779 2780//2780
f 2781//2781 2782//2782 2783//2783 2784//2784
f 2785//2785 2786//2786 2787//2787 2788//2788
f 2789//2789 2790//2790 2791//2791 2792//2792
f 2793//2793 2794//2794 2795//2795 2796//2796
f 2797//2797 2798//2798 2799//2799 2800//2800
f 2801//2801 2802//2802 2803//2803 2804//2804
f 2805//2805 2806//2806 2807//2807 2808//2808
f 2809//2809 2810//2810 2811//2811 2812//2812
f 2813//2813 2814//2814 2815//2815 2816//2816
f 2817//2817 2818//2818 2819//2819 2820//2820
f 2821//2821 2822//2822 2823//2823 2824//2824
f 2825//2825 2826//2826 2827//2827 2828//2828
f 2829//2829 2830//2830 2831//2831 2832//2832
f 2833//2833 2834//2834 2835//2835 2836//2836
f 2837//2837 2838//2838 2839//2839 2840//2840
f 2841//2841 2842//2842 2843//2843 2844//2844
f 2845//2845 2846//2846 2847//2847 2848//2848
f 2849//2849 2850//2850 2851//2851 2852//2852
f 2853//2853 2854//2854 2855//2855 2856//2856
f 2857//2857 2858//2858 2859//2859
f 2860//2860 2861//2861 2862//2862
f 2863//2863 2864//2864 2865//2865
f 2866//2866 2867//2867 2868//2868
f 2869//2869 2870//2870 2871//2871
f 2872//2872 2873//2873 2874//2874
f 2875//2875 2876//2876 2877//2877
f 2878//2878 2879//2879 2880//2880
f 2881//2881 2882//2882 2883//2883
f 2884//2884 2885//2885 2886//2886
f 2887//2887 2888//2888 2889//2889
f 2890//2890 2891//2891 2892//2892
f 2893//2893 2894//2894 2895//2895
f 2896//2896 2897//2897 2898//2898
f 2899//2899 2900//2900 2901//2901
f 2902//2902 2903//2903 2904//2904
f 2905//2905 2906//2906 2907//2907
f 2908//2908 2909//2909 2910//2910
f 2911//2911 2912//2912 2913//2913
f 2914//2914 2915//2915 2916//2916
f 2917//2917 2918//2918 2919//2919
f 2920//2920 2921//2921 2922//2922
f 2923//2923 2924//2924 2925//2925
f 2926//2926 2927//2927 2928//2928
f 2929//2929 2930//2930 2931//2931
f 2932//2932 2933//2933 2934//2934
f 2935//2935 2936//2936 2937//2937
f 2938//2938 2939//2939 2940//2940
f 2941//2941 2942//2942 2943//2943
f 2944//2944 2945//2945 2946//2946
f 2947//2947 2948//2948 2949//2949
f 2950//2950 2951//2951 2952//2952
f 2953//2953 2954//2954 2955//2955
f 2956//2956 2957//2957 2958//2958
f 2959//2959 2960//2960 2961//2961
f 2962//2962 2963//2963 2964//2964
f 2965//2965 2966//2966 2967//2967
f 2968//2968 2969//2969 2970//2970
f 2971//2971 2972//2972 2973//2973
f 2974//2974 2975//2975 2976//2976
f 2977//2977 2978//2978 2979//2979 2980//2980
f 2981//2981 2982//2982 2983//2983 2984//2984
f 2985//2985 2986//2986 2987//2987 2988//2988
f 2989//2989 2990//2990 2991//2991 2992//2992
f 2993//2993 2994//2994 2995//2995 2996//2996
f 2997//2997 2998//2998 2999//2999 3000//3000
f 3001//3001 3002//3002 3003//3003 3004//3004
f 3005//3005 3006//3006 3007//3007 3008//3008
f 3009//3009 3010//3010 3011//3011 3012//3012
f 3013//3013 3014//3014 3015//3015 3016//3016
f 3017//3017 3018//3018 3019//3019 3020//3020
f 3021//3021 3022//3022 3023//3023 3024//3024
f 3025//3025 3026//3026 3027//3027
f 3028//3028 3029//3029 3030//3030
f 3031//3031 3032//3032 3033//3033
f 3034//3034 3035//3035 3036//3036
f 3037//3037 3038//3038 3039//3039
f 3040//3040 3041//3041 3042//3042
f 3043//3043 3044//3044 3045//3045
f 3046//3046 3047//3047 3048//3048
f 3049//3049 3050//3050 3051//3051
f 3052//3052 3053//3053 3054//3054
f 3055//3055 3056//3056 3057//3057
f 3058//3058 3059//3059 3060//3060
f 3061//3061 3062//3062 3063//3063
f 3064//3064 3065//3065 3066//3066
f 3067//3067 3068//3068 3069//3069
f 3070//3070 3071//3071 3072//3072
f 3073//3073 3074//3074 3075//3075
f 3076//3076 3077//3077 3078//3078
f 3079//3079 3080//3080 3081//3081
f 3082//3082 3083//3083 3084//3084
f 3085//3085 3086//3086 3087//3087
f 3088//3088 3089//3089 3090//3090
f 3091//3091 3092//3092 3093//3093
f 3094//3094 3095//3095 3096//3096
g fender
f 3097//3097 3098//3098 3099//3099 3100//3100
f 3101//3101 3102//3102 3103//3103 3104//3104
f 3105//3105 3106//3106 3107//3107 3108//3108
f 3109//3109 3110//3110 3111//3111 3112//3112
f 3113//3113 3114//3114 3115//3115 3116//3116
f 3117//3117 3118//3118 3119//3119 3120//3120
f 3121//3121 3122//3122 3123//3123 3124//3124
f 3125//3125 3126//3126 3127//3127 3128//3128
f 3129//3129 3130//3130 3131//3131 3132//3132
f 3133//3133 3134//3134 3135//3135 3136//3136
f 3137//3137 3138//3138 3139//3139 3140//3140
f 3141//3141 3142//3142 3143//3143 3144//3144
